source_path (relative to the build workspace dir),md5,bytes,stored_as (duplicates point at the first copy)
body-v2/README.md,ba2463858e1db16ffcf3d088a7d6525d,7664,body-v2/README.md
body-v2/build_report.json,ac023d3c078bfc5bc4c8169b0595d431,3321,body-v2/build_report.json
body-v2/collide_report.json,a3a3d5b93bea9f16ac753d9fc3826842,7730,body-v2/collide_report.json
body-v2/sim/README.md,af585876cc3c786c72e600276c9b7c32,6196,body-v2/sim/README.md
body-v2/sim/mass_report_opt1.json,f5c5b6606749eb1693d01ba833d6139c,12050,body-v2/sim/mass_report_opt1.json
body-v2/sim/mass_report_stock.json,be054253ed8f674d57a6df952c9e26d3,10660,body-v2/sim/mass_report_stock.json
body-v2/sim/mass_report_v2.json,1f783a649066b8e091bb5fe3d0998e7c,11874,body-v2/sim/mass_report_v2.json
body-v2/sim/plot_stability.png,6baea14b3af5576c9bde32ab6a61a6ff,54645,body-v2/sim/plot_stability.png
body-v2/sim/plot_trace_stock.png,bf42955a5e327d9d259b7e526d146009,244101,body-v2/sim/plot_trace_stock.png
body-v2/sim/plot_trace_v2.png,91774e02b78d2b458ea19599a3b62c63,193112,body-v2/sim/plot_trace_v2.png
body-v2/sim/plot_walk_torque.png,bc82e433356bbb12efe922cb4123936f,67080,body-v2/sim/plot_walk_torque.png
body-v2/sim/plot_weight_shift.png,a075c9ff5e2323119b2dcb75b70e5d73,43402,body-v2/sim/plot_weight_shift.png
body-v2/sim/push_recovery_stock.mp4,157881266e2486b770bbb9d327f66e12,330639,body-v2/sim/push_recovery_stock.mp4
body-v2/sim/push_recovery_v2.mp4,4340ba1be64b8e2bb54f53a37ca23309,488633,body-v2/sim/push_recovery_v2.mp4
body-v2/sim/results_opt1.json,62080f7f5f610e24216d28a886c55897,7834,body-v2/sim/results_opt1.json
body-v2/sim/results_stock.json,1d1e8444f4496dab8e0afcb04a41e526,7639,body-v2/sim/results_stock.json
body-v2/sim/results_v2.json,5ac079d52ac977a93ad9c78c017f825a,8068,body-v2/sim/results_v2.json
body-v2/sim/sensitivity_v2.json,844bc88a552e8589295df67c5a035025,2359,body-v2/sim/sensitivity_v2.json
body-v2/sim/walk_stock.json,af49bfecbac439cb5d7968201b46ed72,2910,body-v2/sim/walk_stock.json
body-v2/sim/walk_stock.mp4,dffe8eeff6ef8093df22511f2fe49d61,825498,body-v2/sim/walk_stock.mp4
body-v2/sim/walk_stock_eff.json,66cd638ff73eca24d71c18a83bb9139c,2910,body-v2/sim/walk_stock_eff.json
body-v2/sim/walk_stock_eff.mp4,7d3ce52dde5899b1bf1f32d3bea73ee5,804698,body-v2/sim/walk_stock_eff.mp4
body-v2/sim/walk_v2.json,78d363b0cef3b6fdfe3c965c58b8524c,3342,body-v2/sim/walk_v2.json
body-v2/sim/walk_v2.mp4,d63a00aada2af0ce0719c10c1d8d95f3,934937,body-v2/sim/walk_v2.mp4
body-v2/sim/walk_v2_eff.json,91f4c201bc10719369bc946077fed175,3358,body-v2/sim/walk_v2_eff.json
body-v2/sim/walk_v2_eff.mp4,743b426b97a1fd53c268a650e7bf9ae8,864232,body-v2/sim/walk_v2_eff.mp4
body-v3/README.md,d5dfb182350ce2de808eda08cc549acc,8398,body-v3/README.md
body-v3/build_report.json,9b61b0593017977b40a0fa0bb4b44977,9420,body-v3/build_report.json
body-v3/collide_report.json,139d47ead7e99b3e4f3d8f96d37be113,33632,body-v3/collide_report.json
body-v3/servo_choice.md,21c463a0f09c46a1cb40f84fa5147d3c,5952,body-v3/servo_choice.md
body-v3/measure/photo_measure.json,5832cf5aab493edae31cd598e050fc53,2746,body-v3/measure/photo_measure.json
body-v3/measure/targets.json,7b665a9c4ecd33771be6d5312f1cfcdb,5282,body-v3/measure/targets.json
body-v3/sim/README.md,460e0f4d31c9d2942b29aa73734df930,7316,body-v3/sim/README.md
body-v3/sim/arm_heat_v2.json,bc311c1775b81c9405219b9bbff5ec13,4223,body-v3/sim/arm_heat_v2.json
body-v3/sim/arm_heat_v3.json,24f0f1621b09d575497b233327d5af34,4223,body-v3/sim/arm_heat_v3.json
body-v3/sim/compare_stock_v2_v3.json,0ed3b329d48797a6244eeffa2d5fde08,3805,body-v3/sim/compare_stock_v2_v3.json
body-v3/sim/compare_stock_v2_v3.md,895225c90e71fdfa98f1516ec893a8b1,2949,body-v3/sim/compare_stock_v2_v3.md
body-v3/sim/head_arms_v3.mp4,85f9b07588a6746c061c19cbc60dc55f,174196,body-v3/sim/head_arms_v3.mp4
body-v3/sim/mass_report_v3.json,ff65dbd84a68ba5e0bb13abda2d396d2,12532,body-v3/sim/mass_report_v3.json
body-v3/sim/plot_compare.png,2457a623d2f320f37f590b6d2c9af28b,58887,body-v3/sim/plot_compare.png
body-v3/sim/push_recovery_v3.mp4,d4d3438c20a0ac395cfb1c8b8ce1a26f,433255,body-v3/sim/push_recovery_v3.mp4
body-v3/sim/results_v3.json,e91a5d8c46c37b6547966407c5d77848,8025,body-v3/sim/results_v3.json
body-v3/sim/walk_v3.json,f6dfc33626937c34a72b551e33684da3,3337,body-v3/sim/walk_v3.json
body-v3/sim/walk_v3.mp4,41bfc399374a0884fe14f7709a62ec52,924363,body-v3/sim/walk_v3.mp4
body-v3/sim/walk_v3_eff.json,394deba9fbf961cf5d88aae40d78c2e6,3347,body-v3/sim/walk_v3_eff.json
body-v3/sim/walk_v3_eff.mp4,ee76d2061b547ce4dfd893953c79e40f,976749,body-v3/sim/walk_v3_eff.mp4
body-v3.1/README.md,62cf5740b1281b505a1e2bb98d536030,8478,body-v3.1/README.md
body-v3.1/README_v3.md,d5dfb182350ce2de808eda08cc549acc,8398,body-v3/README.md
body-v3.1/build_report.json,f676bb3d55fd54df78b77a8a42d50ddb,12106,body-v3.1/build_report.json
body-v3.1/collide_report.json,a18cac6ca4a8a34e14263b9e0c332dfb,28494,body-v3.1/collide_report.json
body-v3.1/collide_v31_rule_check.json,2cfb89f60ed078067a5b0d563369f90c,129,body-v3.1/collide_v31_rule_check.json
body-v3.1/servo_choice.md,316473d63f90ad6a5649462db90ee4c3,7062,body-v3.1/servo_choice.md
body-v3.1/measure/photo_measure.json,5832cf5aab493edae31cd598e050fc53,2746,body-v3/measure/photo_measure.json
body-v3.1/measure/targets.json,7b665a9c4ecd33771be6d5312f1cfcdb,5282,body-v3/measure/targets.json
body-v3.1/measure/v31_measure.json,7770567faa6c6ee5ce5e18b1da51c474,1121,body-v3.1/measure/v31_measure.json
body-v3.1/sim/README.md,f9a64dca32a373016e65b29e999b8e4e,10250,body-v3.1/sim/README.md
body-v3.1/sim/arm_heat_v2.json,bc311c1775b81c9405219b9bbff5ec13,4223,body-v3/sim/arm_heat_v2.json
body-v3.1/sim/arm_heat_v3.json,2126fcc62fd7d3c396dcb7770419204a,4220,body-v3.1/sim/arm_heat_v3.json
body-v3.1/sim/compare_stock_v2_v3.json,0ed3b329d48797a6244eeffa2d5fde08,3805,body-v3/sim/compare_stock_v2_v3.json
body-v3.1/sim/compare_stock_v2_v3.md,895225c90e71fdfa98f1516ec893a8b1,2949,body-v3/sim/compare_stock_v2_v3.md
body-v3.1/sim/compare_v3_v31.json,7e29f9219c9b23c6c5982ab3a1a89db3,2829,body-v3.1/sim/compare_v3_v31.json
body-v3.1/sim/compare_v3_v31.md,175081c021dce15c7e987872af0ac43f,1611,body-v3.1/sim/compare_v3_v31.md
body-v3.1/sim/mass_report_v3.json,b22177cef249a8bc99fcb2f57bb05878,12902,body-v3.1/sim/mass_report_v3.json
body-v3.1/sim/plot_compare.png,2457a623d2f320f37f590b6d2c9af28b,58887,body-v3/sim/plot_compare.png
body-v3.1/sim/results_v3.json,510d1456468455e8152b440555672307,8029,body-v3.1/sim/results_v3.json
body-v3.1/sim/v31_head_arms_v3.mp4,48a7d3e494eb7931d9cf1ae21757dc2d,158269,body-v3.1/sim/v31_head_arms_v3.mp4
body-v3.1/sim/v31_push_recovery_v3.mp4,3ab9571e7c6a56d8814a84cbb6aa1c72,381814,body-v3.1/sim/v31_push_recovery_v3.mp4
body-v3.1/sim/v31_walk_v3.mp4,f8b129b2c60318bb3e51ceb73bc7391b,956000,body-v3.1/sim/v31_walk_v3.mp4
body-v3.1/sim/v31_walk_v3_eff.mp4,854d3e13fb48f5733b015b48fa7595c0,983294,body-v3.1/sim/v31_walk_v3_eff.mp4
body-v3.1/sim/walk_v3.json,21a198ab40b540b4e3398bd7bdd66988,3094,body-v3.1/sim/walk_v3.json
body-v3.1/sim/walk_v3_eff.json,031ec90a823c37124efb0f9b271545e0,3102,body-v3.1/sim/walk_v3_eff.json
body-v3.1/sim/v3_ref/arm_heat_v3.json,24f0f1621b09d575497b233327d5af34,4223,body-v3/sim/arm_heat_v3.json
body-v3.1/sim/v3_ref/results_v3.json,e91a5d8c46c37b6547966407c5d77848,8025,body-v3/sim/results_v3.json
body-v3.1/sim/v3_ref/walk_v3.json,f6dfc33626937c34a72b551e33684da3,3337,body-v3/sim/walk_v3.json
body-v3.1/sim/v3_ref/walk_v3_eff.json,394deba9fbf961cf5d88aae40d78c2e6,3347,body-v3/sim/walk_v3_eff.json
body-v3.10/README.md,65c2e177b5412a5e63ba38b5190edbde,6101,body-v3.10/README.md
body-v3.10/README_v3.md,d5dfb182350ce2de808eda08cc549acc,8398,body-v3/README.md
body-v3.10/README_v31.md,62cf5740b1281b505a1e2bb98d536030,8478,body-v3.1/README.md
body-v3.10/README_v310.md,8da2f237ff36b44d0add847660514f13,3734,body-v3.10/README_v310.md
body-v3.10/README_v32.md,36d5079dfd7d10c4ca271706c936cf5a,12057,body-v3.10/README_v32.md
body-v3.10/README_v33.md,6752bb01dae32e530a285e330f4d5770,5164,body-v3.10/README_v33.md
body-v3.10/README_v34.md,b512057a38e8cd7dd3ee07219c058e51,2623,body-v3.10/README_v34.md
body-v3.10/README_v35.md,7d8c481c42edc18f57b68b7bcea44345,2418,body-v3.10/README_v35.md
body-v3.10/README_v36.md,756af93fbf80b2ee9e5fee1458509d98,2438,body-v3.10/README_v36.md
body-v3.10/README_v38.md,ed0092856c928668efe6274c4752d7c2,4651,body-v3.10/README_v38.md
body-v3.10/README_v39.md,93f974e23db0965ce50120ba22d3dfaf,4818,body-v3.10/README_v39.md
body-v3.10/bom_v35.md,54e414cced6d75762caa12cba76d0d40,1012,body-v3.10/bom_v35.md
body-v3.10/build_report.json,3c08239c078593b51d293cace8ec1a27,19929,body-v3.10/build_report.json
body-v3.10/changed_parts_v36_to_v37.json,a9a41d7c46a2ad62fed49408f90e4b29,1338,body-v3.10/changed_parts_v36_to_v37.json
body-v3.10/changed_parts_v37_to_v38.json,49ae233dc0c85f386397a6f0a52f4f9a,6172,body-v3.10/changed_parts_v37_to_v38.json
body-v3.10/changed_parts_v38_to_v39.json,d3cd5cdf0f50ea6407e39f2225cef809,6381,body-v3.10/changed_parts_v38_to_v39.json
body-v3.10/collide_head_v310.json,e25c6464886e09f567ee551e6f338f74,2142,body-v3.10/collide_head_v310.json
body-v3.10/collide_log_v38.txt,9401ea726b306a56955aecbaf3d6525e,4281,body-v3.10/collide_log_v38.txt
body-v3.10/collide_log_v39.txt,9401ea726b306a56955aecbaf3d6525e,4281,body-v3.10/collide_log_v38.txt
body-v3.10/collide_report.json,e6ddd4078834a837f9559a91643465bb,20690,body-v3.10/collide_report.json
body-v3.10/collide_v31_rule_check.json,2cfb89f60ed078067a5b0d563369f90c,129,body-v3.1/collide_v31_rule_check.json
body-v3.10/collide_v32_rule_check.json,005b67a629f7dd1569344a87c0e8df7b,164,body-v3.10/collide_v32_rule_check.json
body-v3.10/grain_report_v37.json,a597b4bb4e221a831841bdb135646a29,1959,body-v3.10/grain_report_v37.json
body-v3.10/head_print_report.json,79f615cf398723aa2801b3336ef39415,6972,body-v3.10/head_print_report.json
body-v3.10/head_print_report_v36.json,d33da0d7f147f0bd784709823ca6e9ae,7037,body-v3.10/head_print_report_v36.json
body-v3.10/head_print_report_v37.json,4e0e79baf232a56165080655c08ae618,7733,body-v3.10/head_print_report_v37.json
body-v3.10/head_print_report_v38.json,5d6e16e5fb2414e0bbfca34176d0c3f5,7735,body-v3.10/head_print_report_v38.json
body-v3.10/head_print_report_v39.json,ba2c678786c8b3f4cd8feca3787e75dd,7781,body-v3.10/head_print_report_v39.json
body-v3.10/head_size_v36.json,04f54b55f682598962ff3481a5aba85f,717,body-v3.10/head_size_v36.json
body-v3.10/print_note_snout_v310.md,8c28ce33c8014e2a35235021cfe421d2,1461,body-v3.10/print_note_snout_v310.md
body-v3.10/print_sheet_body_v38.md,face3494b2f0898c92d4de88aa098edc,6733,body-v3.10/print_sheet_body_v38.md
body-v3.10/print_sheet_head.md,ac0500e69043b84dbd57f7204b995982,3511,body-v3.10/print_sheet_head.md
body-v3.10/print_sheet_head_v36.md,6ac4c2094ed80fd60fd094d5b6ead7f8,3683,body-v3.10/print_sheet_head_v36.md
body-v3.10/print_sheet_head_v37.md,e9fbab93227e450a8c099f93fd6ea65b,5234,body-v3.10/print_sheet_head_v37.md
body-v3.10/print_sheet_head_v38.md,1bd44b955d22ea2e13d00bf05d107d31,5698,body-v3.10/print_sheet_head_v38.md
body-v3.10/print_sheet_head_v39.md,be1e14d15b9f562fb02da2a9853dbef9,5766,body-v3.10/print_sheet_head_v39.md
body-v3.10/servo_choice.md,316473d63f90ad6a5649462db90ee4c3,7062,body-v3.1/servo_choice.md
body-v3.10/snout_print_report_v310.json,4bf50103ac3941a34a8e642e795d6244,1079,body-v3.10/snout_print_report_v310.json
body-v3.10/torso_env_v34.json,bda31ea296b814d3685d260d29f3e20f,36249,body-v3.10/torso_env_v34.json
body-v3.10/torso_env_v36.json,8b9d02fce005d442335cfb062533af58,54421,body-v3.10/torso_env_v36.json
body-v3.10/torso_env_v38.json,687e14f2e4e89bf21a99087d015075c6,54455,body-v3.10/torso_env_v38.json
body-v3.10/measure/photo_measure.json,5832cf5aab493edae31cd598e050fc53,2746,body-v3/measure/photo_measure.json
body-v3.10/measure/targets.json,7b665a9c4ecd33771be6d5312f1cfcdb,5282,body-v3/measure/targets.json
body-v3.10/measure/v31_measure.json,7770567faa6c6ee5ce5e18b1da51c474,1121,body-v3.1/measure/v31_measure.json
body-v3.10/measure/v32_measure.json,852640a3181a17ea81aee224e86ac5f7,979,body-v3.10/measure/v32_measure.json
body-v3.10/measure/v32_neck_scale.json,14486360543aa63b349b95440d1f1729,914,body-v3.10/measure/v32_neck_scale.json
body-v3.10/measure/v33_head_size.json,fc2bb9834c1e56d00aff074751409e63,968,body-v3.10/measure/v33_head_size.json
body-v3.10/measure/v33_head_size_overlay.json,f59662c96f18842e63e50af4d4cb1315,567,body-v3.10/measure/v33_head_size_overlay.json
body-v3.10/measure/v33_neck_scale.json,e40e7e3d179e145a736191fd39b80f52,368,body-v3.10/measure/v33_neck_scale.json
body-v3.10/sim/README.md,5a2184fcce272380e8a22600e08816c1,13351,body-v3.10/sim/README.md
body-v3.10/sim/arm_heat_v2.json,bc311c1775b81c9405219b9bbff5ec13,4223,body-v3/sim/arm_heat_v2.json
body-v3.10/sim/arm_heat_v3.json,07b5df779e4043a927a2b4d6fb21639a,4222,body-v3.10/sim/arm_heat_v3.json
body-v3.10/sim/compare_stock_v2_v3.json,0ed3b329d48797a6244eeffa2d5fde08,3805,body-v3/sim/compare_stock_v2_v3.json
body-v3.10/sim/compare_stock_v2_v3.md,895225c90e71fdfa98f1516ec893a8b1,2949,body-v3/sim/compare_stock_v2_v3.md
body-v3.10/sim/compare_v31_v32.json,c51ae2424f05c1ab5562ee15e9b2965f,3254,body-v3.10/sim/compare_v31_v32.json
body-v3.10/sim/compare_v31_v32.md,644ebfad4fb06dc032148c27094bee2c,1939,body-v3.10/sim/compare_v31_v32.md
body-v3.10/sim/compare_v32_v33.json,a6b9c313414ce0741dcde7c80ce064a7,3255,body-v3.10/sim/compare_v32_v33.json
body-v3.10/sim/compare_v32_v33.md,de11b2bed04349fe3059fe2af1f01f8d,1861,body-v3.10/sim/compare_v32_v33.md
body-v3.10/sim/compare_v33_v34.json,9970e48ff8444752844c36261fdbc8a7,3255,body-v3.10/sim/compare_v33_v34.json
body-v3.10/sim/compare_v33_v34.md,1bee2d057cf0af55e9285ae39642e0d4,1861,body-v3.10/sim/compare_v33_v34.md
body-v3.10/sim/compare_v34_v35.json,15b209ba528bca78169f2c308cc5a0c0,3263,body-v3.10/sim/compare_v34_v35.json
body-v3.10/sim/compare_v34_v35.md,e7b150ed0f30c20b731c9a2ac12058d0,2289,body-v3.10/sim/compare_v34_v35.md
body-v3.10/sim/compare_v35_v36.json,91ae3e17f2ce269016d61be082636f3e,3272,body-v3.10/sim/compare_v35_v36.json
body-v3.10/sim/compare_v35_v36.md,ada8c03eeb0156deaac729f93149e461,2344,body-v3.10/sim/compare_v35_v36.md
body-v3.10/sim/compare_v36_v37.json,3e11a3460b142718d63652a501df696e,3271,body-v3.10/sim/compare_v36_v37.json
body-v3.10/sim/compare_v36_v37.md,fda6c06c3d45610df1ba016b41b4ba7b,2405,body-v3.10/sim/compare_v36_v37.md
body-v3.10/sim/compare_v37_v38.json,1276986b406e998977d666daa157cf71,3272,body-v3.10/sim/compare_v37_v38.json
body-v3.10/sim/compare_v37_v38.md,f8a800c1b0a12f6fdc9a81f7131ee562,1915,body-v3.10/sim/compare_v37_v38.md
body-v3.10/sim/compare_v38_v39.json,5a057226cca27472ecf7125a724e8082,3274,body-v3.10/sim/compare_v38_v39.json
body-v3.10/sim/compare_v38_v39.md,dc30e35f4edbde2136c3daf04fc04bcc,1917,body-v3.10/sim/compare_v38_v39.md
body-v3.10/sim/compare_v39_v310.json,8d43b630f2580e8ba95a586df3f3d406,3275,body-v3.10/sim/compare_v39_v310.json
body-v3.10/sim/compare_v39_v310.md,03dd6304ccf2ba5f39991cdadfafd6c8,1921,body-v3.10/sim/compare_v39_v310.md
body-v3.10/sim/compare_v3_v31.json,7e29f9219c9b23c6c5982ab3a1a89db3,2829,body-v3.1/sim/compare_v3_v31.json
body-v3.10/sim/compare_v3_v31.md,175081c021dce15c7e987872af0ac43f,1611,body-v3.1/sim/compare_v3_v31.md
body-v3.10/sim/mass_report_v3.json,67ec23505e5e7afcb6406c9c675da919,12909,body-v3.10/sim/mass_report_v3.json
body-v3.10/sim/plot_compare.png,2457a623d2f320f37f590b6d2c9af28b,58887,body-v3/sim/plot_compare.png
body-v3.10/sim/results_v3.json,2370068638410dd3864dd3c892cd6a3b,7823,body-v3.10/sim/results_v3.json
body-v3.10/sim/walk_refine_eff_v32.json,f04e0a3867edc2a3eee666a5dceba463,158,body-v3.10/sim/walk_refine_eff_v32.json
body-v3.10/sim/walk_refine_v32.json,77fe6c57a75092d5b28d9da7340ad6b3,156,body-v3.10/sim/walk_refine_v32.json
body-v3.10/sim/walk_v3.json,e9d78c042a9e739225f3023ca5bd64dd,3038,body-v3.10/sim/walk_v3.json
body-v3.10/sim/walk_v3_eff.json,1e744e11cd7023f86b9f07eff160bb5d,3038,body-v3.10/sim/walk_v3_eff.json
body-v3.10/sim/walk_v3_eff_noref.json,ebaa41acfaaef3b24dc77ab83db09f93,3101,body-v3.10/sim/walk_v3_eff_noref.json
body-v3.10/sim/walk_v3_noref.json,85f5f335181e839cfdc2d627ecca5d32,3095,body-v3.10/sim/walk_v3_noref.json
body-v3.10/sim/walk_v3_prerefine_v310.json,09d03ddff2a0a115af858a30f0934a7e,3038,body-v3.10/sim/walk_v3_prerefine_v310.json
body-v3.10/sim/v31_ref/arm_heat_v3.json,2126fcc62fd7d3c396dcb7770419204a,4220,body-v3.1/sim/arm_heat_v3.json
body-v3.10/sim/v31_ref/mass_report_v3.json,b22177cef249a8bc99fcb2f57bb05878,12902,body-v3.1/sim/mass_report_v3.json
body-v3.10/sim/v31_ref/results_v3.json,510d1456468455e8152b440555672307,8029,body-v3.1/sim/results_v3.json
body-v3.10/sim/v31_ref/walk_v3.json,21a198ab40b540b4e3398bd7bdd66988,3094,body-v3.1/sim/walk_v3.json
body-v3.10/sim/v31_ref/walk_v3_eff.json,031ec90a823c37124efb0f9b271545e0,3102,body-v3.1/sim/walk_v3_eff.json
body-v3.10/sim/v32_ref/arm_heat_v3.json,07b5df779e4043a927a2b4d6fb21639a,4222,body-v3.10/sim/arm_heat_v3.json
body-v3.10/sim/v32_ref/results_v3.json,691b926aea221e63317388971ca903f7,8023,body-v3.10/sim/v32_ref/results_v3.json
body-v3.10/sim/v32_ref/walk_refine_v32.json,0648267fc7b09edeaa65985c0b4db260,157,body-v3.10/sim/v32_ref/walk_refine_v32.json
body-v3.10/sim/v32_ref/walk_v3.json,120423616b57938b7fd7672da7ad00f6,3165,body-v3.10/sim/v32_ref/walk_v3.json
body-v3.10/sim/v32_ref/walk_v3_eff.json,0860666c2fb00c61803ca5cf38d8cf2e,3103,body-v3.10/sim/v32_ref/walk_v3_eff.json
body-v3.10/sim/v33_ref/arm_heat_v3.json,07b5df779e4043a927a2b4d6fb21639a,4222,body-v3.10/sim/arm_heat_v3.json
body-v3.10/sim/v33_ref/results_v3.json,1f5b949f70ea6f2d2ca68c339ea885bb,8028,body-v3.10/sim/v33_ref/results_v3.json
body-v3.10/sim/v33_ref/walk_v3.json,135fd3eba247694b2d0455b05c2b1ed0,3154,body-v3.10/sim/v33_ref/walk_v3.json
body-v3.10/sim/v33_ref/walk_v3_eff.json,07f206d2b718406f84a80514363a0894,3163,body-v3.10/sim/v33_ref/walk_v3_eff.json
body-v3.10/sim/v34_ref/arm_heat_v3.json,07b5df779e4043a927a2b4d6fb21639a,4222,body-v3.10/sim/arm_heat_v3.json
body-v3.10/sim/v34_ref/results_v3.json,daa3ef05a96a0d46bbace841296e31c6,8020,body-v3.10/sim/v34_ref/results_v3.json
body-v3.10/sim/v34_ref/walk_v3.json,7f1ce820d388e0e41ba3dfc2c5faba4a,3155,body-v3.10/sim/v34_ref/walk_v3.json
body-v3.10/sim/v34_ref/walk_v3_eff.json,4ea2b63d0b9eba2faa54ba882cf92f93,3160,body-v3.10/sim/v34_ref/walk_v3_eff.json
body-v3.10/sim/v36_ref/arm_heat_v3.json,07b5df779e4043a927a2b4d6fb21639a,4222,body-v3.10/sim/arm_heat_v3.json
body-v3.10/sim/v36_ref/results_v3.json,6d09c34dcdbeb0ab1721a3015ed869a3,7773,body-v3.10/sim/v36_ref/results_v3.json
body-v3.10/sim/v36_ref/walk_v3.json,38bcf54acd4ca8bbf675993d585329f0,3039,body-v3.10/sim/v36_ref/walk_v3.json
body-v3.10/sim/v36_ref/walk_v3_eff.json,31b8a828b14afc9f5d317ef29cfbe9a9,3042,body-v3.10/sim/v36_ref/walk_v3_eff.json
body-v3.10/sim/v37_ref/arm_heat_v3.json,07b5df779e4043a927a2b4d6fb21639a,4222,body-v3.10/sim/arm_heat_v3.json
body-v3.10/sim/v37_ref/results_v3.json,e28526abee73fc3f1f2ce8a8893f87ae,7780,body-v3.10/sim/v37_ref/results_v3.json
body-v3.10/sim/v37_ref/walk_v3.json,33671a750fd7dce386401bce59f686a8,3032,body-v3.10/sim/v37_ref/walk_v3.json
body-v3.10/sim/v37_ref/walk_v3_eff.json,7be0f1960d01f0a3b80fb0f12f58de19,3043,body-v3.10/sim/v37_ref/walk_v3_eff.json
body-v3.10/sim/v38_ref/arm_heat_v3.json,07b5df779e4043a927a2b4d6fb21639a,4222,body-v3.10/sim/arm_heat_v3.json
body-v3.10/sim/v38_ref/results_v3.json,db7c5b8b22483b4f91eb46d530353928,7824,body-v3.10/sim/v38_ref/results_v3.json
body-v3.10/sim/v38_ref/walk_v3.json,fee45989bdaf3ab94dcabed25b50e7bb,3039,body-v3.10/sim/v38_ref/walk_v3.json
body-v3.10/sim/v38_ref/walk_v3_eff.json,228f2964c6705f80ebc7366edb2f0317,3043,body-v3.10/sim/v38_ref/walk_v3_eff.json
body-v3.10/sim/v39_ref/arm_heat_v3.json,07b5df779e4043a927a2b4d6fb21639a,4222,body-v3.10/sim/arm_heat_v3.json
body-v3.10/sim/v39_ref/results_v3.json,6603ecb5509ca86206a169ce15811895,7824,body-v3.10/sim/v39_ref/results_v3.json
body-v3.10/sim/v39_ref/walk_v3.json,8fc65df0a06c89e667c1c6d739d66c3c,3033,body-v3.10/sim/v39_ref/walk_v3.json
body-v3.10/sim/v39_ref/walk_v3_eff.json,79767a0ef34301f4d5f02ac4e2c255bf,3042,body-v3.10/sim/v39_ref/walk_v3_eff.json
body-v3.10/sim/v3_ref/arm_heat_v3.json,24f0f1621b09d575497b233327d5af34,4223,body-v3/sim/arm_heat_v3.json
body-v3.10/sim/v3_ref/results_v3.json,e91a5d8c46c37b6547966407c5d77848,8025,body-v3/sim/results_v3.json
body-v3.10/sim/v3_ref/walk_v3.json,f6dfc33626937c34a72b551e33684da3,3337,body-v3/sim/walk_v3.json
body-v3.10/sim/v3_ref/walk_v3_eff.json,394deba9fbf961cf5d88aae40d78c2e6,3347,body-v3/sim/walk_v3_eff.json
body-v3.11/README.md,65c2e177b5412a5e63ba38b5190edbde,6101,body-v3.10/README.md
body-v3.11/README_v3.md,d5dfb182350ce2de808eda08cc549acc,8398,body-v3/README.md
body-v3.11/README_v31.md,62cf5740b1281b505a1e2bb98d536030,8478,body-v3.1/README.md
body-v3.11/README_v310.md,8da2f237ff36b44d0add847660514f13,3734,body-v3.10/README_v310.md
body-v3.11/README_v311.md,00e8e1e244dfd4deb11e26e2ae98012f,4189,body-v3.11/README_v311.md
body-v3.11/README_v32.md,36d5079dfd7d10c4ca271706c936cf5a,12057,body-v3.10/README_v32.md
body-v3.11/README_v33.md,6752bb01dae32e530a285e330f4d5770,5164,body-v3.10/README_v33.md
body-v3.11/README_v34.md,b512057a38e8cd7dd3ee07219c058e51,2623,body-v3.10/README_v34.md
body-v3.11/README_v35.md,7d8c481c42edc18f57b68b7bcea44345,2418,body-v3.10/README_v35.md
body-v3.11/README_v36.md,756af93fbf80b2ee9e5fee1458509d98,2438,body-v3.10/README_v36.md
body-v3.11/README_v38.md,ed0092856c928668efe6274c4752d7c2,4651,body-v3.10/README_v38.md
body-v3.11/README_v39.md,93f974e23db0965ce50120ba22d3dfaf,4818,body-v3.10/README_v39.md
body-v3.11/bom_v35.md,54e414cced6d75762caa12cba76d0d40,1012,body-v3.10/bom_v35.md
body-v3.11/build_report.json,3c08239c078593b51d293cace8ec1a27,19929,body-v3.10/build_report.json
body-v3.11/changed_parts_v36_to_v37.json,a9a41d7c46a2ad62fed49408f90e4b29,1338,body-v3.10/changed_parts_v36_to_v37.json
body-v3.11/changed_parts_v37_to_v38.json,49ae233dc0c85f386397a6f0a52f4f9a,6172,body-v3.10/changed_parts_v37_to_v38.json
body-v3.11/changed_parts_v38_to_v39.json,d3cd5cdf0f50ea6407e39f2225cef809,6381,body-v3.10/changed_parts_v38_to_v39.json
body-v3.11/collide_head_v310.json,e25c6464886e09f567ee551e6f338f74,2142,body-v3.10/collide_head_v310.json
body-v3.11/collide_head_v311.json,e25c6464886e09f567ee551e6f338f74,2142,body-v3.10/collide_head_v310.json
body-v3.11/collide_log_v38.txt,9401ea726b306a56955aecbaf3d6525e,4281,body-v3.10/collide_log_v38.txt
body-v3.11/collide_log_v39.txt,9401ea726b306a56955aecbaf3d6525e,4281,body-v3.10/collide_log_v38.txt
body-v3.11/collide_report.json,e6ddd4078834a837f9559a91643465bb,20690,body-v3.10/collide_report.json
body-v3.11/collide_v31_rule_check.json,2cfb89f60ed078067a5b0d563369f90c,129,body-v3.1/collide_v31_rule_check.json
body-v3.11/collide_v32_rule_check.json,005b67a629f7dd1569344a87c0e8df7b,164,body-v3.10/collide_v32_rule_check.json
body-v3.11/grain_report_v37.json,7e0c2e0059a01b35e155540df7cc1a97,1959,body-v3.11/grain_report_v37.json
body-v3.11/head_print_report.json,79f615cf398723aa2801b3336ef39415,6972,body-v3.10/head_print_report.json
body-v3.11/head_print_report_v36.json,d33da0d7f147f0bd784709823ca6e9ae,7037,body-v3.10/head_print_report_v36.json
body-v3.11/head_print_report_v37.json,4e0e79baf232a56165080655c08ae618,7733,body-v3.10/head_print_report_v37.json
body-v3.11/head_print_report_v38.json,5d6e16e5fb2414e0bbfca34176d0c3f5,7735,body-v3.10/head_print_report_v38.json
body-v3.11/head_print_report_v39.json,ba2c678786c8b3f4cd8feca3787e75dd,7781,body-v3.10/head_print_report_v39.json
body-v3.11/head_size_v36.json,04f54b55f682598962ff3481a5aba85f,717,body-v3.10/head_size_v36.json
body-v3.11/print_note_snout_v310.md,8c28ce33c8014e2a35235021cfe421d2,1461,body-v3.10/print_note_snout_v310.md
body-v3.11/print_note_snout_v311.md,9e46a723542d0793ff9f75be43a9b93f,2029,body-v3.11/print_note_snout_v311.md
body-v3.11/print_sheet_body_v38.md,face3494b2f0898c92d4de88aa098edc,6733,body-v3.10/print_sheet_body_v38.md
body-v3.11/print_sheet_head.md,ac0500e69043b84dbd57f7204b995982,3511,body-v3.10/print_sheet_head.md
body-v3.11/print_sheet_head_v36.md,6ac4c2094ed80fd60fd094d5b6ead7f8,3683,body-v3.10/print_sheet_head_v36.md
body-v3.11/print_sheet_head_v37.md,e9fbab93227e450a8c099f93fd6ea65b,5234,body-v3.10/print_sheet_head_v37.md
body-v3.11/print_sheet_head_v38.md,1bd44b955d22ea2e13d00bf05d107d31,5698,body-v3.10/print_sheet_head_v38.md
body-v3.11/print_sheet_head_v39.md,be1e14d15b9f562fb02da2a9853dbef9,5766,body-v3.10/print_sheet_head_v39.md
body-v3.11/servo_choice.md,316473d63f90ad6a5649462db90ee4c3,7062,body-v3.1/servo_choice.md
body-v3.11/snout_print_report_v310.json,4bf50103ac3941a34a8e642e795d6244,1079,body-v3.10/snout_print_report_v310.json
body-v3.11/snout_print_report_v311.json,3a2a461ef0f6fd92fab4a720d1521a76,1010,body-v3.11/snout_print_report_v311.json
body-v3.11/torso_env_v34.json,bda31ea296b814d3685d260d29f3e20f,36249,body-v3.10/torso_env_v34.json
body-v3.11/torso_env_v36.json,8b9d02fce005d442335cfb062533af58,54421,body-v3.10/torso_env_v36.json
body-v3.11/torso_env_v38.json,687e14f2e4e89bf21a99087d015075c6,54455,body-v3.10/torso_env_v38.json
body-v3.11/measure/photo_measure.json,5832cf5aab493edae31cd598e050fc53,2746,body-v3/measure/photo_measure.json
body-v3.11/measure/targets.json,7b665a9c4ecd33771be6d5312f1cfcdb,5282,body-v3/measure/targets.json
body-v3.11/measure/v31_measure.json,7770567faa6c6ee5ce5e18b1da51c474,1121,body-v3.1/measure/v31_measure.json
body-v3.11/measure/v32_measure.json,852640a3181a17ea81aee224e86ac5f7,979,body-v3.10/measure/v32_measure.json
body-v3.11/measure/v32_neck_scale.json,14486360543aa63b349b95440d1f1729,914,body-v3.10/measure/v32_neck_scale.json
body-v3.11/measure/v33_head_size.json,fc2bb9834c1e56d00aff074751409e63,968,body-v3.10/measure/v33_head_size.json
body-v3.11/measure/v33_head_size_overlay.json,f59662c96f18842e63e50af4d4cb1315,567,body-v3.10/measure/v33_head_size_overlay.json
body-v3.11/measure/v33_neck_scale.json,e40e7e3d179e145a736191fd39b80f52,368,body-v3.10/measure/v33_neck_scale.json
body-v3.11/sim/README.md,5a2184fcce272380e8a22600e08816c1,13351,body-v3.10/sim/README.md
body-v3.11/sim/arm_heat_v2.json,bc311c1775b81c9405219b9bbff5ec13,4223,body-v3/sim/arm_heat_v2.json
body-v3.11/sim/arm_heat_v3.json,07b5df779e4043a927a2b4d6fb21639a,4222,body-v3.10/sim/arm_heat_v3.json
body-v3.11/sim/compare_stock_v2_v3.json,0ed3b329d48797a6244eeffa2d5fde08,3805,body-v3/sim/compare_stock_v2_v3.json
body-v3.11/sim/compare_stock_v2_v3.md,895225c90e71fdfa98f1516ec893a8b1,2949,body-v3/sim/compare_stock_v2_v3.md
body-v3.11/sim/compare_v31_v32.json,c51ae2424f05c1ab5562ee15e9b2965f,3254,body-v3.10/sim/compare_v31_v32.json
body-v3.11/sim/compare_v31_v32.md,644ebfad4fb06dc032148c27094bee2c,1939,body-v3.10/sim/compare_v31_v32.md
body-v3.11/sim/compare_v32_v33.json,a6b9c313414ce0741dcde7c80ce064a7,3255,body-v3.10/sim/compare_v32_v33.json
body-v3.11/sim/compare_v32_v33.md,de11b2bed04349fe3059fe2af1f01f8d,1861,body-v3.10/sim/compare_v32_v33.md
body-v3.11/sim/compare_v33_v34.json,9970e48ff8444752844c36261fdbc8a7,3255,body-v3.10/sim/compare_v33_v34.json
body-v3.11/sim/compare_v33_v34.md,1bee2d057cf0af55e9285ae39642e0d4,1861,body-v3.10/sim/compare_v33_v34.md
body-v3.11/sim/compare_v34_v35.json,15b209ba528bca78169f2c308cc5a0c0,3263,body-v3.10/sim/compare_v34_v35.json
body-v3.11/sim/compare_v34_v35.md,e7b150ed0f30c20b731c9a2ac12058d0,2289,body-v3.10/sim/compare_v34_v35.md
body-v3.11/sim/compare_v35_v36.json,91ae3e17f2ce269016d61be082636f3e,3272,body-v3.10/sim/compare_v35_v36.json
body-v3.11/sim/compare_v35_v36.md,ada8c03eeb0156deaac729f93149e461,2344,body-v3.10/sim/compare_v35_v36.md
body-v3.11/sim/compare_v36_v37.json,3e11a3460b142718d63652a501df696e,3271,body-v3.10/sim/compare_v36_v37.json
body-v3.11/sim/compare_v36_v37.md,fda6c06c3d45610df1ba016b41b4ba7b,2405,body-v3.10/sim/compare_v36_v37.md
body-v3.11/sim/compare_v37_v38.json,1276986b406e998977d666daa157cf71,3272,body-v3.10/sim/compare_v37_v38.json
body-v3.11/sim/compare_v37_v38.md,f8a800c1b0a12f6fdc9a81f7131ee562,1915,body-v3.10/sim/compare_v37_v38.md
body-v3.11/sim/compare_v38_v39.json,5a057226cca27472ecf7125a724e8082,3274,body-v3.10/sim/compare_v38_v39.json
body-v3.11/sim/compare_v38_v39.md,dc30e35f4edbde2136c3daf04fc04bcc,1917,body-v3.10/sim/compare_v38_v39.md
body-v3.11/sim/compare_v39_v310.json,8d43b630f2580e8ba95a586df3f3d406,3275,body-v3.10/sim/compare_v39_v310.json
body-v3.11/sim/compare_v39_v310.md,03dd6304ccf2ba5f39991cdadfafd6c8,1921,body-v3.10/sim/compare_v39_v310.md
body-v3.11/sim/compare_v39_v311.json,bf0d8a9069f17dfd3c90f0ae651cbc80,3274,body-v3.11/sim/compare_v39_v311.json
body-v3.11/sim/compare_v39_v311.md,504094156e0454adb92ca4e51fd97da2,1920,body-v3.11/sim/compare_v39_v311.md
body-v3.11/sim/compare_v3_v31.json,7e29f9219c9b23c6c5982ab3a1a89db3,2829,body-v3.1/sim/compare_v3_v31.json
body-v3.11/sim/compare_v3_v31.md,175081c021dce15c7e987872af0ac43f,1611,body-v3.1/sim/compare_v3_v31.md
body-v3.11/sim/mass_report_v3.json,912a42911fee5d2731eb0aab74927496,12909,body-v3.11/sim/mass_report_v3.json
body-v3.11/sim/plot_compare.png,2457a623d2f320f37f590b6d2c9af28b,58887,body-v3/sim/plot_compare.png
body-v3.11/sim/results_v3.json,859125992a19eb68d7b6dfc8772bce89,7823,body-v3.11/sim/results_v3.json
body-v3.11/sim/results_v3_8pct.json,cb25e47bae840299a65617cae6694f56,7820,body-v3.11/sim/results_v3_8pct.json
body-v3.11/sim/results_v3_snout10pct.json,103a1aed6577f64926a156f4fcbe8328,7823,body-v3.11/sim/results_v3_snout10pct.json
body-v3.11/sim/walk_refine_eff_v32.json,f04e0a3867edc2a3eee666a5dceba463,158,body-v3.10/sim/walk_refine_eff_v32.json
body-v3.11/sim/walk_refine_v32.json,77fe6c57a75092d5b28d9da7340ad6b3,156,body-v3.10/sim/walk_refine_v32.json
body-v3.11/sim/walk_v3.json,4af9789103d25cb741517657b5fde163,3031,body-v3.11/sim/walk_v3.json
body-v3.11/sim/walk_v3_eff.json,90de5e2d159d49e1a165ee89674e8272,3049,body-v3.11/sim/walk_v3_eff.json
body-v3.11/sim/walk_v3_eff_noref.json,ebaa41acfaaef3b24dc77ab83db09f93,3101,body-v3.10/sim/walk_v3_eff_noref.json
body-v3.11/sim/walk_v3_noref.json,85f5f335181e839cfdc2d627ecca5d32,3095,body-v3.10/sim/walk_v3_noref.json
body-v3.11/sim/walk_v3_prerefine_v310.json,09d03ddff2a0a115af858a30f0934a7e,3038,body-v3.10/sim/walk_v3_prerefine_v310.json
body-v3.11/sim/v310_ref/arm_heat_v3.json,07b5df779e4043a927a2b4d6fb21639a,4222,body-v3.10/sim/arm_heat_v3.json
body-v3.11/sim/v310_ref/results_v3.json,2370068638410dd3864dd3c892cd6a3b,7823,body-v3.10/sim/results_v3.json
body-v3.11/sim/v310_ref/walk_v3.json,e9d78c042a9e739225f3023ca5bd64dd,3038,body-v3.10/sim/walk_v3.json
body-v3.11/sim/v310_ref/walk_v3_eff.json,1e744e11cd7023f86b9f07eff160bb5d,3038,body-v3.10/sim/walk_v3_eff.json
body-v3.11/sim/v31_ref/arm_heat_v3.json,2126fcc62fd7d3c396dcb7770419204a,4220,body-v3.1/sim/arm_heat_v3.json
body-v3.11/sim/v31_ref/mass_report_v3.json,b22177cef249a8bc99fcb2f57bb05878,12902,body-v3.1/sim/mass_report_v3.json
body-v3.11/sim/v31_ref/results_v3.json,510d1456468455e8152b440555672307,8029,body-v3.1/sim/results_v3.json
body-v3.11/sim/v31_ref/walk_v3.json,21a198ab40b540b4e3398bd7bdd66988,3094,body-v3.1/sim/walk_v3.json
body-v3.11/sim/v31_ref/walk_v3_eff.json,031ec90a823c37124efb0f9b271545e0,3102,body-v3.1/sim/walk_v3_eff.json
body-v3.11/sim/v32_ref/arm_heat_v3.json,07b5df779e4043a927a2b4d6fb21639a,4222,body-v3.10/sim/arm_heat_v3.json
body-v3.11/sim/v32_ref/results_v3.json,691b926aea221e63317388971ca903f7,8023,body-v3.10/sim/v32_ref/results_v3.json
body-v3.11/sim/v32_ref/walk_refine_v32.json,0648267fc7b09edeaa65985c0b4db260,157,body-v3.10/sim/v32_ref/walk_refine_v32.json
body-v3.11/sim/v32_ref/walk_v3.json,120423616b57938b7fd7672da7ad00f6,3165,body-v3.10/sim/v32_ref/walk_v3.json
body-v3.11/sim/v32_ref/walk_v3_eff.json,0860666c2fb00c61803ca5cf38d8cf2e,3103,body-v3.10/sim/v32_ref/walk_v3_eff.json
body-v3.11/sim/v33_ref/arm_heat_v3.json,07b5df779e4043a927a2b4d6fb21639a,4222,body-v3.10/sim/arm_heat_v3.json
body-v3.11/sim/v33_ref/results_v3.json,1f5b949f70ea6f2d2ca68c339ea885bb,8028,body-v3.10/sim/v33_ref/results_v3.json
body-v3.11/sim/v33_ref/walk_v3.json,135fd3eba247694b2d0455b05c2b1ed0,3154,body-v3.10/sim/v33_ref/walk_v3.json
body-v3.11/sim/v33_ref/walk_v3_eff.json,07f206d2b718406f84a80514363a0894,3163,body-v3.10/sim/v33_ref/walk_v3_eff.json
body-v3.11/sim/v34_ref/arm_heat_v3.json,07b5df779e4043a927a2b4d6fb21639a,4222,body-v3.10/sim/arm_heat_v3.json
body-v3.11/sim/v34_ref/results_v3.json,daa3ef05a96a0d46bbace841296e31c6,8020,body-v3.10/sim/v34_ref/results_v3.json
body-v3.11/sim/v34_ref/walk_v3.json,7f1ce820d388e0e41ba3dfc2c5faba4a,3155,body-v3.10/sim/v34_ref/walk_v3.json
body-v3.11/sim/v34_ref/walk_v3_eff.json,4ea2b63d0b9eba2faa54ba882cf92f93,3160,body-v3.10/sim/v34_ref/walk_v3_eff.json
body-v3.11/sim/v36_ref/arm_heat_v3.json,07b5df779e4043a927a2b4d6fb21639a,4222,body-v3.10/sim/arm_heat_v3.json
body-v3.11/sim/v36_ref/results_v3.json,6d09c34dcdbeb0ab1721a3015ed869a3,7773,body-v3.10/sim/v36_ref/results_v3.json
body-v3.11/sim/v36_ref/walk_v3.json,38bcf54acd4ca8bbf675993d585329f0,3039,body-v3.10/sim/v36_ref/walk_v3.json
body-v3.11/sim/v36_ref/walk_v3_eff.json,31b8a828b14afc9f5d317ef29cfbe9a9,3042,body-v3.10/sim/v36_ref/walk_v3_eff.json
body-v3.11/sim/v37_ref/arm_heat_v3.json,07b5df779e4043a927a2b4d6fb21639a,4222,body-v3.10/sim/arm_heat_v3.json
body-v3.11/sim/v37_ref/results_v3.json,e28526abee73fc3f1f2ce8a8893f87ae,7780,body-v3.10/sim/v37_ref/results_v3.json
body-v3.11/sim/v37_ref/walk_v3.json,33671a750fd7dce386401bce59f686a8,3032,body-v3.10/sim/v37_ref/walk_v3.json
body-v3.11/sim/v37_ref/walk_v3_eff.json,7be0f1960d01f0a3b80fb0f12f58de19,3043,body-v3.10/sim/v37_ref/walk_v3_eff.json
body-v3.11/sim/v38_ref/arm_heat_v3.json,07b5df779e4043a927a2b4d6fb21639a,4222,body-v3.10/sim/arm_heat_v3.json
body-v3.11/sim/v38_ref/results_v3.json,db7c5b8b22483b4f91eb46d530353928,7824,body-v3.10/sim/v38_ref/results_v3.json
body-v3.11/sim/v38_ref/walk_v3.json,fee45989bdaf3ab94dcabed25b50e7bb,3039,body-v3.10/sim/v38_ref/walk_v3.json
body-v3.11/sim/v38_ref/walk_v3_eff.json,228f2964c6705f80ebc7366edb2f0317,3043,body-v3.10/sim/v38_ref/walk_v3_eff.json
body-v3.11/sim/v39_ref/arm_heat_v3.json,07b5df779e4043a927a2b4d6fb21639a,4222,body-v3.10/sim/arm_heat_v3.json
body-v3.11/sim/v39_ref/results_v3.json,6603ecb5509ca86206a169ce15811895,7824,body-v3.10/sim/v39_ref/results_v3.json
body-v3.11/sim/v39_ref/walk_v3.json,8fc65df0a06c89e667c1c6d739d66c3c,3033,body-v3.10/sim/v39_ref/walk_v3.json
body-v3.11/sim/v39_ref/walk_v3_eff.json,79767a0ef34301f4d5f02ac4e2c255bf,3042,body-v3.10/sim/v39_ref/walk_v3_eff.json
body-v3.11/sim/v3_ref/arm_heat_v3.json,24f0f1621b09d575497b233327d5af34,4223,body-v3/sim/arm_heat_v3.json
body-v3.11/sim/v3_ref/results_v3.json,e91a5d8c46c37b6547966407c5d77848,8025,body-v3/sim/results_v3.json
body-v3.11/sim/v3_ref/walk_v3.json,f6dfc33626937c34a72b551e33684da3,3337,body-v3/sim/walk_v3.json
body-v3.11/sim/v3_ref/walk_v3_eff.json,394deba9fbf961cf5d88aae40d78c2e6,3347,body-v3/sim/walk_v3_eff.json
body-v3.12/README.md,65c2e177b5412a5e63ba38b5190edbde,6101,body-v3.10/README.md
body-v3.12/README_v3.md,d5dfb182350ce2de808eda08cc549acc,8398,body-v3/README.md
body-v3.12/README_v31.md,62cf5740b1281b505a1e2bb98d536030,8478,body-v3.1/README.md
body-v3.12/README_v310.md,8da2f237ff36b44d0add847660514f13,3734,body-v3.10/README_v310.md
body-v3.12/README_v311.md,00e8e1e244dfd4deb11e26e2ae98012f,4189,body-v3.11/README_v311.md
body-v3.12/README_v312.md,1661c05da47e75ae5678be1a9513648e,4010,body-v3.12/README_v312.md
body-v3.12/README_v32.md,36d5079dfd7d10c4ca271706c936cf5a,12057,body-v3.10/README_v32.md
body-v3.12/README_v33.md,6752bb01dae32e530a285e330f4d5770,5164,body-v3.10/README_v33.md
body-v3.12/README_v34.md,b512057a38e8cd7dd3ee07219c058e51,2623,body-v3.10/README_v34.md
body-v3.12/README_v35.md,7d8c481c42edc18f57b68b7bcea44345,2418,body-v3.10/README_v35.md
body-v3.12/README_v36.md,756af93fbf80b2ee9e5fee1458509d98,2438,body-v3.10/README_v36.md
body-v3.12/README_v38.md,ed0092856c928668efe6274c4752d7c2,4651,body-v3.10/README_v38.md
body-v3.12/README_v39.md,93f974e23db0965ce50120ba22d3dfaf,4818,body-v3.10/README_v39.md
body-v3.12/bom_v35.md,54e414cced6d75762caa12cba76d0d40,1012,body-v3.10/bom_v35.md
body-v3.12/build_report.json,3c08239c078593b51d293cace8ec1a27,19929,body-v3.10/build_report.json
body-v3.12/changed_parts_v36_to_v37.json,a9a41d7c46a2ad62fed49408f90e4b29,1338,body-v3.10/changed_parts_v36_to_v37.json
body-v3.12/changed_parts_v37_to_v38.json,49ae233dc0c85f386397a6f0a52f4f9a,6172,body-v3.10/changed_parts_v37_to_v38.json
body-v3.12/changed_parts_v38_to_v39.json,d3cd5cdf0f50ea6407e39f2225cef809,6381,body-v3.10/changed_parts_v38_to_v39.json
body-v3.12/collide_head_v310.json,e25c6464886e09f567ee551e6f338f74,2142,body-v3.10/collide_head_v310.json
body-v3.12/collide_head_v311.json,e25c6464886e09f567ee551e6f338f74,2142,body-v3.10/collide_head_v310.json
body-v3.12/collide_head_v312.json,e25c6464886e09f567ee551e6f338f74,2142,body-v3.10/collide_head_v310.json
body-v3.12/collide_log_v38.txt,9401ea726b306a56955aecbaf3d6525e,4281,body-v3.10/collide_log_v38.txt
body-v3.12/collide_log_v39.txt,9401ea726b306a56955aecbaf3d6525e,4281,body-v3.10/collide_log_v38.txt
body-v3.12/collide_report.json,e6ddd4078834a837f9559a91643465bb,20690,body-v3.10/collide_report.json
body-v3.12/collide_v31_rule_check.json,2cfb89f60ed078067a5b0d563369f90c,129,body-v3.1/collide_v31_rule_check.json
body-v3.12/collide_v32_rule_check.json,005b67a629f7dd1569344a87c0e8df7b,164,body-v3.10/collide_v32_rule_check.json
body-v3.12/grain_report_v37.json,15744923e712814708c3c5b5e3f0dc86,1960,body-v3.12/grain_report_v37.json
body-v3.12/head_print_report.json,79f615cf398723aa2801b3336ef39415,6972,body-v3.10/head_print_report.json
body-v3.12/head_print_report_v36.json,d33da0d7f147f0bd784709823ca6e9ae,7037,body-v3.10/head_print_report_v36.json
body-v3.12/head_print_report_v37.json,4e0e79baf232a56165080655c08ae618,7733,body-v3.10/head_print_report_v37.json
body-v3.12/head_print_report_v38.json,5d6e16e5fb2414e0bbfca34176d0c3f5,7735,body-v3.10/head_print_report_v38.json
body-v3.12/head_print_report_v39.json,ba2c678786c8b3f4cd8feca3787e75dd,7781,body-v3.10/head_print_report_v39.json
body-v3.12/head_size_v36.json,04f54b55f682598962ff3481a5aba85f,717,body-v3.10/head_size_v36.json
body-v3.12/print_note_snout_v310.md,8c28ce33c8014e2a35235021cfe421d2,1461,body-v3.10/print_note_snout_v310.md
body-v3.12/print_note_snout_v311.md,9e46a723542d0793ff9f75be43a9b93f,2029,body-v3.11/print_note_snout_v311.md
body-v3.12/print_note_snout_v312.md,c45bac8778b151145198787bdf6e0062,1827,body-v3.12/print_note_snout_v312.md
body-v3.12/print_sheet_body_v38.md,face3494b2f0898c92d4de88aa098edc,6733,body-v3.10/print_sheet_body_v38.md
body-v3.12/print_sheet_head.md,ac0500e69043b84dbd57f7204b995982,3511,body-v3.10/print_sheet_head.md
body-v3.12/print_sheet_head_v36.md,6ac4c2094ed80fd60fd094d5b6ead7f8,3683,body-v3.10/print_sheet_head_v36.md
body-v3.12/print_sheet_head_v37.md,e9fbab93227e450a8c099f93fd6ea65b,5234,body-v3.10/print_sheet_head_v37.md
body-v3.12/print_sheet_head_v38.md,1bd44b955d22ea2e13d00bf05d107d31,5698,body-v3.10/print_sheet_head_v38.md
body-v3.12/print_sheet_head_v39.md,be1e14d15b9f562fb02da2a9853dbef9,5766,body-v3.10/print_sheet_head_v39.md
body-v3.12/servo_choice.md,316473d63f90ad6a5649462db90ee4c3,7062,body-v3.1/servo_choice.md
body-v3.12/snout_print_report_v310.json,4bf50103ac3941a34a8e642e795d6244,1079,body-v3.10/snout_print_report_v310.json
body-v3.12/snout_print_report_v311.json,3a2a461ef0f6fd92fab4a720d1521a76,1010,body-v3.11/snout_print_report_v311.json
body-v3.12/snout_print_report_v312.json,777e230a1c3e92c7a47d5c5b7220e6ad,918,body-v3.12/snout_print_report_v312.json
body-v3.12/torso_env_v34.json,bda31ea296b814d3685d260d29f3e20f,36249,body-v3.10/torso_env_v34.json
body-v3.12/torso_env_v36.json,8b9d02fce005d442335cfb062533af58,54421,body-v3.10/torso_env_v36.json
body-v3.12/torso_env_v38.json,687e14f2e4e89bf21a99087d015075c6,54455,body-v3.10/torso_env_v38.json
body-v3.12/measure/photo_measure.json,5832cf5aab493edae31cd598e050fc53,2746,body-v3/measure/photo_measure.json
body-v3.12/measure/snout_taper_v312.json,36dde250b844c6de6e65956251b874de,1330,body-v3.12/measure/snout_taper_v312.json
body-v3.12/measure/targets.json,7b665a9c4ecd33771be6d5312f1cfcdb,5282,body-v3/measure/targets.json
body-v3.12/measure/v31_measure.json,7770567faa6c6ee5ce5e18b1da51c474,1121,body-v3.1/measure/v31_measure.json
body-v3.12/measure/v32_measure.json,852640a3181a17ea81aee224e86ac5f7,979,body-v3.10/measure/v32_measure.json
body-v3.12/measure/v32_neck_scale.json,14486360543aa63b349b95440d1f1729,914,body-v3.10/measure/v32_neck_scale.json
body-v3.12/measure/v33_head_size.json,fc2bb9834c1e56d00aff074751409e63,968,body-v3.10/measure/v33_head_size.json
body-v3.12/measure/v33_head_size_overlay.json,f59662c96f18842e63e50af4d4cb1315,567,body-v3.10/measure/v33_head_size_overlay.json
body-v3.12/measure/v33_neck_scale.json,e40e7e3d179e145a736191fd39b80f52,368,body-v3.10/measure/v33_neck_scale.json
body-v3.12/sim/README.md,5a2184fcce272380e8a22600e08816c1,13351,body-v3.10/sim/README.md
body-v3.12/sim/arm_heat_v2.json,bc311c1775b81c9405219b9bbff5ec13,4223,body-v3/sim/arm_heat_v2.json
body-v3.12/sim/arm_heat_v3.json,07b5df779e4043a927a2b4d6fb21639a,4222,body-v3.10/sim/arm_heat_v3.json
body-v3.12/sim/compare_stock_v2_v3.json,0ed3b329d48797a6244eeffa2d5fde08,3805,body-v3/sim/compare_stock_v2_v3.json
body-v3.12/sim/compare_stock_v2_v3.md,895225c90e71fdfa98f1516ec893a8b1,2949,body-v3/sim/compare_stock_v2_v3.md
body-v3.12/sim/compare_v311_v312.json,3473272bc00ed7d7bd1011e4668be807,3275,body-v3.12/sim/compare_v311_v312.json
body-v3.12/sim/compare_v311_v312.md,22edbe199a0bd1aadce75c39aed27780,1921,body-v3.12/sim/compare_v311_v312.md
body-v3.12/sim/compare_v31_v32.json,c51ae2424f05c1ab5562ee15e9b2965f,3254,body-v3.10/sim/compare_v31_v32.json
body-v3.12/sim/compare_v31_v32.md,644ebfad4fb06dc032148c27094bee2c,1939,body-v3.10/sim/compare_v31_v32.md
body-v3.12/sim/compare_v32_v33.json,a6b9c313414ce0741dcde7c80ce064a7,3255,body-v3.10/sim/compare_v32_v33.json
body-v3.12/sim/compare_v32_v33.md,de11b2bed04349fe3059fe2af1f01f8d,1861,body-v3.10/sim/compare_v32_v33.md
body-v3.12/sim/compare_v33_v34.json,9970e48ff8444752844c36261fdbc8a7,3255,body-v3.10/sim/compare_v33_v34.json
body-v3.12/sim/compare_v33_v34.md,1bee2d057cf0af55e9285ae39642e0d4,1861,body-v3.10/sim/compare_v33_v34.md
body-v3.12/sim/compare_v34_v35.json,15b209ba528bca78169f2c308cc5a0c0,3263,body-v3.10/sim/compare_v34_v35.json
body-v3.12/sim/compare_v34_v35.md,e7b150ed0f30c20b731c9a2ac12058d0,2289,body-v3.10/sim/compare_v34_v35.md
body-v3.12/sim/compare_v35_v36.json,91ae3e17f2ce269016d61be082636f3e,3272,body-v3.10/sim/compare_v35_v36.json
body-v3.12/sim/compare_v35_v36.md,ada8c03eeb0156deaac729f93149e461,2344,body-v3.10/sim/compare_v35_v36.md
body-v3.12/sim/compare_v36_v37.json,3e11a3460b142718d63652a501df696e,3271,body-v3.10/sim/compare_v36_v37.json
body-v3.12/sim/compare_v36_v37.md,fda6c06c3d45610df1ba016b41b4ba7b,2405,body-v3.10/sim/compare_v36_v37.md
body-v3.12/sim/compare_v37_v38.json,1276986b406e998977d666daa157cf71,3272,body-v3.10/sim/compare_v37_v38.json
body-v3.12/sim/compare_v37_v38.md,f8a800c1b0a12f6fdc9a81f7131ee562,1915,body-v3.10/sim/compare_v37_v38.md
body-v3.12/sim/compare_v38_v39.json,5a057226cca27472ecf7125a724e8082,3274,body-v3.10/sim/compare_v38_v39.json
body-v3.12/sim/compare_v38_v39.md,dc30e35f4edbde2136c3daf04fc04bcc,1917,body-v3.10/sim/compare_v38_v39.md
body-v3.12/sim/compare_v39_v310.json,8d43b630f2580e8ba95a586df3f3d406,3275,body-v3.10/sim/compare_v39_v310.json
body-v3.12/sim/compare_v39_v310.md,03dd6304ccf2ba5f39991cdadfafd6c8,1921,body-v3.10/sim/compare_v39_v310.md
body-v3.12/sim/compare_v39_v311.json,bf0d8a9069f17dfd3c90f0ae651cbc80,3274,body-v3.11/sim/compare_v39_v311.json
body-v3.12/sim/compare_v39_v311.md,504094156e0454adb92ca4e51fd97da2,1920,body-v3.11/sim/compare_v39_v311.md
body-v3.12/sim/compare_v3_v31.json,7e29f9219c9b23c6c5982ab3a1a89db3,2829,body-v3.1/sim/compare_v3_v31.json
body-v3.12/sim/compare_v3_v31.md,175081c021dce15c7e987872af0ac43f,1611,body-v3.1/sim/compare_v3_v31.md
body-v3.12/sim/mass_report_v3.json,ed9e9de6e109383fd6db6455a3a99033,12908,body-v3.12/sim/mass_report_v3.json
body-v3.12/sim/plot_compare.png,2457a623d2f320f37f590b6d2c9af28b,58887,body-v3/sim/plot_compare.png
body-v3.12/sim/results_v3.json,5424004f332c0e8e99cd9a8ec70d033e,7823,body-v3.12/sim/results_v3.json
body-v3.12/sim/results_v3_8pct.json,cb25e47bae840299a65617cae6694f56,7820,body-v3.11/sim/results_v3_8pct.json
body-v3.12/sim/results_v3_snout10pct.json,103a1aed6577f64926a156f4fcbe8328,7823,body-v3.11/sim/results_v3_snout10pct.json
body-v3.12/sim/walk_refine_eff_v32.json,f04e0a3867edc2a3eee666a5dceba463,158,body-v3.10/sim/walk_refine_eff_v32.json
body-v3.12/sim/walk_refine_v32.json,77fe6c57a75092d5b28d9da7340ad6b3,156,body-v3.10/sim/walk_refine_v32.json
body-v3.12/sim/walk_v3.json,6813456c6d543b75d9ce3378cc7ec76d,3035,body-v3.12/sim/walk_v3.json
body-v3.12/sim/walk_v3_eff.json,da1bc95efaa4f87cffc8d4173df08fb6,3048,body-v3.12/sim/walk_v3_eff.json
body-v3.12/sim/walk_v3_eff_noref.json,ebaa41acfaaef3b24dc77ab83db09f93,3101,body-v3.10/sim/walk_v3_eff_noref.json
body-v3.12/sim/walk_v3_noref.json,85f5f335181e839cfdc2d627ecca5d32,3095,body-v3.10/sim/walk_v3_noref.json
body-v3.12/sim/walk_v3_prerefine_v310.json,09d03ddff2a0a115af858a30f0934a7e,3038,body-v3.10/sim/walk_v3_prerefine_v310.json
body-v3.12/sim/v310_ref/arm_heat_v3.json,07b5df779e4043a927a2b4d6fb21639a,4222,body-v3.10/sim/arm_heat_v3.json
body-v3.12/sim/v310_ref/results_v3.json,2370068638410dd3864dd3c892cd6a3b,7823,body-v3.10/sim/results_v3.json
body-v3.12/sim/v310_ref/walk_v3.json,e9d78c042a9e739225f3023ca5bd64dd,3038,body-v3.10/sim/walk_v3.json
body-v3.12/sim/v310_ref/walk_v3_eff.json,1e744e11cd7023f86b9f07eff160bb5d,3038,body-v3.10/sim/walk_v3_eff.json
body-v3.12/sim/v311_ref/arm_heat_v3.json,07b5df779e4043a927a2b4d6fb21639a,4222,body-v3.10/sim/arm_heat_v3.json
body-v3.12/sim/v311_ref/results_v3.json,859125992a19eb68d7b6dfc8772bce89,7823,body-v3.11/sim/results_v3.json
body-v3.12/sim/v311_ref/walk_v3.json,4af9789103d25cb741517657b5fde163,3031,body-v3.11/sim/walk_v3.json
body-v3.12/sim/v311_ref/walk_v3_eff.json,90de5e2d159d49e1a165ee89674e8272,3049,body-v3.11/sim/walk_v3_eff.json
body-v3.12/sim/v31_ref/arm_heat_v3.json,2126fcc62fd7d3c396dcb7770419204a,4220,body-v3.1/sim/arm_heat_v3.json
body-v3.12/sim/v31_ref/mass_report_v3.json,b22177cef249a8bc99fcb2f57bb05878,12902,body-v3.1/sim/mass_report_v3.json
body-v3.12/sim/v31_ref/results_v3.json,510d1456468455e8152b440555672307,8029,body-v3.1/sim/results_v3.json
body-v3.12/sim/v31_ref/walk_v3.json,21a198ab40b540b4e3398bd7bdd66988,3094,body-v3.1/sim/walk_v3.json
body-v3.12/sim/v31_ref/walk_v3_eff.json,031ec90a823c37124efb0f9b271545e0,3102,body-v3.1/sim/walk_v3_eff.json
body-v3.12/sim/v32_ref/arm_heat_v3.json,07b5df779e4043a927a2b4d6fb21639a,4222,body-v3.10/sim/arm_heat_v3.json
body-v3.12/sim/v32_ref/results_v3.json,691b926aea221e63317388971ca903f7,8023,body-v3.10/sim/v32_ref/results_v3.json
body-v3.12/sim/v32_ref/walk_refine_v32.json,0648267fc7b09edeaa65985c0b4db260,157,body-v3.10/sim/v32_ref/walk_refine_v32.json
body-v3.12/sim/v32_ref/walk_v3.json,120423616b57938b7fd7672da7ad00f6,3165,body-v3.10/sim/v32_ref/walk_v3.json
body-v3.12/sim/v32_ref/walk_v3_eff.json,0860666c2fb00c61803ca5cf38d8cf2e,3103,body-v3.10/sim/v32_ref/walk_v3_eff.json
body-v3.12/sim/v33_ref/arm_heat_v3.json,07b5df779e4043a927a2b4d6fb21639a,4222,body-v3.10/sim/arm_heat_v3.json
body-v3.12/sim/v33_ref/results_v3.json,1f5b949f70ea6f2d2ca68c339ea885bb,8028,body-v3.10/sim/v33_ref/results_v3.json
body-v3.12/sim/v33_ref/walk_v3.json,135fd3eba247694b2d0455b05c2b1ed0,3154,body-v3.10/sim/v33_ref/walk_v3.json
body-v3.12/sim/v33_ref/walk_v3_eff.json,07f206d2b718406f84a80514363a0894,3163,body-v3.10/sim/v33_ref/walk_v3_eff.json
body-v3.12/sim/v34_ref/arm_heat_v3.json,07b5df779e4043a927a2b4d6fb21639a,4222,body-v3.10/sim/arm_heat_v3.json
body-v3.12/sim/v34_ref/results_v3.json,daa3ef05a96a0d46bbace841296e31c6,8020,body-v3.10/sim/v34_ref/results_v3.json
body-v3.12/sim/v34_ref/walk_v3.json,7f1ce820d388e0e41ba3dfc2c5faba4a,3155,body-v3.10/sim/v34_ref/walk_v3.json
body-v3.12/sim/v34_ref/walk_v3_eff.json,4ea2b63d0b9eba2faa54ba882cf92f93,3160,body-v3.10/sim/v34_ref/walk_v3_eff.json
body-v3.12/sim/v36_ref/arm_heat_v3.json,07b5df779e4043a927a2b4d6fb21639a,4222,body-v3.10/sim/arm_heat_v3.json
body-v3.12/sim/v36_ref/results_v3.json,6d09c34dcdbeb0ab1721a3015ed869a3,7773,body-v3.10/sim/v36_ref/results_v3.json
body-v3.12/sim/v36_ref/walk_v3.json,38bcf54acd4ca8bbf675993d585329f0,3039,body-v3.10/sim/v36_ref/walk_v3.json
body-v3.12/sim/v36_ref/walk_v3_eff.json,31b8a828b14afc9f5d317ef29cfbe9a9,3042,body-v3.10/sim/v36_ref/walk_v3_eff.json
body-v3.12/sim/v37_ref/arm_heat_v3.json,07b5df779e4043a927a2b4d6fb21639a,4222,body-v3.10/sim/arm_heat_v3.json
body-v3.12/sim/v37_ref/results_v3.json,e28526abee73fc3f1f2ce8a8893f87ae,7780,body-v3.10/sim/v37_ref/results_v3.json
body-v3.12/sim/v37_ref/walk_v3.json,33671a750fd7dce386401bce59f686a8,3032,body-v3.10/sim/v37_ref/walk_v3.json
body-v3.12/sim/v37_ref/walk_v3_eff.json,7be0f1960d01f0a3b80fb0f12f58de19,3043,body-v3.10/sim/v37_ref/walk_v3_eff.json
body-v3.12/sim/v38_ref/arm_heat_v3.json,07b5df779e4043a927a2b4d6fb21639a,4222,body-v3.10/sim/arm_heat_v3.json
body-v3.12/sim/v38_ref/results_v3.json,db7c5b8b22483b4f91eb46d530353928,7824,body-v3.10/sim/v38_ref/results_v3.json
body-v3.12/sim/v38_ref/walk_v3.json,fee45989bdaf3ab94dcabed25b50e7bb,3039,body-v3.10/sim/v38_ref/walk_v3.json
body-v3.12/sim/v38_ref/walk_v3_eff.json,228f2964c6705f80ebc7366edb2f0317,3043,body-v3.10/sim/v38_ref/walk_v3_eff.json
body-v3.12/sim/v39_ref/arm_heat_v3.json,07b5df779e4043a927a2b4d6fb21639a,4222,body-v3.10/sim/arm_heat_v3.json
body-v3.12/sim/v39_ref/results_v3.json,6603ecb5509ca86206a169ce15811895,7824,body-v3.10/sim/v39_ref/results_v3.json
body-v3.12/sim/v39_ref/walk_v3.json,8fc65df0a06c89e667c1c6d739d66c3c,3033,body-v3.10/sim/v39_ref/walk_v3.json
body-v3.12/sim/v39_ref/walk_v3_eff.json,79767a0ef34301f4d5f02ac4e2c255bf,3042,body-v3.10/sim/v39_ref/walk_v3_eff.json
body-v3.12/sim/v3_ref/arm_heat_v3.json,24f0f1621b09d575497b233327d5af34,4223,body-v3/sim/arm_heat_v3.json
body-v3.12/sim/v3_ref/results_v3.json,e91a5d8c46c37b6547966407c5d77848,8025,body-v3/sim/results_v3.json
body-v3.12/sim/v3_ref/walk_v3.json,f6dfc33626937c34a72b551e33684da3,3337,body-v3/sim/walk_v3.json
body-v3.12/sim/v3_ref/walk_v3_eff.json,394deba9fbf961cf5d88aae40d78c2e6,3347,body-v3/sim/walk_v3_eff.json
body-v3.13/README.md,65c2e177b5412a5e63ba38b5190edbde,6101,body-v3.10/README.md
body-v3.13/README_v3.md,d5dfb182350ce2de808eda08cc549acc,8398,body-v3/README.md
body-v3.13/README_v31.md,62cf5740b1281b505a1e2bb98d536030,8478,body-v3.1/README.md
body-v3.13/README_v310.md,8da2f237ff36b44d0add847660514f13,3734,body-v3.10/README_v310.md
body-v3.13/README_v311.md,00e8e1e244dfd4deb11e26e2ae98012f,4189,body-v3.11/README_v311.md
body-v3.13/README_v312.md,1661c05da47e75ae5678be1a9513648e,4010,body-v3.12/README_v312.md
body-v3.13/README_v313.md,60beb427e39b3057b625d7c402153ecd,3338,body-v3.13/README_v313.md
body-v3.13/README_v32.md,36d5079dfd7d10c4ca271706c936cf5a,12057,body-v3.10/README_v32.md
body-v3.13/README_v33.md,6752bb01dae32e530a285e330f4d5770,5164,body-v3.10/README_v33.md
body-v3.13/README_v34.md,b512057a38e8cd7dd3ee07219c058e51,2623,body-v3.10/README_v34.md
body-v3.13/README_v35.md,7d8c481c42edc18f57b68b7bcea44345,2418,body-v3.10/README_v35.md
body-v3.13/README_v36.md,756af93fbf80b2ee9e5fee1458509d98,2438,body-v3.10/README_v36.md
body-v3.13/README_v38.md,ed0092856c928668efe6274c4752d7c2,4651,body-v3.10/README_v38.md
body-v3.13/README_v39.md,93f974e23db0965ce50120ba22d3dfaf,4818,body-v3.10/README_v39.md
body-v3.13/bom_v35.md,54e414cced6d75762caa12cba76d0d40,1012,body-v3.10/bom_v35.md
body-v3.13/build_report.json,3c08239c078593b51d293cace8ec1a27,19929,body-v3.10/build_report.json
body-v3.13/changed_parts_v36_to_v37.json,a9a41d7c46a2ad62fed49408f90e4b29,1338,body-v3.10/changed_parts_v36_to_v37.json
body-v3.13/changed_parts_v37_to_v38.json,49ae233dc0c85f386397a6f0a52f4f9a,6172,body-v3.10/changed_parts_v37_to_v38.json
body-v3.13/changed_parts_v38_to_v39.json,d3cd5cdf0f50ea6407e39f2225cef809,6381,body-v3.10/changed_parts_v38_to_v39.json
body-v3.13/collide_head_v310.json,e25c6464886e09f567ee551e6f338f74,2142,body-v3.10/collide_head_v310.json
body-v3.13/collide_head_v311.json,e25c6464886e09f567ee551e6f338f74,2142,body-v3.10/collide_head_v310.json
body-v3.13/collide_head_v312.json,e25c6464886e09f567ee551e6f338f74,2142,body-v3.10/collide_head_v310.json
body-v3.13/collide_head_v312_baseline_for_v313.json,9b4637517f3bf949c5067330e618d235,10236,body-v3.13/collide_head_v312_baseline_for_v313.json
body-v3.13/collide_head_v313.json,b49557fdb2e92668b038eff5c1f559b2,10094,body-v3.13/collide_head_v313.json
body-v3.13/collide_log_v38.txt,9401ea726b306a56955aecbaf3d6525e,4281,body-v3.10/collide_log_v38.txt
body-v3.13/collide_log_v39.txt,9401ea726b306a56955aecbaf3d6525e,4281,body-v3.10/collide_log_v38.txt
body-v3.13/collide_report.json,e6ddd4078834a837f9559a91643465bb,20690,body-v3.10/collide_report.json
body-v3.13/collide_v31_rule_check.json,2cfb89f60ed078067a5b0d563369f90c,129,body-v3.1/collide_v31_rule_check.json
body-v3.13/collide_v32_rule_check.json,005b67a629f7dd1569344a87c0e8df7b,164,body-v3.10/collide_v32_rule_check.json
body-v3.13/grain_report_v37.json,8641fd5e4f404b0320b0b7fc24f8524f,1959,body-v3.13/grain_report_v37.json
body-v3.13/hair_print_report_v313.json,860be9dcc14d271703ad67c23017d1dc,2832,body-v3.13/hair_print_report_v313.json
body-v3.13/head_print_report.json,79f615cf398723aa2801b3336ef39415,6972,body-v3.10/head_print_report.json
body-v3.13/head_print_report_v36.json,d33da0d7f147f0bd784709823ca6e9ae,7037,body-v3.10/head_print_report_v36.json
body-v3.13/head_print_report_v37.json,4e0e79baf232a56165080655c08ae618,7733,body-v3.10/head_print_report_v37.json
body-v3.13/head_print_report_v38.json,5d6e16e5fb2414e0bbfca34176d0c3f5,7735,body-v3.10/head_print_report_v38.json
body-v3.13/head_print_report_v39.json,ba2c678786c8b3f4cd8feca3787e75dd,7781,body-v3.10/head_print_report_v39.json
body-v3.13/head_size_v36.json,04f54b55f682598962ff3481a5aba85f,717,body-v3.10/head_size_v36.json
body-v3.13/print_note_hair_v313.md,1e35268b4a671737e912d031e769524e,1665,body-v3.13/print_note_hair_v313.md
body-v3.13/print_note_snout_v310.md,8c28ce33c8014e2a35235021cfe421d2,1461,body-v3.10/print_note_snout_v310.md
body-v3.13/print_note_snout_v311.md,9e46a723542d0793ff9f75be43a9b93f,2029,body-v3.11/print_note_snout_v311.md
body-v3.13/print_note_snout_v312.md,c45bac8778b151145198787bdf6e0062,1827,body-v3.12/print_note_snout_v312.md
body-v3.13/print_sheet_body_v38.md,face3494b2f0898c92d4de88aa098edc,6733,body-v3.10/print_sheet_body_v38.md
body-v3.13/print_sheet_head.md,ac0500e69043b84dbd57f7204b995982,3511,body-v3.10/print_sheet_head.md
body-v3.13/print_sheet_head_v36.md,6ac4c2094ed80fd60fd094d5b6ead7f8,3683,body-v3.10/print_sheet_head_v36.md
body-v3.13/print_sheet_head_v37.md,e9fbab93227e450a8c099f93fd6ea65b,5234,body-v3.10/print_sheet_head_v37.md
body-v3.13/print_sheet_head_v38.md,1bd44b955d22ea2e13d00bf05d107d31,5698,body-v3.10/print_sheet_head_v38.md
body-v3.13/print_sheet_head_v39.md,be1e14d15b9f562fb02da2a9853dbef9,5766,body-v3.10/print_sheet_head_v39.md
body-v3.13/servo_choice.md,316473d63f90ad6a5649462db90ee4c3,7062,body-v3.1/servo_choice.md
body-v3.13/snout_print_report_v310.json,4bf50103ac3941a34a8e642e795d6244,1079,body-v3.10/snout_print_report_v310.json
body-v3.13/snout_print_report_v311.json,3a2a461ef0f6fd92fab4a720d1521a76,1010,body-v3.11/snout_print_report_v311.json
body-v3.13/snout_print_report_v312.json,777e230a1c3e92c7a47d5c5b7220e6ad,918,body-v3.12/snout_print_report_v312.json
body-v3.13/torso_env_v34.json,bda31ea296b814d3685d260d29f3e20f,36249,body-v3.10/torso_env_v34.json
body-v3.13/torso_env_v36.json,8b9d02fce005d442335cfb062533af58,54421,body-v3.10/torso_env_v36.json
body-v3.13/torso_env_v38.json,687e14f2e4e89bf21a99087d015075c6,54455,body-v3.10/torso_env_v38.json
body-v3.13/measure/photo_measure.json,5832cf5aab493edae31cd598e050fc53,2746,body-v3/measure/photo_measure.json
body-v3.13/measure/snout_taper_v312.json,36dde250b844c6de6e65956251b874de,1330,body-v3.12/measure/snout_taper_v312.json
body-v3.13/measure/targets.json,7b665a9c4ecd33771be6d5312f1cfcdb,5282,body-v3/measure/targets.json
body-v3.13/measure/v31_measure.json,7770567faa6c6ee5ce5e18b1da51c474,1121,body-v3.1/measure/v31_measure.json
body-v3.13/measure/v32_measure.json,852640a3181a17ea81aee224e86ac5f7,979,body-v3.10/measure/v32_measure.json
body-v3.13/measure/v32_neck_scale.json,14486360543aa63b349b95440d1f1729,914,body-v3.10/measure/v32_neck_scale.json
body-v3.13/measure/v33_head_size.json,fc2bb9834c1e56d00aff074751409e63,968,body-v3.10/measure/v33_head_size.json
body-v3.13/measure/v33_head_size_overlay.json,f59662c96f18842e63e50af4d4cb1315,567,body-v3.10/measure/v33_head_size_overlay.json
body-v3.13/measure/v33_neck_scale.json,e40e7e3d179e145a736191fd39b80f52,368,body-v3.10/measure/v33_neck_scale.json
body-v3.13/sim/README.md,5a2184fcce272380e8a22600e08816c1,13351,body-v3.10/sim/README.md
body-v3.13/sim/arm_heat_v2.json,bc311c1775b81c9405219b9bbff5ec13,4223,body-v3/sim/arm_heat_v2.json
body-v3.13/sim/arm_heat_v3.json,07b5df779e4043a927a2b4d6fb21639a,4222,body-v3.10/sim/arm_heat_v3.json
body-v3.13/sim/compare_stock_v2_v3.json,0ed3b329d48797a6244eeffa2d5fde08,3805,body-v3/sim/compare_stock_v2_v3.json
body-v3.13/sim/compare_stock_v2_v3.md,895225c90e71fdfa98f1516ec893a8b1,2949,body-v3/sim/compare_stock_v2_v3.md
body-v3.13/sim/compare_v311_v312.json,3473272bc00ed7d7bd1011e4668be807,3275,body-v3.12/sim/compare_v311_v312.json
body-v3.13/sim/compare_v311_v312.md,22edbe199a0bd1aadce75c39aed27780,1921,body-v3.12/sim/compare_v311_v312.md
body-v3.13/sim/compare_v312_v313.json,5dd49cf449e49debec85c42ab559d377,3276,body-v3.13/sim/compare_v312_v313.json
body-v3.13/sim/compare_v312_v313.md,b8d569cdec4a0b4d85e633e1fad8d729,1922,body-v3.13/sim/compare_v312_v313.md
body-v3.13/sim/compare_v31_v32.json,c51ae2424f05c1ab5562ee15e9b2965f,3254,body-v3.10/sim/compare_v31_v32.json
body-v3.13/sim/compare_v31_v32.md,644ebfad4fb06dc032148c27094bee2c,1939,body-v3.10/sim/compare_v31_v32.md
body-v3.13/sim/compare_v32_v33.json,a6b9c313414ce0741dcde7c80ce064a7,3255,body-v3.10/sim/compare_v32_v33.json
body-v3.13/sim/compare_v32_v33.md,de11b2bed04349fe3059fe2af1f01f8d,1861,body-v3.10/sim/compare_v32_v33.md
body-v3.13/sim/compare_v33_v34.json,9970e48ff8444752844c36261fdbc8a7,3255,body-v3.10/sim/compare_v33_v34.json
body-v3.13/sim/compare_v33_v34.md,1bee2d057cf0af55e9285ae39642e0d4,1861,body-v3.10/sim/compare_v33_v34.md
body-v3.13/sim/compare_v34_v35.json,15b209ba528bca78169f2c308cc5a0c0,3263,body-v3.10/sim/compare_v34_v35.json
body-v3.13/sim/compare_v34_v35.md,e7b150ed0f30c20b731c9a2ac12058d0,2289,body-v3.10/sim/compare_v34_v35.md
body-v3.13/sim/compare_v35_v36.json,91ae3e17f2ce269016d61be082636f3e,3272,body-v3.10/sim/compare_v35_v36.json
body-v3.13/sim/compare_v35_v36.md,ada8c03eeb0156deaac729f93149e461,2344,body-v3.10/sim/compare_v35_v36.md
body-v3.13/sim/compare_v36_v37.json,3e11a3460b142718d63652a501df696e,3271,body-v3.10/sim/compare_v36_v37.json
body-v3.13/sim/compare_v36_v37.md,fda6c06c3d45610df1ba016b41b4ba7b,2405,body-v3.10/sim/compare_v36_v37.md
body-v3.13/sim/compare_v37_v38.json,1276986b406e998977d666daa157cf71,3272,body-v3.10/sim/compare_v37_v38.json
body-v3.13/sim/compare_v37_v38.md,f8a800c1b0a12f6fdc9a81f7131ee562,1915,body-v3.10/sim/compare_v37_v38.md
body-v3.13/sim/compare_v38_v39.json,5a057226cca27472ecf7125a724e8082,3274,body-v3.10/sim/compare_v38_v39.json
body-v3.13/sim/compare_v38_v39.md,dc30e35f4edbde2136c3daf04fc04bcc,1917,body-v3.10/sim/compare_v38_v39.md
body-v3.13/sim/compare_v39_v310.json,8d43b630f2580e8ba95a586df3f3d406,3275,body-v3.10/sim/compare_v39_v310.json
body-v3.13/sim/compare_v39_v310.md,03dd6304ccf2ba5f39991cdadfafd6c8,1921,body-v3.10/sim/compare_v39_v310.md
body-v3.13/sim/compare_v39_v311.json,bf0d8a9069f17dfd3c90f0ae651cbc80,3274,body-v3.11/sim/compare_v39_v311.json
body-v3.13/sim/compare_v39_v311.md,504094156e0454adb92ca4e51fd97da2,1920,body-v3.11/sim/compare_v39_v311.md
body-v3.13/sim/compare_v3_v31.json,7e29f9219c9b23c6c5982ab3a1a89db3,2829,body-v3.1/sim/compare_v3_v31.json
body-v3.13/sim/compare_v3_v31.md,175081c021dce15c7e987872af0ac43f,1611,body-v3.1/sim/compare_v3_v31.md
body-v3.13/sim/mass_report_v3.json,98d356b98391cb67e2e983251914ce66,12909,body-v3.13/sim/mass_report_v3.json
body-v3.13/sim/plot_compare.png,2457a623d2f320f37f590b6d2c9af28b,58887,body-v3/sim/plot_compare.png
body-v3.13/sim/results_v3.json,67bd0b0a37ce918accc96f83b082ba78,7824,body-v3.13/sim/results_v3.json
body-v3.13/sim/results_v3_8pct.json,cb25e47bae840299a65617cae6694f56,7820,body-v3.11/sim/results_v3_8pct.json
body-v3.13/sim/results_v3_snout10pct.json,103a1aed6577f64926a156f4fcbe8328,7823,body-v3.11/sim/results_v3_snout10pct.json
body-v3.13/sim/walk_refine_eff_v32.json,f04e0a3867edc2a3eee666a5dceba463,158,body-v3.10/sim/walk_refine_eff_v32.json
body-v3.13/sim/walk_refine_v32.json,fb5c6f61e444fabcf47e9a1037d4160c,156,body-v3.13/sim/walk_refine_v32.json
body-v3.13/sim/walk_v3.json,2c2d41ffb6e73a6f5bfb5f357980c15e,3041,body-v3.13/sim/walk_v3.json
body-v3.13/sim/walk_v3_eff.json,5242427cabd723b2862e4d462e5b963f,3047,body-v3.13/sim/walk_v3_eff.json
body-v3.13/sim/walk_v3_eff_noref.json,ebaa41acfaaef3b24dc77ab83db09f93,3101,body-v3.10/sim/walk_v3_eff_noref.json
body-v3.13/sim/walk_v3_noref.json,85f5f335181e839cfdc2d627ecca5d32,3095,body-v3.10/sim/walk_v3_noref.json
body-v3.13/sim/walk_v3_prerefine_v310.json,09d03ddff2a0a115af858a30f0934a7e,3038,body-v3.10/sim/walk_v3_prerefine_v310.json
body-v3.13/sim/v310_ref/arm_heat_v3.json,07b5df779e4043a927a2b4d6fb21639a,4222,body-v3.10/sim/arm_heat_v3.json
body-v3.13/sim/v310_ref/results_v3.json,2370068638410dd3864dd3c892cd6a3b,7823,body-v3.10/sim/results_v3.json
body-v3.13/sim/v310_ref/walk_v3.json,e9d78c042a9e739225f3023ca5bd64dd,3038,body-v3.10/sim/walk_v3.json
body-v3.13/sim/v310_ref/walk_v3_eff.json,1e744e11cd7023f86b9f07eff160bb5d,3038,body-v3.10/sim/walk_v3_eff.json
body-v3.13/sim/v311_ref/arm_heat_v3.json,07b5df779e4043a927a2b4d6fb21639a,4222,body-v3.10/sim/arm_heat_v3.json
body-v3.13/sim/v311_ref/results_v3.json,859125992a19eb68d7b6dfc8772bce89,7823,body-v3.11/sim/results_v3.json
body-v3.13/sim/v311_ref/walk_v3.json,4af9789103d25cb741517657b5fde163,3031,body-v3.11/sim/walk_v3.json
body-v3.13/sim/v311_ref/walk_v3_eff.json,90de5e2d159d49e1a165ee89674e8272,3049,body-v3.11/sim/walk_v3_eff.json
body-v3.13/sim/v312_ref/arm_heat_v3.json,07b5df779e4043a927a2b4d6fb21639a,4222,body-v3.10/sim/arm_heat_v3.json
body-v3.13/sim/v312_ref/results_v3.json,5424004f332c0e8e99cd9a8ec70d033e,7823,body-v3.12/sim/results_v3.json
body-v3.13/sim/v312_ref/walk_v3.json,6813456c6d543b75d9ce3378cc7ec76d,3035,body-v3.12/sim/walk_v3.json
body-v3.13/sim/v312_ref/walk_v3_eff.json,da1bc95efaa4f87cffc8d4173df08fb6,3048,body-v3.12/sim/walk_v3_eff.json
body-v3.13/sim/v31_ref/arm_heat_v3.json,2126fcc62fd7d3c396dcb7770419204a,4220,body-v3.1/sim/arm_heat_v3.json
body-v3.13/sim/v31_ref/mass_report_v3.json,b22177cef249a8bc99fcb2f57bb05878,12902,body-v3.1/sim/mass_report_v3.json
body-v3.13/sim/v31_ref/results_v3.json,510d1456468455e8152b440555672307,8029,body-v3.1/sim/results_v3.json
body-v3.13/sim/v31_ref/walk_v3.json,21a198ab40b540b4e3398bd7bdd66988,3094,body-v3.1/sim/walk_v3.json
body-v3.13/sim/v31_ref/walk_v3_eff.json,031ec90a823c37124efb0f9b271545e0,3102,body-v3.1/sim/walk_v3_eff.json
body-v3.13/sim/v32_ref/arm_heat_v3.json,07b5df779e4043a927a2b4d6fb21639a,4222,body-v3.10/sim/arm_heat_v3.json
body-v3.13/sim/v32_ref/results_v3.json,691b926aea221e63317388971ca903f7,8023,body-v3.10/sim/v32_ref/results_v3.json
body-v3.13/sim/v32_ref/walk_refine_v32.json,0648267fc7b09edeaa65985c0b4db260,157,body-v3.10/sim/v32_ref/walk_refine_v32.json
body-v3.13/sim/v32_ref/walk_v3.json,120423616b57938b7fd7672da7ad00f6,3165,body-v3.10/sim/v32_ref/walk_v3.json
body-v3.13/sim/v32_ref/walk_v3_eff.json,0860666c2fb00c61803ca5cf38d8cf2e,3103,body-v3.10/sim/v32_ref/walk_v3_eff.json
body-v3.13/sim/v33_ref/arm_heat_v3.json,07b5df779e4043a927a2b4d6fb21639a,4222,body-v3.10/sim/arm_heat_v3.json
body-v3.13/sim/v33_ref/results_v3.json,1f5b949f70ea6f2d2ca68c339ea885bb,8028,body-v3.10/sim/v33_ref/results_v3.json
body-v3.13/sim/v33_ref/walk_v3.json,135fd3eba247694b2d0455b05c2b1ed0,3154,body-v3.10/sim/v33_ref/walk_v3.json
body-v3.13/sim/v33_ref/walk_v3_eff.json,07f206d2b718406f84a80514363a0894,3163,body-v3.10/sim/v33_ref/walk_v3_eff.json
body-v3.13/sim/v34_ref/arm_heat_v3.json,07b5df779e4043a927a2b4d6fb21639a,4222,body-v3.10/sim/arm_heat_v3.json
body-v3.13/sim/v34_ref/results_v3.json,daa3ef05a96a0d46bbace841296e31c6,8020,body-v3.10/sim/v34_ref/results_v3.json
body-v3.13/sim/v34_ref/walk_v3.json,7f1ce820d388e0e41ba3dfc2c5faba4a,3155,body-v3.10/sim/v34_ref/walk_v3.json
body-v3.13/sim/v34_ref/walk_v3_eff.json,4ea2b63d0b9eba2faa54ba882cf92f93,3160,body-v3.10/sim/v34_ref/walk_v3_eff.json
body-v3.13/sim/v36_ref/arm_heat_v3.json,07b5df779e4043a927a2b4d6fb21639a,4222,body-v3.10/sim/arm_heat_v3.json
body-v3.13/sim/v36_ref/results_v3.json,6d09c34dcdbeb0ab1721a3015ed869a3,7773,body-v3.10/sim/v36_ref/results_v3.json
body-v3.13/sim/v36_ref/walk_v3.json,38bcf54acd4ca8bbf675993d585329f0,3039,body-v3.10/sim/v36_ref/walk_v3.json
body-v3.13/sim/v36_ref/walk_v3_eff.json,31b8a828b14afc9f5d317ef29cfbe9a9,3042,body-v3.10/sim/v36_ref/walk_v3_eff.json
body-v3.13/sim/v37_ref/arm_heat_v3.json,07b5df779e4043a927a2b4d6fb21639a,4222,body-v3.10/sim/arm_heat_v3.json
body-v3.13/sim/v37_ref/results_v3.json,e28526abee73fc3f1f2ce8a8893f87ae,7780,body-v3.10/sim/v37_ref/results_v3.json
body-v3.13/sim/v37_ref/walk_v3.json,33671a750fd7dce386401bce59f686a8,3032,body-v3.10/sim/v37_ref/walk_v3.json
body-v3.13/sim/v37_ref/walk_v3_eff.json,7be0f1960d01f0a3b80fb0f12f58de19,3043,body-v3.10/sim/v37_ref/walk_v3_eff.json
body-v3.13/sim/v38_ref/arm_heat_v3.json,07b5df779e4043a927a2b4d6fb21639a,4222,body-v3.10/sim/arm_heat_v3.json
body-v3.13/sim/v38_ref/results_v3.json,db7c5b8b22483b4f91eb46d530353928,7824,body-v3.10/sim/v38_ref/results_v3.json
body-v3.13/sim/v38_ref/walk_v3.json,fee45989bdaf3ab94dcabed25b50e7bb,3039,body-v3.10/sim/v38_ref/walk_v3.json
body-v3.13/sim/v38_ref/walk_v3_eff.json,228f2964c6705f80ebc7366edb2f0317,3043,body-v3.10/sim/v38_ref/walk_v3_eff.json
body-v3.13/sim/v39_ref/arm_heat_v3.json,07b5df779e4043a927a2b4d6fb21639a,4222,body-v3.10/sim/arm_heat_v3.json
body-v3.13/sim/v39_ref/results_v3.json,6603ecb5509ca86206a169ce15811895,7824,body-v3.10/sim/v39_ref/results_v3.json
body-v3.13/sim/v39_ref/walk_v3.json,8fc65df0a06c89e667c1c6d739d66c3c,3033,body-v3.10/sim/v39_ref/walk_v3.json
body-v3.13/sim/v39_ref/walk_v3_eff.json,79767a0ef34301f4d5f02ac4e2c255bf,3042,body-v3.10/sim/v39_ref/walk_v3_eff.json
body-v3.13/sim/v3_ref/arm_heat_v3.json,24f0f1621b09d575497b233327d5af34,4223,body-v3/sim/arm_heat_v3.json
body-v3.13/sim/v3_ref/results_v3.json,e91a5d8c46c37b6547966407c5d77848,8025,body-v3/sim/results_v3.json
body-v3.13/sim/v3_ref/walk_v3.json,f6dfc33626937c34a72b551e33684da3,3337,body-v3/sim/walk_v3.json
body-v3.13/sim/v3_ref/walk_v3_eff.json,394deba9fbf961cf5d88aae40d78c2e6,3347,body-v3/sim/walk_v3_eff.json
body-v3.14/README.md,65c2e177b5412a5e63ba38b5190edbde,6101,body-v3.10/README.md
body-v3.14/README_v3.md,d5dfb182350ce2de808eda08cc549acc,8398,body-v3/README.md
body-v3.14/README_v31.md,62cf5740b1281b505a1e2bb98d536030,8478,body-v3.1/README.md
body-v3.14/README_v310.md,8da2f237ff36b44d0add847660514f13,3734,body-v3.10/README_v310.md
body-v3.14/README_v311.md,00e8e1e244dfd4deb11e26e2ae98012f,4189,body-v3.11/README_v311.md
body-v3.14/README_v312.md,1661c05da47e75ae5678be1a9513648e,4010,body-v3.12/README_v312.md
body-v3.14/README_v313.md,60beb427e39b3057b625d7c402153ecd,3338,body-v3.13/README_v313.md
body-v3.14/README_v314.md,c06f881a9d452d57268625b05f4b8850,3978,body-v3.14/README_v314.md
body-v3.14/README_v32.md,36d5079dfd7d10c4ca271706c936cf5a,12057,body-v3.10/README_v32.md
body-v3.14/README_v33.md,6752bb01dae32e530a285e330f4d5770,5164,body-v3.10/README_v33.md
body-v3.14/README_v34.md,b512057a38e8cd7dd3ee07219c058e51,2623,body-v3.10/README_v34.md
body-v3.14/README_v35.md,7d8c481c42edc18f57b68b7bcea44345,2418,body-v3.10/README_v35.md
body-v3.14/README_v36.md,756af93fbf80b2ee9e5fee1458509d98,2438,body-v3.10/README_v36.md
body-v3.14/README_v38.md,ed0092856c928668efe6274c4752d7c2,4651,body-v3.10/README_v38.md
body-v3.14/README_v39.md,93f974e23db0965ce50120ba22d3dfaf,4818,body-v3.10/README_v39.md
body-v3.14/bom_v35.md,54e414cced6d75762caa12cba76d0d40,1012,body-v3.10/bom_v35.md
body-v3.14/build_report.json,3c08239c078593b51d293cace8ec1a27,19929,body-v3.10/build_report.json
body-v3.14/changed_parts_v36_to_v37.json,a9a41d7c46a2ad62fed49408f90e4b29,1338,body-v3.10/changed_parts_v36_to_v37.json
body-v3.14/changed_parts_v37_to_v38.json,49ae233dc0c85f386397a6f0a52f4f9a,6172,body-v3.10/changed_parts_v37_to_v38.json
body-v3.14/changed_parts_v38_to_v39.json,d3cd5cdf0f50ea6407e39f2225cef809,6381,body-v3.10/changed_parts_v38_to_v39.json
body-v3.14/collide_head_v310.json,e25c6464886e09f567ee551e6f338f74,2142,body-v3.10/collide_head_v310.json
body-v3.14/collide_head_v311.json,e25c6464886e09f567ee551e6f338f74,2142,body-v3.10/collide_head_v310.json
body-v3.14/collide_head_v312.json,e25c6464886e09f567ee551e6f338f74,2142,body-v3.10/collide_head_v310.json
body-v3.14/collide_head_v312_baseline_for_v313.json,9b4637517f3bf949c5067330e618d235,10236,body-v3.13/collide_head_v312_baseline_for_v313.json
body-v3.14/collide_head_v313.json,b49557fdb2e92668b038eff5c1f559b2,10094,body-v3.13/collide_head_v313.json
body-v3.14/collide_head_v314.json,84a15622992a6302ff45de44e07548b2,10324,body-v3.14/collide_head_v314.json
body-v3.14/collide_log_v38.txt,9401ea726b306a56955aecbaf3d6525e,4281,body-v3.10/collide_log_v38.txt
body-v3.14/collide_log_v39.txt,9401ea726b306a56955aecbaf3d6525e,4281,body-v3.10/collide_log_v38.txt
body-v3.14/collide_report.json,e6ddd4078834a837f9559a91643465bb,20690,body-v3.10/collide_report.json
body-v3.14/collide_v31_rule_check.json,2cfb89f60ed078067a5b0d563369f90c,129,body-v3.1/collide_v31_rule_check.json
body-v3.14/collide_v32_rule_check.json,005b67a629f7dd1569344a87c0e8df7b,164,body-v3.10/collide_v32_rule_check.json
body-v3.14/fit_v314.json,f8aae41806d01c56389950094ea546d5,320,body-v3.14/fit_v314.json
body-v3.14/grain_report_v37.json,605aacfea77e372408128e51ba1102c3,1959,body-v3.14/grain_report_v37.json
body-v3.14/hair_print_report_v313.json,860be9dcc14d271703ad67c23017d1dc,2832,body-v3.13/hair_print_report_v313.json
body-v3.14/hair_print_report_v314.json,a9210bb284841958846ddb4167713788,4794,body-v3.14/hair_print_report_v314.json
body-v3.14/head_print_report.json,79f615cf398723aa2801b3336ef39415,6972,body-v3.10/head_print_report.json
body-v3.14/head_print_report_v36.json,d33da0d7f147f0bd784709823ca6e9ae,7037,body-v3.10/head_print_report_v36.json
body-v3.14/head_print_report_v37.json,4e0e79baf232a56165080655c08ae618,7733,body-v3.10/head_print_report_v37.json
body-v3.14/head_print_report_v38.json,5d6e16e5fb2414e0bbfca34176d0c3f5,7735,body-v3.10/head_print_report_v38.json
body-v3.14/head_print_report_v39.json,ba2c678786c8b3f4cd8feca3787e75dd,7781,body-v3.10/head_print_report_v39.json
body-v3.14/head_size_v36.json,04f54b55f682598962ff3481a5aba85f,717,body-v3.10/head_size_v36.json
body-v3.14/print_note_hair_v313.md,1e35268b4a671737e912d031e769524e,1665,body-v3.13/print_note_hair_v313.md
body-v3.14/print_note_hair_v314.md,d703f5636f9c988f749d1147171e51e9,2397,body-v3.14/print_note_hair_v314.md
body-v3.14/print_note_snout_v310.md,8c28ce33c8014e2a35235021cfe421d2,1461,body-v3.10/print_note_snout_v310.md
body-v3.14/print_note_snout_v311.md,9e46a723542d0793ff9f75be43a9b93f,2029,body-v3.11/print_note_snout_v311.md
body-v3.14/print_note_snout_v312.md,c45bac8778b151145198787bdf6e0062,1827,body-v3.12/print_note_snout_v312.md
body-v3.14/print_sheet_body_v38.md,face3494b2f0898c92d4de88aa098edc,6733,body-v3.10/print_sheet_body_v38.md
body-v3.14/print_sheet_head.md,ac0500e69043b84dbd57f7204b995982,3511,body-v3.10/print_sheet_head.md
body-v3.14/print_sheet_head_v36.md,6ac4c2094ed80fd60fd094d5b6ead7f8,3683,body-v3.10/print_sheet_head_v36.md
body-v3.14/print_sheet_head_v37.md,e9fbab93227e450a8c099f93fd6ea65b,5234,body-v3.10/print_sheet_head_v37.md
body-v3.14/print_sheet_head_v38.md,1bd44b955d22ea2e13d00bf05d107d31,5698,body-v3.10/print_sheet_head_v38.md
body-v3.14/print_sheet_head_v39.md,be1e14d15b9f562fb02da2a9853dbef9,5766,body-v3.10/print_sheet_head_v39.md
body-v3.14/servo_choice.md,316473d63f90ad6a5649462db90ee4c3,7062,body-v3.1/servo_choice.md
body-v3.14/snout_print_report_v310.json,4bf50103ac3941a34a8e642e795d6244,1079,body-v3.10/snout_print_report_v310.json
body-v3.14/snout_print_report_v311.json,3a2a461ef0f6fd92fab4a720d1521a76,1010,body-v3.11/snout_print_report_v311.json
body-v3.14/snout_print_report_v312.json,777e230a1c3e92c7a47d5c5b7220e6ad,918,body-v3.12/snout_print_report_v312.json
body-v3.14/torso_env_v34.json,bda31ea296b814d3685d260d29f3e20f,36249,body-v3.10/torso_env_v34.json
body-v3.14/torso_env_v36.json,8b9d02fce005d442335cfb062533af58,54421,body-v3.10/torso_env_v36.json
body-v3.14/torso_env_v38.json,687e14f2e4e89bf21a99087d015075c6,54455,body-v3.10/torso_env_v38.json
body-v3.14/measure/photo_measure.json,5832cf5aab493edae31cd598e050fc53,2746,body-v3/measure/photo_measure.json
body-v3.14/measure/snout_taper_v312.json,36dde250b844c6de6e65956251b874de,1330,body-v3.12/measure/snout_taper_v312.json
body-v3.14/measure/targets.json,7b665a9c4ecd33771be6d5312f1cfcdb,5282,body-v3/measure/targets.json
body-v3.14/measure/v31_measure.json,7770567faa6c6ee5ce5e18b1da51c474,1121,body-v3.1/measure/v31_measure.json
body-v3.14/measure/v32_measure.json,852640a3181a17ea81aee224e86ac5f7,979,body-v3.10/measure/v32_measure.json
body-v3.14/measure/v32_neck_scale.json,14486360543aa63b349b95440d1f1729,914,body-v3.10/measure/v32_neck_scale.json
body-v3.14/measure/v33_head_size.json,fc2bb9834c1e56d00aff074751409e63,968,body-v3.10/measure/v33_head_size.json
body-v3.14/measure/v33_head_size_overlay.json,f59662c96f18842e63e50af4d4cb1315,567,body-v3.10/measure/v33_head_size_overlay.json
body-v3.14/measure/v33_neck_scale.json,e40e7e3d179e145a736191fd39b80f52,368,body-v3.10/measure/v33_neck_scale.json
body-v3.14/sim/README.md,5a2184fcce272380e8a22600e08816c1,13351,body-v3.10/sim/README.md
body-v3.14/sim/arm_heat_v2.json,bc311c1775b81c9405219b9bbff5ec13,4223,body-v3/sim/arm_heat_v2.json
body-v3.14/sim/arm_heat_v3.json,07b5df779e4043a927a2b4d6fb21639a,4222,body-v3.10/sim/arm_heat_v3.json
body-v3.14/sim/compare_stock_v2_v3.json,0ed3b329d48797a6244eeffa2d5fde08,3805,body-v3/sim/compare_stock_v2_v3.json
body-v3.14/sim/compare_stock_v2_v3.md,895225c90e71fdfa98f1516ec893a8b1,2949,body-v3/sim/compare_stock_v2_v3.md
body-v3.14/sim/compare_v311_v312.json,3473272bc00ed7d7bd1011e4668be807,3275,body-v3.12/sim/compare_v311_v312.json
body-v3.14/sim/compare_v311_v312.md,22edbe199a0bd1aadce75c39aed27780,1921,body-v3.12/sim/compare_v311_v312.md
body-v3.14/sim/compare_v312_v313.json,5dd49cf449e49debec85c42ab559d377,3276,body-v3.13/sim/compare_v312_v313.json
body-v3.14/sim/compare_v312_v313.md,b8d569cdec4a0b4d85e633e1fad8d729,1922,body-v3.13/sim/compare_v312_v313.md
body-v3.14/sim/compare_v313_v314.json,5ee81ca0f77cf165bdf818892ffd6dca,3276,body-v3.14/sim/compare_v313_v314.json
body-v3.14/sim/compare_v313_v314.md,6283c46bebaa7397b4d96d193bfc9c77,1922,body-v3.14/sim/compare_v313_v314.md
body-v3.14/sim/compare_v31_v32.json,c51ae2424f05c1ab5562ee15e9b2965f,3254,body-v3.10/sim/compare_v31_v32.json
body-v3.14/sim/compare_v31_v32.md,644ebfad4fb06dc032148c27094bee2c,1939,body-v3.10/sim/compare_v31_v32.md
body-v3.14/sim/compare_v32_v33.json,a6b9c313414ce0741dcde7c80ce064a7,3255,body-v3.10/sim/compare_v32_v33.json
body-v3.14/sim/compare_v32_v33.md,de11b2bed04349fe3059fe2af1f01f8d,1861,body-v3.10/sim/compare_v32_v33.md
body-v3.14/sim/compare_v33_v34.json,9970e48ff8444752844c36261fdbc8a7,3255,body-v3.10/sim/compare_v33_v34.json
body-v3.14/sim/compare_v33_v34.md,1bee2d057cf0af55e9285ae39642e0d4,1861,body-v3.10/sim/compare_v33_v34.md
body-v3.14/sim/compare_v34_v35.json,15b209ba528bca78169f2c308cc5a0c0,3263,body-v3.10/sim/compare_v34_v35.json
body-v3.14/sim/compare_v34_v35.md,e7b150ed0f30c20b731c9a2ac12058d0,2289,body-v3.10/sim/compare_v34_v35.md
body-v3.14/sim/compare_v35_v36.json,91ae3e17f2ce269016d61be082636f3e,3272,body-v3.10/sim/compare_v35_v36.json
body-v3.14/sim/compare_v35_v36.md,ada8c03eeb0156deaac729f93149e461,2344,body-v3.10/sim/compare_v35_v36.md
body-v3.14/sim/compare_v36_v37.json,3e11a3460b142718d63652a501df696e,3271,body-v3.10/sim/compare_v36_v37.json
body-v3.14/sim/compare_v36_v37.md,fda6c06c3d45610df1ba016b41b4ba7b,2405,body-v3.10/sim/compare_v36_v37.md
body-v3.14/sim/compare_v37_v38.json,1276986b406e998977d666daa157cf71,3272,body-v3.10/sim/compare_v37_v38.json
body-v3.14/sim/compare_v37_v38.md,f8a800c1b0a12f6fdc9a81f7131ee562,1915,body-v3.10/sim/compare_v37_v38.md
body-v3.14/sim/compare_v38_v39.json,5a057226cca27472ecf7125a724e8082,3274,body-v3.10/sim/compare_v38_v39.json
body-v3.14/sim/compare_v38_v39.md,dc30e35f4edbde2136c3daf04fc04bcc,1917,body-v3.10/sim/compare_v38_v39.md
body-v3.14/sim/compare_v39_v310.json,8d43b630f2580e8ba95a586df3f3d406,3275,body-v3.10/sim/compare_v39_v310.json
body-v3.14/sim/compare_v39_v310.md,03dd6304ccf2ba5f39991cdadfafd6c8,1921,body-v3.10/sim/compare_v39_v310.md
body-v3.14/sim/compare_v39_v311.json,bf0d8a9069f17dfd3c90f0ae651cbc80,3274,body-v3.11/sim/compare_v39_v311.json
body-v3.14/sim/compare_v39_v311.md,504094156e0454adb92ca4e51fd97da2,1920,body-v3.11/sim/compare_v39_v311.md
body-v3.14/sim/compare_v3_v31.json,7e29f9219c9b23c6c5982ab3a1a89db3,2829,body-v3.1/sim/compare_v3_v31.json
body-v3.14/sim/compare_v3_v31.md,175081c021dce15c7e987872af0ac43f,1611,body-v3.1/sim/compare_v3_v31.md
body-v3.14/sim/mass_report_v3.json,e0258e830cf1656332beeda399e42123,12909,body-v3.14/sim/mass_report_v3.json
body-v3.14/sim/plot_compare.png,2457a623d2f320f37f590b6d2c9af28b,58887,body-v3/sim/plot_compare.png
body-v3.14/sim/results_v3.json,5ff19fd27ab58cd5229b75f149e29603,7823,body-v3.14/sim/results_v3.json
body-v3.14/sim/results_v3_8pct.json,cb25e47bae840299a65617cae6694f56,7820,body-v3.11/sim/results_v3_8pct.json
body-v3.14/sim/results_v3_snout10pct.json,103a1aed6577f64926a156f4fcbe8328,7823,body-v3.11/sim/results_v3_snout10pct.json
body-v3.14/sim/walk_refine_eff_v32.json,f04e0a3867edc2a3eee666a5dceba463,158,body-v3.10/sim/walk_refine_eff_v32.json
body-v3.14/sim/walk_refine_v32.json,e14bf31cdfe955482856406e38ace15e,158,body-v3.14/sim/walk_refine_v32.json
body-v3.14/sim/walk_v3.json,1e30876edb5e0bee39df59123740079d,3036,body-v3.14/sim/walk_v3.json
body-v3.14/sim/walk_v3_eff.json,c116a8d3fe477f01a98b8bb54dabfa7f,3045,body-v3.14/sim/walk_v3_eff.json
body-v3.14/sim/walk_v3_eff_noref.json,ebaa41acfaaef3b24dc77ab83db09f93,3101,body-v3.10/sim/walk_v3_eff_noref.json
body-v3.14/sim/walk_v3_noref.json,85f5f335181e839cfdc2d627ecca5d32,3095,body-v3.10/sim/walk_v3_noref.json
body-v3.14/sim/walk_v3_prerefine_v310.json,09d03ddff2a0a115af858a30f0934a7e,3038,body-v3.10/sim/walk_v3_prerefine_v310.json
body-v3.14/sim/v310_ref/arm_heat_v3.json,07b5df779e4043a927a2b4d6fb21639a,4222,body-v3.10/sim/arm_heat_v3.json
body-v3.14/sim/v310_ref/results_v3.json,2370068638410dd3864dd3c892cd6a3b,7823,body-v3.10/sim/results_v3.json
body-v3.14/sim/v310_ref/walk_v3.json,e9d78c042a9e739225f3023ca5bd64dd,3038,body-v3.10/sim/walk_v3.json
body-v3.14/sim/v310_ref/walk_v3_eff.json,1e744e11cd7023f86b9f07eff160bb5d,3038,body-v3.10/sim/walk_v3_eff.json
body-v3.14/sim/v311_ref/arm_heat_v3.json,07b5df779e4043a927a2b4d6fb21639a,4222,body-v3.10/sim/arm_heat_v3.json
body-v3.14/sim/v311_ref/results_v3.json,859125992a19eb68d7b6dfc8772bce89,7823,body-v3.11/sim/results_v3.json
body-v3.14/sim/v311_ref/walk_v3.json,4af9789103d25cb741517657b5fde163,3031,body-v3.11/sim/walk_v3.json
body-v3.14/sim/v311_ref/walk_v3_eff.json,90de5e2d159d49e1a165ee89674e8272,3049,body-v3.11/sim/walk_v3_eff.json
body-v3.14/sim/v312_ref/arm_heat_v3.json,07b5df779e4043a927a2b4d6fb21639a,4222,body-v3.10/sim/arm_heat_v3.json
body-v3.14/sim/v312_ref/results_v3.json,5424004f332c0e8e99cd9a8ec70d033e,7823,body-v3.12/sim/results_v3.json
body-v3.14/sim/v312_ref/walk_v3.json,6813456c6d543b75d9ce3378cc7ec76d,3035,body-v3.12/sim/walk_v3.json
body-v3.14/sim/v312_ref/walk_v3_eff.json,da1bc95efaa4f87cffc8d4173df08fb6,3048,body-v3.12/sim/walk_v3_eff.json
body-v3.14/sim/v313_ref/arm_heat_v3.json,07b5df779e4043a927a2b4d6fb21639a,4222,body-v3.10/sim/arm_heat_v3.json
body-v3.14/sim/v313_ref/results_v3.json,67bd0b0a37ce918accc96f83b082ba78,7824,body-v3.13/sim/results_v3.json
body-v3.14/sim/v313_ref/walk_v3.json,2c2d41ffb6e73a6f5bfb5f357980c15e,3041,body-v3.13/sim/walk_v3.json
body-v3.14/sim/v313_ref/walk_v3_eff.json,5242427cabd723b2862e4d462e5b963f,3047,body-v3.13/sim/walk_v3_eff.json
body-v3.14/sim/v31_ref/arm_heat_v3.json,2126fcc62fd7d3c396dcb7770419204a,4220,body-v3.1/sim/arm_heat_v3.json
body-v3.14/sim/v31_ref/mass_report_v3.json,b22177cef249a8bc99fcb2f57bb05878,12902,body-v3.1/sim/mass_report_v3.json
body-v3.14/sim/v31_ref/results_v3.json,510d1456468455e8152b440555672307,8029,body-v3.1/sim/results_v3.json
body-v3.14/sim/v31_ref/walk_v3.json,21a198ab40b540b4e3398bd7bdd66988,3094,body-v3.1/sim/walk_v3.json
body-v3.14/sim/v31_ref/walk_v3_eff.json,031ec90a823c37124efb0f9b271545e0,3102,body-v3.1/sim/walk_v3_eff.json
body-v3.14/sim/v32_ref/arm_heat_v3.json,07b5df779e4043a927a2b4d6fb21639a,4222,body-v3.10/sim/arm_heat_v3.json
body-v3.14/sim/v32_ref/results_v3.json,691b926aea221e63317388971ca903f7,8023,body-v3.10/sim/v32_ref/results_v3.json
body-v3.14/sim/v32_ref/walk_refine_v32.json,0648267fc7b09edeaa65985c0b4db260,157,body-v3.10/sim/v32_ref/walk_refine_v32.json
body-v3.14/sim/v32_ref/walk_v3.json,120423616b57938b7fd7672da7ad00f6,3165,body-v3.10/sim/v32_ref/walk_v3.json
body-v3.14/sim/v32_ref/walk_v3_eff.json,0860666c2fb00c61803ca5cf38d8cf2e,3103,body-v3.10/sim/v32_ref/walk_v3_eff.json
body-v3.14/sim/v33_ref/arm_heat_v3.json,07b5df779e4043a927a2b4d6fb21639a,4222,body-v3.10/sim/arm_heat_v3.json
body-v3.14/sim/v33_ref/results_v3.json,1f5b949f70ea6f2d2ca68c339ea885bb,8028,body-v3.10/sim/v33_ref/results_v3.json
body-v3.14/sim/v33_ref/walk_v3.json,135fd3eba247694b2d0455b05c2b1ed0,3154,body-v3.10/sim/v33_ref/walk_v3.json
body-v3.14/sim/v33_ref/walk_v3_eff.json,07f206d2b718406f84a80514363a0894,3163,body-v3.10/sim/v33_ref/walk_v3_eff.json
body-v3.14/sim/v34_ref/arm_heat_v3.json,07b5df779e4043a927a2b4d6fb21639a,4222,body-v3.10/sim/arm_heat_v3.json
body-v3.14/sim/v34_ref/results_v3.json,daa3ef05a96a0d46bbace841296e31c6,8020,body-v3.10/sim/v34_ref/results_v3.json
body-v3.14/sim/v34_ref/walk_v3.json,7f1ce820d388e0e41ba3dfc2c5faba4a,3155,body-v3.10/sim/v34_ref/walk_v3.json
body-v3.14/sim/v34_ref/walk_v3_eff.json,4ea2b63d0b9eba2faa54ba882cf92f93,3160,body-v3.10/sim/v34_ref/walk_v3_eff.json
body-v3.14/sim/v36_ref/arm_heat_v3.json,07b5df779e4043a927a2b4d6fb21639a,4222,body-v3.10/sim/arm_heat_v3.json
body-v3.14/sim/v36_ref/results_v3.json,6d09c34dcdbeb0ab1721a3015ed869a3,7773,body-v3.10/sim/v36_ref/results_v3.json
body-v3.14/sim/v36_ref/walk_v3.json,38bcf54acd4ca8bbf675993d585329f0,3039,body-v3.10/sim/v36_ref/walk_v3.json
body-v3.14/sim/v36_ref/walk_v3_eff.json,31b8a828b14afc9f5d317ef29cfbe9a9,3042,body-v3.10/sim/v36_ref/walk_v3_eff.json
body-v3.14/sim/v37_ref/arm_heat_v3.json,07b5df779e4043a927a2b4d6fb21639a,4222,body-v3.10/sim/arm_heat_v3.json
body-v3.14/sim/v37_ref/results_v3.json,e28526abee73fc3f1f2ce8a8893f87ae,7780,body-v3.10/sim/v37_ref/results_v3.json
body-v3.14/sim/v37_ref/walk_v3.json,33671a750fd7dce386401bce59f686a8,3032,body-v3.10/sim/v37_ref/walk_v3.json
body-v3.14/sim/v37_ref/walk_v3_eff.json,7be0f1960d01f0a3b80fb0f12f58de19,3043,body-v3.10/sim/v37_ref/walk_v3_eff.json
body-v3.14/sim/v38_ref/arm_heat_v3.json,07b5df779e4043a927a2b4d6fb21639a,4222,body-v3.10/sim/arm_heat_v3.json
body-v3.14/sim/v38_ref/results_v3.json,db7c5b8b22483b4f91eb46d530353928,7824,body-v3.10/sim/v38_ref/results_v3.json
body-v3.14/sim/v38_ref/walk_v3.json,fee45989bdaf3ab94dcabed25b50e7bb,3039,body-v3.10/sim/v38_ref/walk_v3.json
body-v3.14/sim/v38_ref/walk_v3_eff.json,228f2964c6705f80ebc7366edb2f0317,3043,body-v3.10/sim/v38_ref/walk_v3_eff.json
body-v3.14/sim/v39_ref/arm_heat_v3.json,07b5df779e4043a927a2b4d6fb21639a,4222,body-v3.10/sim/arm_heat_v3.json
body-v3.14/sim/v39_ref/results_v3.json,6603ecb5509ca86206a169ce15811895,7824,body-v3.10/sim/v39_ref/results_v3.json
body-v3.14/sim/v39_ref/walk_v3.json,8fc65df0a06c89e667c1c6d739d66c3c,3033,body-v3.10/sim/v39_ref/walk_v3.json
body-v3.14/sim/v39_ref/walk_v3_eff.json,79767a0ef34301f4d5f02ac4e2c255bf,3042,body-v3.10/sim/v39_ref/walk_v3_eff.json
body-v3.14/sim/v3_ref/arm_heat_v3.json,24f0f1621b09d575497b233327d5af34,4223,body-v3/sim/arm_heat_v3.json
body-v3.14/sim/v3_ref/results_v3.json,e91a5d8c46c37b6547966407c5d77848,8025,body-v3/sim/results_v3.json
body-v3.14/sim/v3_ref/walk_v3.json,f6dfc33626937c34a72b551e33684da3,3337,body-v3/sim/walk_v3.json
body-v3.14/sim/v3_ref/walk_v3_eff.json,394deba9fbf961cf5d88aae40d78c2e6,3347,body-v3/sim/walk_v3_eff.json
body-v3.15/README.md,65c2e177b5412a5e63ba38b5190edbde,6101,body-v3.10/README.md
body-v3.15/README_v3.md,d5dfb182350ce2de808eda08cc549acc,8398,body-v3/README.md
body-v3.15/README_v31.md,62cf5740b1281b505a1e2bb98d536030,8478,body-v3.1/README.md
body-v3.15/README_v310.md,8da2f237ff36b44d0add847660514f13,3734,body-v3.10/README_v310.md
body-v3.15/README_v311.md,00e8e1e244dfd4deb11e26e2ae98012f,4189,body-v3.11/README_v311.md
body-v3.15/README_v312.md,1661c05da47e75ae5678be1a9513648e,4010,body-v3.12/README_v312.md
body-v3.15/README_v313.md,60beb427e39b3057b625d7c402153ecd,3338,body-v3.13/README_v313.md
body-v3.15/README_v314.md,c06f881a9d452d57268625b05f4b8850,3978,body-v3.14/README_v314.md
body-v3.15/README_v315.md,e6dcd0fd62eb3f59d02bf840e1d59599,2771,body-v3.15/README_v315.md
body-v3.15/README_v32.md,36d5079dfd7d10c4ca271706c936cf5a,12057,body-v3.10/README_v32.md
body-v3.15/README_v33.md,6752bb01dae32e530a285e330f4d5770,5164,body-v3.10/README_v33.md
body-v3.15/README_v34.md,b512057a38e8cd7dd3ee07219c058e51,2623,body-v3.10/README_v34.md
body-v3.15/README_v35.md,7d8c481c42edc18f57b68b7bcea44345,2418,body-v3.10/README_v35.md
body-v3.15/README_v36.md,756af93fbf80b2ee9e5fee1458509d98,2438,body-v3.10/README_v36.md
body-v3.15/README_v38.md,ed0092856c928668efe6274c4752d7c2,4651,body-v3.10/README_v38.md
body-v3.15/README_v39.md,93f974e23db0965ce50120ba22d3dfaf,4818,body-v3.10/README_v39.md
body-v3.15/bom_v35.md,54e414cced6d75762caa12cba76d0d40,1012,body-v3.10/bom_v35.md
body-v3.15/build_report.json,3c08239c078593b51d293cace8ec1a27,19929,body-v3.10/build_report.json
body-v3.15/changed_parts_v36_to_v37.json,a9a41d7c46a2ad62fed49408f90e4b29,1338,body-v3.10/changed_parts_v36_to_v37.json
body-v3.15/changed_parts_v37_to_v38.json,49ae233dc0c85f386397a6f0a52f4f9a,6172,body-v3.10/changed_parts_v37_to_v38.json
body-v3.15/changed_parts_v38_to_v39.json,d3cd5cdf0f50ea6407e39f2225cef809,6381,body-v3.10/changed_parts_v38_to_v39.json
body-v3.15/collide_head_v310.json,e25c6464886e09f567ee551e6f338f74,2142,body-v3.10/collide_head_v310.json
body-v3.15/collide_head_v311.json,e25c6464886e09f567ee551e6f338f74,2142,body-v3.10/collide_head_v310.json
body-v3.15/collide_head_v312.json,e25c6464886e09f567ee551e6f338f74,2142,body-v3.10/collide_head_v310.json
body-v3.15/collide_head_v312_baseline_for_v313.json,9b4637517f3bf949c5067330e618d235,10236,body-v3.13/collide_head_v312_baseline_for_v313.json
body-v3.15/collide_head_v313.json,b49557fdb2e92668b038eff5c1f559b2,10094,body-v3.13/collide_head_v313.json
body-v3.15/collide_head_v314.json,84a15622992a6302ff45de44e07548b2,10324,body-v3.14/collide_head_v314.json
body-v3.15/collide_head_v315.json,3abfd60515fd19ab49ad5e9844607e08,9549,body-v3.15/collide_head_v315.json
body-v3.15/collide_log_v38.txt,9401ea726b306a56955aecbaf3d6525e,4281,body-v3.10/collide_log_v38.txt
body-v3.15/collide_log_v39.txt,9401ea726b306a56955aecbaf3d6525e,4281,body-v3.10/collide_log_v38.txt
body-v3.15/collide_report.json,e6ddd4078834a837f9559a91643465bb,20690,body-v3.10/collide_report.json
body-v3.15/collide_v31_rule_check.json,2cfb89f60ed078067a5b0d563369f90c,129,body-v3.1/collide_v31_rule_check.json
body-v3.15/collide_v32_rule_check.json,005b67a629f7dd1569344a87c0e8df7b,164,body-v3.10/collide_v32_rule_check.json
body-v3.15/fit_v314.json,f8aae41806d01c56389950094ea546d5,320,body-v3.14/fit_v314.json
body-v3.15/grain_report_v37.json,918d081c3b1e70cdcbcc4600e35c6abd,1960,body-v3.15/grain_report_v37.json
body-v3.15/hair_print_report_v313.json,860be9dcc14d271703ad67c23017d1dc,2832,body-v3.13/hair_print_report_v313.json
body-v3.15/hair_print_report_v314.json,a9210bb284841958846ddb4167713788,4794,body-v3.14/hair_print_report_v314.json
body-v3.15/hair_print_report_v315.json,7c5a3f9afea264b52bd3e2841e3c9b82,3652,body-v3.15/hair_print_report_v315.json
body-v3.15/head_print_report.json,79f615cf398723aa2801b3336ef39415,6972,body-v3.10/head_print_report.json
body-v3.15/head_print_report_v315.json,2009b6b02676dc6b96c6dd0d5ffded22,5848,body-v3.15/head_print_report_v315.json
body-v3.15/head_print_report_v36.json,d33da0d7f147f0bd784709823ca6e9ae,7037,body-v3.10/head_print_report_v36.json
body-v3.15/head_print_report_v37.json,4e0e79baf232a56165080655c08ae618,7733,body-v3.10/head_print_report_v37.json
body-v3.15/head_print_report_v38.json,5d6e16e5fb2414e0bbfca34176d0c3f5,7735,body-v3.10/head_print_report_v38.json
body-v3.15/head_print_report_v39.json,ba2c678786c8b3f4cd8feca3787e75dd,7781,body-v3.10/head_print_report_v39.json
body-v3.15/head_size_v36.json,04f54b55f682598962ff3481a5aba85f,717,body-v3.10/head_size_v36.json
body-v3.15/print_note_hair_v313.md,1e35268b4a671737e912d031e769524e,1665,body-v3.13/print_note_hair_v313.md
body-v3.15/print_note_hair_v314.md,d703f5636f9c988f749d1147171e51e9,2397,body-v3.14/print_note_hair_v314.md
body-v3.15/print_note_hair_v315.md,6a889c9eb945efe71cbd55e83070b248,2211,body-v3.15/print_note_hair_v315.md
body-v3.15/print_note_head_v315.md,b00ab61a458365b15abc38025eeb9024,3040,body-v3.15/print_note_head_v315.md
body-v3.15/print_note_snout_v310.md,8c28ce33c8014e2a35235021cfe421d2,1461,body-v3.10/print_note_snout_v310.md
body-v3.15/print_note_snout_v311.md,9e46a723542d0793ff9f75be43a9b93f,2029,body-v3.11/print_note_snout_v311.md
body-v3.15/print_note_snout_v312.md,c45bac8778b151145198787bdf6e0062,1827,body-v3.12/print_note_snout_v312.md
body-v3.15/print_sheet_body_v38.md,face3494b2f0898c92d4de88aa098edc,6733,body-v3.10/print_sheet_body_v38.md
body-v3.15/print_sheet_head.md,ac0500e69043b84dbd57f7204b995982,3511,body-v3.10/print_sheet_head.md
body-v3.15/print_sheet_head_v36.md,6ac4c2094ed80fd60fd094d5b6ead7f8,3683,body-v3.10/print_sheet_head_v36.md
body-v3.15/print_sheet_head_v37.md,e9fbab93227e450a8c099f93fd6ea65b,5234,body-v3.10/print_sheet_head_v37.md
body-v3.15/print_sheet_head_v38.md,1bd44b955d22ea2e13d00bf05d107d31,5698,body-v3.10/print_sheet_head_v38.md
body-v3.15/print_sheet_head_v39.md,be1e14d15b9f562fb02da2a9853dbef9,5766,body-v3.10/print_sheet_head_v39.md
body-v3.15/servo_choice.md,316473d63f90ad6a5649462db90ee4c3,7062,body-v3.1/servo_choice.md
body-v3.15/snout_print_report_v310.json,4bf50103ac3941a34a8e642e795d6244,1079,body-v3.10/snout_print_report_v310.json
body-v3.15/snout_print_report_v311.json,3a2a461ef0f6fd92fab4a720d1521a76,1010,body-v3.11/snout_print_report_v311.json
body-v3.15/snout_print_report_v312.json,777e230a1c3e92c7a47d5c5b7220e6ad,918,body-v3.12/snout_print_report_v312.json
body-v3.15/torso_env_v34.json,bda31ea296b814d3685d260d29f3e20f,36249,body-v3.10/torso_env_v34.json
body-v3.15/torso_env_v36.json,8b9d02fce005d442335cfb062533af58,54421,body-v3.10/torso_env_v36.json
body-v3.15/torso_env_v38.json,687e14f2e4e89bf21a99087d015075c6,54455,body-v3.10/torso_env_v38.json
body-v3.15/measure/photo_measure.json,5832cf5aab493edae31cd598e050fc53,2746,body-v3/measure/photo_measure.json
body-v3.15/measure/snout_taper_v312.json,36dde250b844c6de6e65956251b874de,1330,body-v3.12/measure/snout_taper_v312.json
body-v3.15/measure/targets.json,7b665a9c4ecd33771be6d5312f1cfcdb,5282,body-v3/measure/targets.json
body-v3.15/measure/v31_measure.json,7770567faa6c6ee5ce5e18b1da51c474,1121,body-v3.1/measure/v31_measure.json
body-v3.15/measure/v32_measure.json,852640a3181a17ea81aee224e86ac5f7,979,body-v3.10/measure/v32_measure.json
body-v3.15/measure/v32_neck_scale.json,14486360543aa63b349b95440d1f1729,914,body-v3.10/measure/v32_neck_scale.json
body-v3.15/measure/v33_head_size.json,fc2bb9834c1e56d00aff074751409e63,968,body-v3.10/measure/v33_head_size.json
body-v3.15/measure/v33_head_size_overlay.json,f59662c96f18842e63e50af4d4cb1315,567,body-v3.10/measure/v33_head_size_overlay.json
body-v3.15/measure/v33_neck_scale.json,e40e7e3d179e145a736191fd39b80f52,368,body-v3.10/measure/v33_neck_scale.json
body-v3.15/sim/README.md,5a2184fcce272380e8a22600e08816c1,13351,body-v3.10/sim/README.md
body-v3.15/sim/arm_heat_v2.json,bc311c1775b81c9405219b9bbff5ec13,4223,body-v3/sim/arm_heat_v2.json
body-v3.15/sim/arm_heat_v3.json,07b5df779e4043a927a2b4d6fb21639a,4222,body-v3.10/sim/arm_heat_v3.json
body-v3.15/sim/compare_stock_v2_v3.json,0ed3b329d48797a6244eeffa2d5fde08,3805,body-v3/sim/compare_stock_v2_v3.json
body-v3.15/sim/compare_stock_v2_v3.md,895225c90e71fdfa98f1516ec893a8b1,2949,body-v3/sim/compare_stock_v2_v3.md
body-v3.15/sim/compare_v311_v312.json,3473272bc00ed7d7bd1011e4668be807,3275,body-v3.12/sim/compare_v311_v312.json
body-v3.15/sim/compare_v311_v312.md,22edbe199a0bd1aadce75c39aed27780,1921,body-v3.12/sim/compare_v311_v312.md
body-v3.15/sim/compare_v312_v313.json,5dd49cf449e49debec85c42ab559d377,3276,body-v3.13/sim/compare_v312_v313.json
body-v3.15/sim/compare_v312_v313.md,b8d569cdec4a0b4d85e633e1fad8d729,1922,body-v3.13/sim/compare_v312_v313.md
body-v3.15/sim/compare_v313_v314.json,5ee81ca0f77cf165bdf818892ffd6dca,3276,body-v3.14/sim/compare_v313_v314.json
body-v3.15/sim/compare_v313_v314.md,6283c46bebaa7397b4d96d193bfc9c77,1922,body-v3.14/sim/compare_v313_v314.md
body-v3.15/sim/compare_v314_v315.json,ae355b8cf1a564bbec7efc7eb413a87a,3275,body-v3.15/sim/compare_v314_v315.json
body-v3.15/sim/compare_v314_v315.md,5022aaec37e2cbfffaaa0ffda9155353,1921,body-v3.15/sim/compare_v314_v315.md
body-v3.15/sim/compare_v31_v32.json,c51ae2424f05c1ab5562ee15e9b2965f,3254,body-v3.10/sim/compare_v31_v32.json
body-v3.15/sim/compare_v31_v32.md,644ebfad4fb06dc032148c27094bee2c,1939,body-v3.10/sim/compare_v31_v32.md
body-v3.15/sim/compare_v32_v33.json,a6b9c313414ce0741dcde7c80ce064a7,3255,body-v3.10/sim/compare_v32_v33.json
body-v3.15/sim/compare_v32_v33.md,de11b2bed04349fe3059fe2af1f01f8d,1861,body-v3.10/sim/compare_v32_v33.md
body-v3.15/sim/compare_v33_v34.json,9970e48ff8444752844c36261fdbc8a7,3255,body-v3.10/sim/compare_v33_v34.json
body-v3.15/sim/compare_v33_v34.md,1bee2d057cf0af55e9285ae39642e0d4,1861,body-v3.10/sim/compare_v33_v34.md
body-v3.15/sim/compare_v34_v35.json,15b209ba528bca78169f2c308cc5a0c0,3263,body-v3.10/sim/compare_v34_v35.json
body-v3.15/sim/compare_v34_v35.md,e7b150ed0f30c20b731c9a2ac12058d0,2289,body-v3.10/sim/compare_v34_v35.md
body-v3.15/sim/compare_v35_v36.json,91ae3e17f2ce269016d61be082636f3e,3272,body-v3.10/sim/compare_v35_v36.json
body-v3.15/sim/compare_v35_v36.md,ada8c03eeb0156deaac729f93149e461,2344,body-v3.10/sim/compare_v35_v36.md
body-v3.15/sim/compare_v36_v37.json,3e11a3460b142718d63652a501df696e,3271,body-v3.10/sim/compare_v36_v37.json
body-v3.15/sim/compare_v36_v37.md,fda6c06c3d45610df1ba016b41b4ba7b,2405,body-v3.10/sim/compare_v36_v37.md
body-v3.15/sim/compare_v37_v38.json,1276986b406e998977d666daa157cf71,3272,body-v3.10/sim/compare_v37_v38.json
body-v3.15/sim/compare_v37_v38.md,f8a800c1b0a12f6fdc9a81f7131ee562,1915,body-v3.10/sim/compare_v37_v38.md
body-v3.15/sim/compare_v38_v39.json,5a057226cca27472ecf7125a724e8082,3274,body-v3.10/sim/compare_v38_v39.json
body-v3.15/sim/compare_v38_v39.md,dc30e35f4edbde2136c3daf04fc04bcc,1917,body-v3.10/sim/compare_v38_v39.md
body-v3.15/sim/compare_v39_v310.json,8d43b630f2580e8ba95a586df3f3d406,3275,body-v3.10/sim/compare_v39_v310.json
body-v3.15/sim/compare_v39_v310.md,03dd6304ccf2ba5f39991cdadfafd6c8,1921,body-v3.10/sim/compare_v39_v310.md
body-v3.15/sim/compare_v39_v311.json,bf0d8a9069f17dfd3c90f0ae651cbc80,3274,body-v3.11/sim/compare_v39_v311.json
body-v3.15/sim/compare_v39_v311.md,504094156e0454adb92ca4e51fd97da2,1920,body-v3.11/sim/compare_v39_v311.md
body-v3.15/sim/compare_v3_v31.json,7e29f9219c9b23c6c5982ab3a1a89db3,2829,body-v3.1/sim/compare_v3_v31.json
body-v3.15/sim/compare_v3_v31.md,175081c021dce15c7e987872af0ac43f,1611,body-v3.1/sim/compare_v3_v31.md
body-v3.15/sim/mass_report_v3.json,38354c39d2e9b914e7ef2dde18e84482,12908,body-v3.15/sim/mass_report_v3.json
body-v3.15/sim/plot_compare.png,2457a623d2f320f37f590b6d2c9af28b,58887,body-v3/sim/plot_compare.png
body-v3.15/sim/results_v3.json,b313775a19af5f0e29ea8d9ae9575fe6,7822,body-v3.15/sim/results_v3.json
body-v3.15/sim/results_v3_8pct.json,cb25e47bae840299a65617cae6694f56,7820,body-v3.11/sim/results_v3_8pct.json
body-v3.15/sim/results_v3_snout10pct.json,103a1aed6577f64926a156f4fcbe8328,7823,body-v3.11/sim/results_v3_snout10pct.json
body-v3.15/sim/walk_refine_eff_v32.json,727d5901a3ebf14f82f0107c1716dc0a,157,body-v3.15/sim/walk_refine_eff_v32.json
body-v3.15/sim/walk_refine_v32.json,e14bf31cdfe955482856406e38ace15e,158,body-v3.14/sim/walk_refine_v32.json
body-v3.15/sim/walk_v3.json,c985f9e94b78a0fe370d07b3b066741c,3031,body-v3.15/sim/walk_v3.json
body-v3.15/sim/walk_v3_eff.json,ffd36628ae1263713261beaf6e10d638,3039,body-v3.15/sim/walk_v3_eff.json
body-v3.15/sim/walk_v3_eff_noref.json,ebaa41acfaaef3b24dc77ab83db09f93,3101,body-v3.10/sim/walk_v3_eff_noref.json
body-v3.15/sim/walk_v3_noref.json,85f5f335181e839cfdc2d627ecca5d32,3095,body-v3.10/sim/walk_v3_noref.json
body-v3.15/sim/walk_v3_prerefine_v310.json,09d03ddff2a0a115af858a30f0934a7e,3038,body-v3.10/sim/walk_v3_prerefine_v310.json
body-v3.15/sim/v310_ref/arm_heat_v3.json,07b5df779e4043a927a2b4d6fb21639a,4222,body-v3.10/sim/arm_heat_v3.json
body-v3.15/sim/v310_ref/results_v3.json,2370068638410dd3864dd3c892cd6a3b,7823,body-v3.10/sim/results_v3.json
body-v3.15/sim/v310_ref/walk_v3.json,e9d78c042a9e739225f3023ca5bd64dd,3038,body-v3.10/sim/walk_v3.json
body-v3.15/sim/v310_ref/walk_v3_eff.json,1e744e11cd7023f86b9f07eff160bb5d,3038,body-v3.10/sim/walk_v3_eff.json
body-v3.15/sim/v311_ref/arm_heat_v3.json,07b5df779e4043a927a2b4d6fb21639a,4222,body-v3.10/sim/arm_heat_v3.json
body-v3.15/sim/v311_ref/results_v3.json,859125992a19eb68d7b6dfc8772bce89,7823,body-v3.11/sim/results_v3.json
body-v3.15/sim/v311_ref/walk_v3.json,4af9789103d25cb741517657b5fde163,3031,body-v3.11/sim/walk_v3.json
body-v3.15/sim/v311_ref/walk_v3_eff.json,90de5e2d159d49e1a165ee89674e8272,3049,body-v3.11/sim/walk_v3_eff.json
body-v3.15/sim/v312_ref/arm_heat_v3.json,07b5df779e4043a927a2b4d6fb21639a,4222,body-v3.10/sim/arm_heat_v3.json
body-v3.15/sim/v312_ref/results_v3.json,5424004f332c0e8e99cd9a8ec70d033e,7823,body-v3.12/sim/results_v3.json
body-v3.15/sim/v312_ref/walk_v3.json,6813456c6d543b75d9ce3378cc7ec76d,3035,body-v3.12/sim/walk_v3.json
body-v3.15/sim/v312_ref/walk_v3_eff.json,da1bc95efaa4f87cffc8d4173df08fb6,3048,body-v3.12/sim/walk_v3_eff.json
body-v3.15/sim/v314_ref/arm_heat_v3.json,07b5df779e4043a927a2b4d6fb21639a,4222,body-v3.10/sim/arm_heat_v3.json
body-v3.15/sim/v314_ref/results_v3.json,5ff19fd27ab58cd5229b75f149e29603,7823,body-v3.14/sim/results_v3.json
body-v3.15/sim/v314_ref/walk_v3.json,1e30876edb5e0bee39df59123740079d,3036,body-v3.14/sim/walk_v3.json
body-v3.15/sim/v314_ref/walk_v3_eff.json,c116a8d3fe477f01a98b8bb54dabfa7f,3045,body-v3.14/sim/walk_v3_eff.json
body-v3.15/sim/v31_ref/arm_heat_v3.json,2126fcc62fd7d3c396dcb7770419204a,4220,body-v3.1/sim/arm_heat_v3.json
body-v3.15/sim/v31_ref/mass_report_v3.json,b22177cef249a8bc99fcb2f57bb05878,12902,body-v3.1/sim/mass_report_v3.json
body-v3.15/sim/v31_ref/results_v3.json,510d1456468455e8152b440555672307,8029,body-v3.1/sim/results_v3.json
body-v3.15/sim/v31_ref/walk_v3.json,21a198ab40b540b4e3398bd7bdd66988,3094,body-v3.1/sim/walk_v3.json
body-v3.15/sim/v31_ref/walk_v3_eff.json,031ec90a823c37124efb0f9b271545e0,3102,body-v3.1/sim/walk_v3_eff.json
body-v3.15/sim/v32_ref/arm_heat_v3.json,07b5df779e4043a927a2b4d6fb21639a,4222,body-v3.10/sim/arm_heat_v3.json
body-v3.15/sim/v32_ref/results_v3.json,691b926aea221e63317388971ca903f7,8023,body-v3.10/sim/v32_ref/results_v3.json
body-v3.15/sim/v32_ref/walk_refine_v32.json,0648267fc7b09edeaa65985c0b4db260,157,body-v3.10/sim/v32_ref/walk_refine_v32.json
body-v3.15/sim/v32_ref/walk_v3.json,120423616b57938b7fd7672da7ad00f6,3165,body-v3.10/sim/v32_ref/walk_v3.json
body-v3.15/sim/v32_ref/walk_v3_eff.json,0860666c2fb00c61803ca5cf38d8cf2e,3103,body-v3.10/sim/v32_ref/walk_v3_eff.json
body-v3.15/sim/v33_ref/arm_heat_v3.json,07b5df779e4043a927a2b4d6fb21639a,4222,body-v3.10/sim/arm_heat_v3.json
body-v3.15/sim/v33_ref/results_v3.json,1f5b949f70ea6f2d2ca68c339ea885bb,8028,body-v3.10/sim/v33_ref/results_v3.json
body-v3.15/sim/v33_ref/walk_v3.json,135fd3eba247694b2d0455b05c2b1ed0,3154,body-v3.10/sim/v33_ref/walk_v3.json
body-v3.15/sim/v33_ref/walk_v3_eff.json,07f206d2b718406f84a80514363a0894,3163,body-v3.10/sim/v33_ref/walk_v3_eff.json
body-v3.15/sim/v34_ref/arm_heat_v3.json,07b5df779e4043a927a2b4d6fb21639a,4222,body-v3.10/sim/arm_heat_v3.json
body-v3.15/sim/v34_ref/results_v3.json,daa3ef05a96a0d46bbace841296e31c6,8020,body-v3.10/sim/v34_ref/results_v3.json
body-v3.15/sim/v34_ref/walk_v3.json,7f1ce820d388e0e41ba3dfc2c5faba4a,3155,body-v3.10/sim/v34_ref/walk_v3.json
body-v3.15/sim/v34_ref/walk_v3_eff.json,4ea2b63d0b9eba2faa54ba882cf92f93,3160,body-v3.10/sim/v34_ref/walk_v3_eff.json
body-v3.15/sim/v36_ref/arm_heat_v3.json,07b5df779e4043a927a2b4d6fb21639a,4222,body-v3.10/sim/arm_heat_v3.json
body-v3.15/sim/v36_ref/results_v3.json,6d09c34dcdbeb0ab1721a3015ed869a3,7773,body-v3.10/sim/v36_ref/results_v3.json
body-v3.15/sim/v36_ref/walk_v3.json,38bcf54acd4ca8bbf675993d585329f0,3039,body-v3.10/sim/v36_ref/walk_v3.json
body-v3.15/sim/v36_ref/walk_v3_eff.json,31b8a828b14afc9f5d317ef29cfbe9a9,3042,body-v3.10/sim/v36_ref/walk_v3_eff.json
body-v3.15/sim/v37_ref/arm_heat_v3.json,07b5df779e4043a927a2b4d6fb21639a,4222,body-v3.10/sim/arm_heat_v3.json
body-v3.15/sim/v37_ref/results_v3.json,e28526abee73fc3f1f2ce8a8893f87ae,7780,body-v3.10/sim/v37_ref/results_v3.json
body-v3.15/sim/v37_ref/walk_v3.json,33671a750fd7dce386401bce59f686a8,3032,body-v3.10/sim/v37_ref/walk_v3.json
body-v3.15/sim/v37_ref/walk_v3_eff.json,7be0f1960d01f0a3b80fb0f12f58de19,3043,body-v3.10/sim/v37_ref/walk_v3_eff.json
body-v3.15/sim/v38_ref/arm_heat_v3.json,07b5df779e4043a927a2b4d6fb21639a,4222,body-v3.10/sim/arm_heat_v3.json
body-v3.15/sim/v38_ref/results_v3.json,db7c5b8b22483b4f91eb46d530353928,7824,body-v3.10/sim/v38_ref/results_v3.json
body-v3.15/sim/v38_ref/walk_v3.json,fee45989bdaf3ab94dcabed25b50e7bb,3039,body-v3.10/sim/v38_ref/walk_v3.json
body-v3.15/sim/v38_ref/walk_v3_eff.json,228f2964c6705f80ebc7366edb2f0317,3043,body-v3.10/sim/v38_ref/walk_v3_eff.json
body-v3.15/sim/v39_ref/arm_heat_v3.json,07b5df779e4043a927a2b4d6fb21639a,4222,body-v3.10/sim/arm_heat_v3.json
body-v3.15/sim/v39_ref/results_v3.json,6603ecb5509ca86206a169ce15811895,7824,body-v3.10/sim/v39_ref/results_v3.json
body-v3.15/sim/v39_ref/walk_v3.json,8fc65df0a06c89e667c1c6d739d66c3c,3033,body-v3.10/sim/v39_ref/walk_v3.json
body-v3.15/sim/v39_ref/walk_v3_eff.json,79767a0ef34301f4d5f02ac4e2c255bf,3042,body-v3.10/sim/v39_ref/walk_v3_eff.json
body-v3.15/sim/v3_ref/arm_heat_v3.json,24f0f1621b09d575497b233327d5af34,4223,body-v3/sim/arm_heat_v3.json
body-v3.15/sim/v3_ref/results_v3.json,e91a5d8c46c37b6547966407c5d77848,8025,body-v3/sim/results_v3.json
body-v3.15/sim/v3_ref/walk_v3.json,f6dfc33626937c34a72b551e33684da3,3337,body-v3/sim/walk_v3.json
body-v3.15/sim/v3_ref/walk_v3_eff.json,394deba9fbf961cf5d88aae40d78c2e6,3347,body-v3/sim/walk_v3_eff.json
body-v3.16/README.md,65c2e177b5412a5e63ba38b5190edbde,6101,body-v3.10/README.md
body-v3.16/README_v3.md,d5dfb182350ce2de808eda08cc549acc,8398,body-v3/README.md
body-v3.16/README_v31.md,62cf5740b1281b505a1e2bb98d536030,8478,body-v3.1/README.md
body-v3.16/README_v310.md,8da2f237ff36b44d0add847660514f13,3734,body-v3.10/README_v310.md
body-v3.16/README_v311.md,00e8e1e244dfd4deb11e26e2ae98012f,4189,body-v3.11/README_v311.md
body-v3.16/README_v312.md,1661c05da47e75ae5678be1a9513648e,4010,body-v3.12/README_v312.md
body-v3.16/README_v313.md,60beb427e39b3057b625d7c402153ecd,3338,body-v3.13/README_v313.md
body-v3.16/README_v314.md,c06f881a9d452d57268625b05f4b8850,3978,body-v3.14/README_v314.md
body-v3.16/README_v315.md,e6dcd0fd62eb3f59d02bf840e1d59599,2771,body-v3.15/README_v315.md
body-v3.16/README_v316.md,af2d2b48ebd64516bfe0f1dd61b28da7,6517,body-v3.16/README_v316.md
body-v3.16/README_v32.md,36d5079dfd7d10c4ca271706c936cf5a,12057,body-v3.10/README_v32.md
body-v3.16/README_v33.md,6752bb01dae32e530a285e330f4d5770,5164,body-v3.10/README_v33.md
body-v3.16/README_v34.md,b512057a38e8cd7dd3ee07219c058e51,2623,body-v3.10/README_v34.md
body-v3.16/README_v35.md,7d8c481c42edc18f57b68b7bcea44345,2418,body-v3.10/README_v35.md
body-v3.16/README_v36.md,756af93fbf80b2ee9e5fee1458509d98,2438,body-v3.10/README_v36.md
body-v3.16/README_v38.md,ed0092856c928668efe6274c4752d7c2,4651,body-v3.10/README_v38.md
body-v3.16/README_v39.md,93f974e23db0965ce50120ba22d3dfaf,4818,body-v3.10/README_v39.md
body-v3.16/armsweep_v316.json,1f5aeabfa91da235aef6d943587fcf20,232,body-v3.16/armsweep_v316.json
body-v3.16/armsweep_v317_on_this.json,faac7f8820f3f96de4d6ecb25b779998,1201,body-v3.16/armsweep_v317_on_this.json
body-v3.16/bom_v35.md,54e414cced6d75762caa12cba76d0d40,1012,body-v3.10/bom_v35.md
body-v3.16/build_report.json,3c08239c078593b51d293cace8ec1a27,19929,body-v3.10/build_report.json
body-v3.16/changed_parts_v36_to_v37.json,a9a41d7c46a2ad62fed49408f90e4b29,1338,body-v3.10/changed_parts_v36_to_v37.json
body-v3.16/changed_parts_v37_to_v38.json,49ae233dc0c85f386397a6f0a52f4f9a,6172,body-v3.10/changed_parts_v37_to_v38.json
body-v3.16/changed_parts_v38_to_v39.json,d3cd5cdf0f50ea6407e39f2225cef809,6381,body-v3.10/changed_parts_v38_to_v39.json
body-v3.16/collide_head_v310.json,e25c6464886e09f567ee551e6f338f74,2142,body-v3.10/collide_head_v310.json
body-v3.16/collide_head_v311.json,e25c6464886e09f567ee551e6f338f74,2142,body-v3.10/collide_head_v310.json
body-v3.16/collide_head_v312.json,e25c6464886e09f567ee551e6f338f74,2142,body-v3.10/collide_head_v310.json
body-v3.16/collide_head_v312_baseline_for_v313.json,9b4637517f3bf949c5067330e618d235,10236,body-v3.13/collide_head_v312_baseline_for_v313.json
body-v3.16/collide_head_v313.json,b49557fdb2e92668b038eff5c1f559b2,10094,body-v3.13/collide_head_v313.json
body-v3.16/collide_head_v314.json,84a15622992a6302ff45de44e07548b2,10324,body-v3.14/collide_head_v314.json
body-v3.16/collide_head_v315.json,3abfd60515fd19ab49ad5e9844607e08,9549,body-v3.15/collide_head_v315.json
body-v3.16/collide_log_v38.txt,9401ea726b306a56955aecbaf3d6525e,4281,body-v3.10/collide_log_v38.txt
body-v3.16/collide_log_v39.txt,9401ea726b306a56955aecbaf3d6525e,4281,body-v3.10/collide_log_v38.txt
body-v3.16/collide_report.json,e6ddd4078834a837f9559a91643465bb,20690,body-v3.10/collide_report.json
body-v3.16/collide_v31_rule_check.json,2cfb89f60ed078067a5b0d563369f90c,129,body-v3.1/collide_v31_rule_check.json
body-v3.16/collide_v32_rule_check.json,005b67a629f7dd1569344a87c0e8df7b,164,body-v3.10/collide_v32_rule_check.json
body-v3.16/fit_v314.json,f8aae41806d01c56389950094ea546d5,320,body-v3.14/fit_v314.json
body-v3.16/grain_report_v37.json,803da08b6d50589e38e170dbe48a39d3,1959,body-v3.16/grain_report_v37.json
body-v3.16/hair_print_report_v313.json,860be9dcc14d271703ad67c23017d1dc,2832,body-v3.13/hair_print_report_v313.json
body-v3.16/hair_print_report_v314.json,a9210bb284841958846ddb4167713788,4794,body-v3.14/hair_print_report_v314.json
body-v3.16/hair_print_report_v315.json,7c5a3f9afea264b52bd3e2841e3c9b82,3652,body-v3.15/hair_print_report_v315.json
body-v3.16/head_print_report.json,79f615cf398723aa2801b3336ef39415,6972,body-v3.10/head_print_report.json
body-v3.16/head_print_report_v315.json,2009b6b02676dc6b96c6dd0d5ffded22,5848,body-v3.15/head_print_report_v315.json
body-v3.16/head_print_report_v316.json,f8e1f5b80ec4e1a19764713305d52d78,3997,body-v3.16/head_print_report_v316.json
body-v3.16/head_print_report_v36.json,d33da0d7f147f0bd784709823ca6e9ae,7037,body-v3.10/head_print_report_v36.json
body-v3.16/head_print_report_v37.json,4e0e79baf232a56165080655c08ae618,7733,body-v3.10/head_print_report_v37.json
body-v3.16/head_print_report_v38.json,5d6e16e5fb2414e0bbfca34176d0c3f5,7735,body-v3.10/head_print_report_v38.json
body-v3.16/head_print_report_v39.json,ba2c678786c8b3f4cd8feca3787e75dd,7781,body-v3.10/head_print_report_v39.json
body-v3.16/head_size_v36.json,04f54b55f682598962ff3481a5aba85f,717,body-v3.10/head_size_v36.json
body-v3.16/kilt_check_v316.json,799d097cf52f2f781aee6f772478ae4c,2826,body-v3.16/kilt_check_v316.json
body-v3.16/kilt_check_v316_final_gaits.json,430d99554b945ffe97d090947af9ac02,346,body-v3.16/kilt_check_v316_final_gaits.json
body-v3.16/kilt_print_report_v316.json,7df362561b2ccfefc2eccfe6ae1b03f8,1855,body-v3.16/kilt_print_report_v316.json
body-v3.16/print_note_hair_v313.md,1e35268b4a671737e912d031e769524e,1665,body-v3.13/print_note_hair_v313.md
body-v3.16/print_note_hair_v314.md,d703f5636f9c988f749d1147171e51e9,2397,body-v3.14/print_note_hair_v314.md
body-v3.16/print_note_hair_v315.md,6a889c9eb945efe71cbd55e83070b248,2211,body-v3.15/print_note_hair_v315.md
body-v3.16/print_note_head_v315.md,b00ab61a458365b15abc38025eeb9024,3040,body-v3.15/print_note_head_v315.md
body-v3.16/print_note_head_v316.md,a4f5d5bc7d9d8ed629a2d852a4c13a00,2664,body-v3.16/print_note_head_v316.md
body-v3.16/print_note_kilt_v316.md,0fdb4004cc378b066f170eedf905c93a,3348,body-v3.16/print_note_kilt_v316.md
body-v3.16/print_note_snout_v310.md,8c28ce33c8014e2a35235021cfe421d2,1461,body-v3.10/print_note_snout_v310.md
body-v3.16/print_note_snout_v311.md,9e46a723542d0793ff9f75be43a9b93f,2029,body-v3.11/print_note_snout_v311.md
body-v3.16/print_note_snout_v312.md,c45bac8778b151145198787bdf6e0062,1827,body-v3.12/print_note_snout_v312.md
body-v3.16/print_sheet_body_v38.md,face3494b2f0898c92d4de88aa098edc,6733,body-v3.10/print_sheet_body_v38.md
body-v3.16/print_sheet_head.md,ac0500e69043b84dbd57f7204b995982,3511,body-v3.10/print_sheet_head.md
body-v3.16/print_sheet_head_v36.md,6ac4c2094ed80fd60fd094d5b6ead7f8,3683,body-v3.10/print_sheet_head_v36.md
body-v3.16/print_sheet_head_v37.md,e9fbab93227e450a8c099f93fd6ea65b,5234,body-v3.10/print_sheet_head_v37.md
body-v3.16/print_sheet_head_v38.md,1bd44b955d22ea2e13d00bf05d107d31,5698,body-v3.10/print_sheet_head_v38.md
body-v3.16/print_sheet_head_v39.md,be1e14d15b9f562fb02da2a9853dbef9,5766,body-v3.10/print_sheet_head_v39.md
body-v3.16/servo_choice.md,316473d63f90ad6a5649462db90ee4c3,7062,body-v3.1/servo_choice.md
body-v3.16/snout_print_report_v310.json,4bf50103ac3941a34a8e642e795d6244,1079,body-v3.10/snout_print_report_v310.json
body-v3.16/snout_print_report_v311.json,3a2a461ef0f6fd92fab4a720d1521a76,1010,body-v3.11/snout_print_report_v311.json
body-v3.16/snout_print_report_v312.json,777e230a1c3e92c7a47d5c5b7220e6ad,918,body-v3.12/snout_print_report_v312.json
body-v3.16/torso_env_v34.json,bda31ea296b814d3685d260d29f3e20f,36249,body-v3.10/torso_env_v34.json
body-v3.16/torso_env_v36.json,8b9d02fce005d442335cfb062533af58,54421,body-v3.10/torso_env_v36.json
body-v3.16/torso_env_v38.json,687e14f2e4e89bf21a99087d015075c6,54455,body-v3.10/torso_env_v38.json
body-v3.16/measure/photo_measure.json,5832cf5aab493edae31cd598e050fc53,2746,body-v3/measure/photo_measure.json
body-v3.16/measure/snout_taper_v312.json,36dde250b844c6de6e65956251b874de,1330,body-v3.12/measure/snout_taper_v312.json
body-v3.16/measure/targets.json,7b665a9c4ecd33771be6d5312f1cfcdb,5282,body-v3/measure/targets.json
body-v3.16/measure/v31_measure.json,7770567faa6c6ee5ce5e18b1da51c474,1121,body-v3.1/measure/v31_measure.json
body-v3.16/measure/v32_measure.json,852640a3181a17ea81aee224e86ac5f7,979,body-v3.10/measure/v32_measure.json
body-v3.16/measure/v32_neck_scale.json,14486360543aa63b349b95440d1f1729,914,body-v3.10/measure/v32_neck_scale.json
body-v3.16/measure/v33_head_size.json,fc2bb9834c1e56d00aff074751409e63,968,body-v3.10/measure/v33_head_size.json
body-v3.16/measure/v33_head_size_overlay.json,f59662c96f18842e63e50af4d4cb1315,567,body-v3.10/measure/v33_head_size_overlay.json
body-v3.16/measure/v33_neck_scale.json,e40e7e3d179e145a736191fd39b80f52,368,body-v3.10/measure/v33_neck_scale.json
body-v3.16/sim/README.md,5a2184fcce272380e8a22600e08816c1,13351,body-v3.10/sim/README.md
body-v3.16/sim/arm_heat_v2.json,bc311c1775b81c9405219b9bbff5ec13,4223,body-v3/sim/arm_heat_v2.json
body-v3.16/sim/arm_heat_v3.json,07b5df779e4043a927a2b4d6fb21639a,4222,body-v3.10/sim/arm_heat_v3.json
body-v3.16/sim/compare_stock_v2_v3.json,0ed3b329d48797a6244eeffa2d5fde08,3805,body-v3/sim/compare_stock_v2_v3.json
body-v3.16/sim/compare_stock_v2_v3.md,895225c90e71fdfa98f1516ec893a8b1,2949,body-v3/sim/compare_stock_v2_v3.md
body-v3.16/sim/compare_v311_v312.json,3473272bc00ed7d7bd1011e4668be807,3275,body-v3.12/sim/compare_v311_v312.json
body-v3.16/sim/compare_v311_v312.md,22edbe199a0bd1aadce75c39aed27780,1921,body-v3.12/sim/compare_v311_v312.md
body-v3.16/sim/compare_v312_v313.json,5dd49cf449e49debec85c42ab559d377,3276,body-v3.13/sim/compare_v312_v313.json
body-v3.16/sim/compare_v312_v313.md,b8d569cdec4a0b4d85e633e1fad8d729,1922,body-v3.13/sim/compare_v312_v313.md
body-v3.16/sim/compare_v313_v314.json,5ee81ca0f77cf165bdf818892ffd6dca,3276,body-v3.14/sim/compare_v313_v314.json
body-v3.16/sim/compare_v313_v314.md,6283c46bebaa7397b4d96d193bfc9c77,1922,body-v3.14/sim/compare_v313_v314.md
body-v3.16/sim/compare_v314_v315.json,ae355b8cf1a564bbec7efc7eb413a87a,3275,body-v3.15/sim/compare_v314_v315.json
body-v3.16/sim/compare_v314_v315.md,5022aaec37e2cbfffaaa0ffda9155353,1921,body-v3.15/sim/compare_v314_v315.md
body-v3.16/sim/compare_v315_v316.json,05b068e032c61b44a735110dd68d824f,3275,body-v3.16/sim/compare_v315_v316.json
body-v3.16/sim/compare_v315_v316.md,7f3d98d608546dfa4b151456866195a1,1921,body-v3.16/sim/compare_v315_v316.md
body-v3.16/sim/compare_v31_v32.json,c51ae2424f05c1ab5562ee15e9b2965f,3254,body-v3.10/sim/compare_v31_v32.json
body-v3.16/sim/compare_v31_v32.md,644ebfad4fb06dc032148c27094bee2c,1939,body-v3.10/sim/compare_v31_v32.md
body-v3.16/sim/compare_v32_v33.json,a6b9c313414ce0741dcde7c80ce064a7,3255,body-v3.10/sim/compare_v32_v33.json
body-v3.16/sim/compare_v32_v33.md,de11b2bed04349fe3059fe2af1f01f8d,1861,body-v3.10/sim/compare_v32_v33.md
body-v3.16/sim/compare_v33_v34.json,9970e48ff8444752844c36261fdbc8a7,3255,body-v3.10/sim/compare_v33_v34.json
body-v3.16/sim/compare_v33_v34.md,1bee2d057cf0af55e9285ae39642e0d4,1861,body-v3.10/sim/compare_v33_v34.md
body-v3.16/sim/compare_v34_v35.json,15b209ba528bca78169f2c308cc5a0c0,3263,body-v3.10/sim/compare_v34_v35.json
body-v3.16/sim/compare_v34_v35.md,e7b150ed0f30c20b731c9a2ac12058d0,2289,body-v3.10/sim/compare_v34_v35.md
body-v3.16/sim/compare_v35_v36.json,91ae3e17f2ce269016d61be082636f3e,3272,body-v3.10/sim/compare_v35_v36.json
body-v3.16/sim/compare_v35_v36.md,ada8c03eeb0156deaac729f93149e461,2344,body-v3.10/sim/compare_v35_v36.md
body-v3.16/sim/compare_v36_v37.json,3e11a3460b142718d63652a501df696e,3271,body-v3.10/sim/compare_v36_v37.json
body-v3.16/sim/compare_v36_v37.md,fda6c06c3d45610df1ba016b41b4ba7b,2405,body-v3.10/sim/compare_v36_v37.md
body-v3.16/sim/compare_v37_v38.json,1276986b406e998977d666daa157cf71,3272,body-v3.10/sim/compare_v37_v38.json
body-v3.16/sim/compare_v37_v38.md,f8a800c1b0a12f6fdc9a81f7131ee562,1915,body-v3.10/sim/compare_v37_v38.md
body-v3.16/sim/compare_v38_v39.json,5a057226cca27472ecf7125a724e8082,3274,body-v3.10/sim/compare_v38_v39.json
body-v3.16/sim/compare_v38_v39.md,dc30e35f4edbde2136c3daf04fc04bcc,1917,body-v3.10/sim/compare_v38_v39.md
body-v3.16/sim/compare_v39_v310.json,8d43b630f2580e8ba95a586df3f3d406,3275,body-v3.10/sim/compare_v39_v310.json
body-v3.16/sim/compare_v39_v310.md,03dd6304ccf2ba5f39991cdadfafd6c8,1921,body-v3.10/sim/compare_v39_v310.md
body-v3.16/sim/compare_v39_v311.json,bf0d8a9069f17dfd3c90f0ae651cbc80,3274,body-v3.11/sim/compare_v39_v311.json
body-v3.16/sim/compare_v39_v311.md,504094156e0454adb92ca4e51fd97da2,1920,body-v3.11/sim/compare_v39_v311.md
body-v3.16/sim/compare_v3_v31.json,7e29f9219c9b23c6c5982ab3a1a89db3,2829,body-v3.1/sim/compare_v3_v31.json
body-v3.16/sim/compare_v3_v31.md,175081c021dce15c7e987872af0ac43f,1611,body-v3.1/sim/compare_v3_v31.md
body-v3.16/sim/mass_report_v3.json,cf09ef9eb3255b6c80827d6967fb1f91,13479,body-v3.16/sim/mass_report_v3.json
body-v3.16/sim/plot_compare.png,2457a623d2f320f37f590b6d2c9af28b,58887,body-v3/sim/plot_compare.png
body-v3.16/sim/results_v3.json,24e44ae5ede579cf27e9c59f3e91a5de,7775,body-v3.16/sim/results_v3.json
body-v3.16/sim/results_v3_8pct.json,cb25e47bae840299a65617cae6694f56,7820,body-v3.11/sim/results_v3_8pct.json
body-v3.16/sim/results_v3_snout10pct.json,103a1aed6577f64926a156f4fcbe8328,7823,body-v3.11/sim/results_v3_snout10pct.json
body-v3.16/sim/walk_refine_eff_v32.json,ef78e6a0295e89303c9fb45e2774b2c6,158,body-v3.16/sim/walk_refine_eff_v32.json
body-v3.16/sim/walk_refine_v32.json,e14bf31cdfe955482856406e38ace15e,158,body-v3.14/sim/walk_refine_v32.json
body-v3.16/sim/walk_v3.json,204d18347ae73d7c7dea42312c01ae3f,3036,body-v3.16/sim/walk_v3.json
body-v3.16/sim/walk_v3_eff.json,fbf1db72d2d067b3cd3d9ac1219e6d20,3040,body-v3.16/sim/walk_v3_eff.json
body-v3.16/sim/walk_v3_eff_noref.json,ebaa41acfaaef3b24dc77ab83db09f93,3101,body-v3.10/sim/walk_v3_eff_noref.json
body-v3.16/sim/walk_v3_noref.json,85f5f335181e839cfdc2d627ecca5d32,3095,body-v3.10/sim/walk_v3_noref.json
body-v3.16/sim/walk_v3_prerefine_v310.json,09d03ddff2a0a115af858a30f0934a7e,3038,body-v3.10/sim/walk_v3_prerefine_v310.json
body-v3.16/sim/v310_ref/arm_heat_v3.json,07b5df779e4043a927a2b4d6fb21639a,4222,body-v3.10/sim/arm_heat_v3.json
body-v3.16/sim/v310_ref/results_v3.json,2370068638410dd3864dd3c892cd6a3b,7823,body-v3.10/sim/results_v3.json
body-v3.16/sim/v310_ref/walk_v3.json,e9d78c042a9e739225f3023ca5bd64dd,3038,body-v3.10/sim/walk_v3.json
body-v3.16/sim/v310_ref/walk_v3_eff.json,1e744e11cd7023f86b9f07eff160bb5d,3038,body-v3.10/sim/walk_v3_eff.json
body-v3.16/sim/v311_ref/arm_heat_v3.json,07b5df779e4043a927a2b4d6fb21639a,4222,body-v3.10/sim/arm_heat_v3.json
body-v3.16/sim/v311_ref/results_v3.json,859125992a19eb68d7b6dfc8772bce89,7823,body-v3.11/sim/results_v3.json
body-v3.16/sim/v311_ref/walk_v3.json,4af9789103d25cb741517657b5fde163,3031,body-v3.11/sim/walk_v3.json
body-v3.16/sim/v311_ref/walk_v3_eff.json,90de5e2d159d49e1a165ee89674e8272,3049,body-v3.11/sim/walk_v3_eff.json
body-v3.16/sim/v312_ref/arm_heat_v3.json,07b5df779e4043a927a2b4d6fb21639a,4222,body-v3.10/sim/arm_heat_v3.json
body-v3.16/sim/v312_ref/results_v3.json,5424004f332c0e8e99cd9a8ec70d033e,7823,body-v3.12/sim/results_v3.json
body-v3.16/sim/v312_ref/walk_v3.json,6813456c6d543b75d9ce3378cc7ec76d,3035,body-v3.12/sim/walk_v3.json
body-v3.16/sim/v312_ref/walk_v3_eff.json,da1bc95efaa4f87cffc8d4173df08fb6,3048,body-v3.12/sim/walk_v3_eff.json
body-v3.16/sim/v314_ref/arm_heat_v3.json,07b5df779e4043a927a2b4d6fb21639a,4222,body-v3.10/sim/arm_heat_v3.json
body-v3.16/sim/v314_ref/results_v3.json,5ff19fd27ab58cd5229b75f149e29603,7823,body-v3.14/sim/results_v3.json
body-v3.16/sim/v314_ref/walk_v3.json,1e30876edb5e0bee39df59123740079d,3036,body-v3.14/sim/walk_v3.json
body-v3.16/sim/v314_ref/walk_v3_eff.json,c116a8d3fe477f01a98b8bb54dabfa7f,3045,body-v3.14/sim/walk_v3_eff.json
body-v3.16/sim/v315_ref/arm_heat_v3.json,07b5df779e4043a927a2b4d6fb21639a,4222,body-v3.10/sim/arm_heat_v3.json
body-v3.16/sim/v315_ref/results_v3.json,b313775a19af5f0e29ea8d9ae9575fe6,7822,body-v3.15/sim/results_v3.json
body-v3.16/sim/v315_ref/walk_v3.json,c985f9e94b78a0fe370d07b3b066741c,3031,body-v3.15/sim/walk_v3.json
body-v3.16/sim/v315_ref/walk_v3_eff.json,ffd36628ae1263713261beaf6e10d638,3039,body-v3.15/sim/walk_v3_eff.json
body-v3.16/sim/v31_ref/arm_heat_v3.json,2126fcc62fd7d3c396dcb7770419204a,4220,body-v3.1/sim/arm_heat_v3.json
body-v3.16/sim/v31_ref/mass_report_v3.json,b22177cef249a8bc99fcb2f57bb05878,12902,body-v3.1/sim/mass_report_v3.json
body-v3.16/sim/v31_ref/results_v3.json,510d1456468455e8152b440555672307,8029,body-v3.1/sim/results_v3.json
body-v3.16/sim/v31_ref/walk_v3.json,21a198ab40b540b4e3398bd7bdd66988,3094,body-v3.1/sim/walk_v3.json
body-v3.16/sim/v31_ref/walk_v3_eff.json,031ec90a823c37124efb0f9b271545e0,3102,body-v3.1/sim/walk_v3_eff.json
body-v3.16/sim/v32_ref/arm_heat_v3.json,07b5df779e4043a927a2b4d6fb21639a,4222,body-v3.10/sim/arm_heat_v3.json
body-v3.16/sim/v32_ref/results_v3.json,691b926aea221e63317388971ca903f7,8023,body-v3.10/sim/v32_ref/results_v3.json
body-v3.16/sim/v32_ref/walk_refine_v32.json,0648267fc7b09edeaa65985c0b4db260,157,body-v3.10/sim/v32_ref/walk_refine_v32.json
body-v3.16/sim/v32_ref/walk_v3.json,120423616b57938b7fd7672da7ad00f6,3165,body-v3.10/sim/v32_ref/walk_v3.json
body-v3.16/sim/v32_ref/walk_v3_eff.json,0860666c2fb00c61803ca5cf38d8cf2e,3103,body-v3.10/sim/v32_ref/walk_v3_eff.json
body-v3.16/sim/v33_ref/arm_heat_v3.json,07b5df779e4043a927a2b4d6fb21639a,4222,body-v3.10/sim/arm_heat_v3.json
body-v3.16/sim/v33_ref/results_v3.json,1f5b949f70ea6f2d2ca68c339ea885bb,8028,body-v3.10/sim/v33_ref/results_v3.json
body-v3.16/sim/v33_ref/walk_v3.json,135fd3eba247694b2d0455b05c2b1ed0,3154,body-v3.10/sim/v33_ref/walk_v3.json
body-v3.16/sim/v33_ref/walk_v3_eff.json,07f206d2b718406f84a80514363a0894,3163,body-v3.10/sim/v33_ref/walk_v3_eff.json
body-v3.16/sim/v34_ref/arm_heat_v3.json,07b5df779e4043a927a2b4d6fb21639a,4222,body-v3.10/sim/arm_heat_v3.json
body-v3.16/sim/v34_ref/results_v3.json,daa3ef05a96a0d46bbace841296e31c6,8020,body-v3.10/sim/v34_ref/results_v3.json
body-v3.16/sim/v34_ref/walk_v3.json,7f1ce820d388e0e41ba3dfc2c5faba4a,3155,body-v3.10/sim/v34_ref/walk_v3.json
body-v3.16/sim/v34_ref/walk_v3_eff.json,4ea2b63d0b9eba2faa54ba882cf92f93,3160,body-v3.10/sim/v34_ref/walk_v3_eff.json
body-v3.16/sim/v36_ref/arm_heat_v3.json,07b5df779e4043a927a2b4d6fb21639a,4222,body-v3.10/sim/arm_heat_v3.json
body-v3.16/sim/v36_ref/results_v3.json,6d09c34dcdbeb0ab1721a3015ed869a3,7773,body-v3.10/sim/v36_ref/results_v3.json
body-v3.16/sim/v36_ref/walk_v3.json,38bcf54acd4ca8bbf675993d585329f0,3039,body-v3.10/sim/v36_ref/walk_v3.json
body-v3.16/sim/v36_ref/walk_v3_eff.json,31b8a828b14afc9f5d317ef29cfbe9a9,3042,body-v3.10/sim/v36_ref/walk_v3_eff.json
body-v3.16/sim/v37_ref/arm_heat_v3.json,07b5df779e4043a927a2b4d6fb21639a,4222,body-v3.10/sim/arm_heat_v3.json
body-v3.16/sim/v37_ref/results_v3.json,e28526abee73fc3f1f2ce8a8893f87ae,7780,body-v3.10/sim/v37_ref/results_v3.json
body-v3.16/sim/v37_ref/walk_v3.json,33671a750fd7dce386401bce59f686a8,3032,body-v3.10/sim/v37_ref/walk_v3.json
body-v3.16/sim/v37_ref/walk_v3_eff.json,7be0f1960d01f0a3b80fb0f12f58de19,3043,body-v3.10/sim/v37_ref/walk_v3_eff.json
body-v3.16/sim/v38_ref/arm_heat_v3.json,07b5df779e4043a927a2b4d6fb21639a,4222,body-v3.10/sim/arm_heat_v3.json
body-v3.16/sim/v38_ref/results_v3.json,db7c5b8b22483b4f91eb46d530353928,7824,body-v3.10/sim/v38_ref/results_v3.json
body-v3.16/sim/v38_ref/walk_v3.json,fee45989bdaf3ab94dcabed25b50e7bb,3039,body-v3.10/sim/v38_ref/walk_v3.json
body-v3.16/sim/v38_ref/walk_v3_eff.json,228f2964c6705f80ebc7366edb2f0317,3043,body-v3.10/sim/v38_ref/walk_v3_eff.json
body-v3.16/sim/v39_ref/arm_heat_v3.json,07b5df779e4043a927a2b4d6fb21639a,4222,body-v3.10/sim/arm_heat_v3.json
body-v3.16/sim/v39_ref/results_v3.json,6603ecb5509ca86206a169ce15811895,7824,body-v3.10/sim/v39_ref/results_v3.json
body-v3.16/sim/v39_ref/walk_v3.json,8fc65df0a06c89e667c1c6d739d66c3c,3033,body-v3.10/sim/v39_ref/walk_v3.json
body-v3.16/sim/v39_ref/walk_v3_eff.json,79767a0ef34301f4d5f02ac4e2c255bf,3042,body-v3.10/sim/v39_ref/walk_v3_eff.json
body-v3.16/sim/v3_ref/arm_heat_v3.json,24f0f1621b09d575497b233327d5af34,4223,body-v3/sim/arm_heat_v3.json
body-v3.16/sim/v3_ref/results_v3.json,e91a5d8c46c37b6547966407c5d77848,8025,body-v3/sim/results_v3.json
body-v3.16/sim/v3_ref/walk_v3.json,f6dfc33626937c34a72b551e33684da3,3337,body-v3/sim/walk_v3.json
body-v3.16/sim/v3_ref/walk_v3_eff.json,394deba9fbf961cf5d88aae40d78c2e6,3347,body-v3/sim/walk_v3_eff.json
body-v3.17/README.md,65c2e177b5412a5e63ba38b5190edbde,6101,body-v3.10/README.md
body-v3.17/README_v3.md,d5dfb182350ce2de808eda08cc549acc,8398,body-v3/README.md
body-v3.17/README_v31.md,62cf5740b1281b505a1e2bb98d536030,8478,body-v3.1/README.md
body-v3.17/README_v310.md,8da2f237ff36b44d0add847660514f13,3734,body-v3.10/README_v310.md
body-v3.17/README_v311.md,00e8e1e244dfd4deb11e26e2ae98012f,4189,body-v3.11/README_v311.md
body-v3.17/README_v312.md,1661c05da47e75ae5678be1a9513648e,4010,body-v3.12/README_v312.md
body-v3.17/README_v313.md,60beb427e39b3057b625d7c402153ecd,3338,body-v3.13/README_v313.md
body-v3.17/README_v314.md,c06f881a9d452d57268625b05f4b8850,3978,body-v3.14/README_v314.md
body-v3.17/README_v315.md,e6dcd0fd62eb3f59d02bf840e1d59599,2771,body-v3.15/README_v315.md
body-v3.17/README_v316.md,af2d2b48ebd64516bfe0f1dd61b28da7,6517,body-v3.16/README_v316.md
body-v3.17/README_v317.md,08d1cd9d822124621f017e9b62a01692,4494,body-v3.17/README_v317.md
body-v3.17/README_v32.md,36d5079dfd7d10c4ca271706c936cf5a,12057,body-v3.10/README_v32.md
body-v3.17/README_v33.md,6752bb01dae32e530a285e330f4d5770,5164,body-v3.10/README_v33.md
body-v3.17/README_v34.md,b512057a38e8cd7dd3ee07219c058e51,2623,body-v3.10/README_v34.md
body-v3.17/README_v35.md,7d8c481c42edc18f57b68b7bcea44345,2418,body-v3.10/README_v35.md
body-v3.17/README_v36.md,756af93fbf80b2ee9e5fee1458509d98,2438,body-v3.10/README_v36.md
body-v3.17/README_v38.md,ed0092856c928668efe6274c4752d7c2,4651,body-v3.10/README_v38.md
body-v3.17/README_v39.md,93f974e23db0965ce50120ba22d3dfaf,4818,body-v3.10/README_v39.md
body-v3.17/armsweep_v316.json,1f5aeabfa91da235aef6d943587fcf20,232,body-v3.16/armsweep_v316.json
body-v3.17/armsweep_v317.json,64745441dcb259065e67e21ae09ffab6,1203,body-v3.17/armsweep_v317.json
body-v3.17/bom_v35.md,54e414cced6d75762caa12cba76d0d40,1012,body-v3.10/bom_v35.md
body-v3.17/build_report.json,3c08239c078593b51d293cace8ec1a27,19929,body-v3.10/build_report.json
body-v3.17/changed_parts_v36_to_v37.json,a9a41d7c46a2ad62fed49408f90e4b29,1338,body-v3.10/changed_parts_v36_to_v37.json
body-v3.17/changed_parts_v37_to_v38.json,49ae233dc0c85f386397a6f0a52f4f9a,6172,body-v3.10/changed_parts_v37_to_v38.json
body-v3.17/changed_parts_v38_to_v39.json,d3cd5cdf0f50ea6407e39f2225cef809,6381,body-v3.10/changed_parts_v38_to_v39.json
body-v3.17/collide_head_v310.json,e25c6464886e09f567ee551e6f338f74,2142,body-v3.10/collide_head_v310.json
body-v3.17/collide_head_v311.json,e25c6464886e09f567ee551e6f338f74,2142,body-v3.10/collide_head_v310.json
body-v3.17/collide_head_v312.json,e25c6464886e09f567ee551e6f338f74,2142,body-v3.10/collide_head_v310.json
body-v3.17/collide_head_v312_baseline_for_v313.json,9b4637517f3bf949c5067330e618d235,10236,body-v3.13/collide_head_v312_baseline_for_v313.json
body-v3.17/collide_head_v313.json,b49557fdb2e92668b038eff5c1f559b2,10094,body-v3.13/collide_head_v313.json
body-v3.17/collide_head_v314.json,84a15622992a6302ff45de44e07548b2,10324,body-v3.14/collide_head_v314.json
body-v3.17/collide_head_v315.json,3abfd60515fd19ab49ad5e9844607e08,9549,body-v3.15/collide_head_v315.json
body-v3.17/collide_log_v38.txt,9401ea726b306a56955aecbaf3d6525e,4281,body-v3.10/collide_log_v38.txt
body-v3.17/collide_log_v39.txt,9401ea726b306a56955aecbaf3d6525e,4281,body-v3.10/collide_log_v38.txt
body-v3.17/collide_report.json,e6ddd4078834a837f9559a91643465bb,20690,body-v3.10/collide_report.json
body-v3.17/collide_v31_rule_check.json,2cfb89f60ed078067a5b0d563369f90c,129,body-v3.1/collide_v31_rule_check.json
body-v3.17/collide_v32_rule_check.json,005b67a629f7dd1569344a87c0e8df7b,164,body-v3.10/collide_v32_rule_check.json
body-v3.17/fit_v314.json,f8aae41806d01c56389950094ea546d5,320,body-v3.14/fit_v314.json
body-v3.17/grain_report_v37.json,1e6009daf9002a1fe070bf5d12bc03c6,1961,body-v3.17/grain_report_v37.json
body-v3.17/hair_print_report_v313.json,860be9dcc14d271703ad67c23017d1dc,2832,body-v3.13/hair_print_report_v313.json
body-v3.17/hair_print_report_v314.json,a9210bb284841958846ddb4167713788,4794,body-v3.14/hair_print_report_v314.json
body-v3.17/hair_print_report_v315.json,7c5a3f9afea264b52bd3e2841e3c9b82,3652,body-v3.15/hair_print_report_v315.json
body-v3.17/head_print_report.json,79f615cf398723aa2801b3336ef39415,6972,body-v3.10/head_print_report.json
body-v3.17/head_print_report_v315.json,2009b6b02676dc6b96c6dd0d5ffded22,5848,body-v3.15/head_print_report_v315.json
body-v3.17/head_print_report_v316.json,f8e1f5b80ec4e1a19764713305d52d78,3997,body-v3.16/head_print_report_v316.json
body-v3.17/head_print_report_v317.json,fe0ed67ed9be1c640ebe2961c972f159,3397,body-v3.17/head_print_report_v317.json
body-v3.17/head_print_report_v36.json,d33da0d7f147f0bd784709823ca6e9ae,7037,body-v3.10/head_print_report_v36.json
body-v3.17/head_print_report_v37.json,4e0e79baf232a56165080655c08ae618,7733,body-v3.10/head_print_report_v37.json
body-v3.17/head_print_report_v38.json,5d6e16e5fb2414e0bbfca34176d0c3f5,7735,body-v3.10/head_print_report_v38.json
body-v3.17/head_print_report_v39.json,ba2c678786c8b3f4cd8feca3787e75dd,7781,body-v3.10/head_print_report_v39.json
body-v3.17/head_size_v36.json,04f54b55f682598962ff3481a5aba85f,717,body-v3.10/head_size_v36.json
body-v3.17/kilt_check_v316.json,799d097cf52f2f781aee6f772478ae4c,2826,body-v3.16/kilt_check_v316.json
body-v3.17/kilt_check_v316_final_gaits.json,430d99554b945ffe97d090947af9ac02,346,body-v3.16/kilt_check_v316_final_gaits.json
body-v3.17/kilt_print_report_v316.json,7df362561b2ccfefc2eccfe6ae1b03f8,1855,body-v3.16/kilt_print_report_v316.json
body-v3.17/print_note_hair_v313.md,1e35268b4a671737e912d031e769524e,1665,body-v3.13/print_note_hair_v313.md
body-v3.17/print_note_hair_v314.md,d703f5636f9c988f749d1147171e51e9,2397,body-v3.14/print_note_hair_v314.md
body-v3.17/print_note_hair_v315.md,6a889c9eb945efe71cbd55e83070b248,2211,body-v3.15/print_note_hair_v315.md
body-v3.17/print_note_head_v315.md,b00ab61a458365b15abc38025eeb9024,3040,body-v3.15/print_note_head_v315.md
body-v3.17/print_note_head_v316.md,a4f5d5bc7d9d8ed629a2d852a4c13a00,2664,body-v3.16/print_note_head_v316.md
body-v3.17/print_note_head_v317.md,4688ae5478c06dc314ccd47e767dad95,2703,body-v3.17/print_note_head_v317.md
body-v3.17/print_note_kilt_v316.md,0fdb4004cc378b066f170eedf905c93a,3348,body-v3.16/print_note_kilt_v316.md
body-v3.17/print_note_snout_v310.md,8c28ce33c8014e2a35235021cfe421d2,1461,body-v3.10/print_note_snout_v310.md
body-v3.17/print_note_snout_v311.md,9e46a723542d0793ff9f75be43a9b93f,2029,body-v3.11/print_note_snout_v311.md
body-v3.17/print_note_snout_v312.md,c45bac8778b151145198787bdf6e0062,1827,body-v3.12/print_note_snout_v312.md
body-v3.17/print_sheet_body_v38.md,face3494b2f0898c92d4de88aa098edc,6733,body-v3.10/print_sheet_body_v38.md
body-v3.17/print_sheet_head.md,ac0500e69043b84dbd57f7204b995982,3511,body-v3.10/print_sheet_head.md
body-v3.17/print_sheet_head_v36.md,6ac4c2094ed80fd60fd094d5b6ead7f8,3683,body-v3.10/print_sheet_head_v36.md
body-v3.17/print_sheet_head_v37.md,e9fbab93227e450a8c099f93fd6ea65b,5234,body-v3.10/print_sheet_head_v37.md
body-v3.17/print_sheet_head_v38.md,1bd44b955d22ea2e13d00bf05d107d31,5698,body-v3.10/print_sheet_head_v38.md
body-v3.17/print_sheet_head_v39.md,be1e14d15b9f562fb02da2a9853dbef9,5766,body-v3.10/print_sheet_head_v39.md
body-v3.17/servo_choice.md,316473d63f90ad6a5649462db90ee4c3,7062,body-v3.1/servo_choice.md
body-v3.17/snout_print_report_v310.json,4bf50103ac3941a34a8e642e795d6244,1079,body-v3.10/snout_print_report_v310.json
body-v3.17/snout_print_report_v311.json,3a2a461ef0f6fd92fab4a720d1521a76,1010,body-v3.11/snout_print_report_v311.json
body-v3.17/snout_print_report_v312.json,777e230a1c3e92c7a47d5c5b7220e6ad,918,body-v3.12/snout_print_report_v312.json
body-v3.17/torso_env_v34.json,bda31ea296b814d3685d260d29f3e20f,36249,body-v3.10/torso_env_v34.json
body-v3.17/torso_env_v36.json,8b9d02fce005d442335cfb062533af58,54421,body-v3.10/torso_env_v36.json
body-v3.17/torso_env_v38.json,687e14f2e4e89bf21a99087d015075c6,54455,body-v3.10/torso_env_v38.json
body-v3.17/wall_v316_wig_ref.json,da76d2f347b1e63a64657da82a9b63a9,229,body-v3.17/wall_v316_wig_ref.json
body-v3.17/wall_v317.json,9a56d2bc81b85bf45a7a5b2ef12f0c2b,227,body-v3.17/wall_v317.json
body-v3.17/measure/photo_measure.json,5832cf5aab493edae31cd598e050fc53,2746,body-v3/measure/photo_measure.json
body-v3.17/measure/snout_taper_v312.json,36dde250b844c6de6e65956251b874de,1330,body-v3.12/measure/snout_taper_v312.json
body-v3.17/measure/targets.json,7b665a9c4ecd33771be6d5312f1cfcdb,5282,body-v3/measure/targets.json
body-v3.17/measure/v31_measure.json,7770567faa6c6ee5ce5e18b1da51c474,1121,body-v3.1/measure/v31_measure.json
body-v3.17/measure/v32_measure.json,852640a3181a17ea81aee224e86ac5f7,979,body-v3.10/measure/v32_measure.json
body-v3.17/measure/v32_neck_scale.json,14486360543aa63b349b95440d1f1729,914,body-v3.10/measure/v32_neck_scale.json
body-v3.17/measure/v33_head_size.json,fc2bb9834c1e56d00aff074751409e63,968,body-v3.10/measure/v33_head_size.json
body-v3.17/measure/v33_head_size_overlay.json,f59662c96f18842e63e50af4d4cb1315,567,body-v3.10/measure/v33_head_size_overlay.json
body-v3.17/measure/v33_neck_scale.json,e40e7e3d179e145a736191fd39b80f52,368,body-v3.10/measure/v33_neck_scale.json
body-v3.17/sim/README.md,5a2184fcce272380e8a22600e08816c1,13351,body-v3.10/sim/README.md
body-v3.17/sim/arm_heat_v2.json,bc311c1775b81c9405219b9bbff5ec13,4223,body-v3/sim/arm_heat_v2.json
body-v3.17/sim/arm_heat_v3.json,07b5df779e4043a927a2b4d6fb21639a,4222,body-v3.10/sim/arm_heat_v3.json
body-v3.17/sim/compare_stock_v2_v3.json,0ed3b329d48797a6244eeffa2d5fde08,3805,body-v3/sim/compare_stock_v2_v3.json
body-v3.17/sim/compare_stock_v2_v3.md,895225c90e71fdfa98f1516ec893a8b1,2949,body-v3/sim/compare_stock_v2_v3.md
body-v3.17/sim/compare_v311_v312.json,3473272bc00ed7d7bd1011e4668be807,3275,body-v3.12/sim/compare_v311_v312.json
body-v3.17/sim/compare_v311_v312.md,22edbe199a0bd1aadce75c39aed27780,1921,body-v3.12/sim/compare_v311_v312.md
body-v3.17/sim/compare_v312_v313.json,5dd49cf449e49debec85c42ab559d377,3276,body-v3.13/sim/compare_v312_v313.json
body-v3.17/sim/compare_v312_v313.md,b8d569cdec4a0b4d85e633e1fad8d729,1922,body-v3.13/sim/compare_v312_v313.md
body-v3.17/sim/compare_v313_v314.json,5ee81ca0f77cf165bdf818892ffd6dca,3276,body-v3.14/sim/compare_v313_v314.json
body-v3.17/sim/compare_v313_v314.md,6283c46bebaa7397b4d96d193bfc9c77,1922,body-v3.14/sim/compare_v313_v314.md
body-v3.17/sim/compare_v314_v315.json,ae355b8cf1a564bbec7efc7eb413a87a,3275,body-v3.15/sim/compare_v314_v315.json
body-v3.17/sim/compare_v314_v315.md,5022aaec37e2cbfffaaa0ffda9155353,1921,body-v3.15/sim/compare_v314_v315.md
body-v3.17/sim/compare_v315_v316.json,05b068e032c61b44a735110dd68d824f,3275,body-v3.16/sim/compare_v315_v316.json
body-v3.17/sim/compare_v315_v316.md,7f3d98d608546dfa4b151456866195a1,1921,body-v3.16/sim/compare_v315_v316.md
body-v3.17/sim/compare_v316_v317.json,89fc00addd46ac4183394325d465c0b6,3276,body-v3.17/sim/compare_v316_v317.json
body-v3.17/sim/compare_v316_v317.md,83688af2bb79fc2348ba36b5274ba16a,1922,body-v3.17/sim/compare_v316_v317.md
body-v3.17/sim/compare_v31_v32.json,c51ae2424f05c1ab5562ee15e9b2965f,3254,body-v3.10/sim/compare_v31_v32.json
body-v3.17/sim/compare_v31_v32.md,644ebfad4fb06dc032148c27094bee2c,1939,body-v3.10/sim/compare_v31_v32.md
body-v3.17/sim/compare_v32_v33.json,a6b9c313414ce0741dcde7c80ce064a7,3255,body-v3.10/sim/compare_v32_v33.json
body-v3.17/sim/compare_v32_v33.md,de11b2bed04349fe3059fe2af1f01f8d,1861,body-v3.10/sim/compare_v32_v33.md
body-v3.17/sim/compare_v33_v34.json,9970e48ff8444752844c36261fdbc8a7,3255,body-v3.10/sim/compare_v33_v34.json
body-v3.17/sim/compare_v33_v34.md,1bee2d057cf0af55e9285ae39642e0d4,1861,body-v3.10/sim/compare_v33_v34.md
body-v3.17/sim/compare_v34_v35.json,15b209ba528bca78169f2c308cc5a0c0,3263,body-v3.10/sim/compare_v34_v35.json
body-v3.17/sim/compare_v34_v35.md,e7b150ed0f30c20b731c9a2ac12058d0,2289,body-v3.10/sim/compare_v34_v35.md
body-v3.17/sim/compare_v35_v36.json,91ae3e17f2ce269016d61be082636f3e,3272,body-v3.10/sim/compare_v35_v36.json
body-v3.17/sim/compare_v35_v36.md,ada8c03eeb0156deaac729f93149e461,2344,body-v3.10/sim/compare_v35_v36.md
body-v3.17/sim/compare_v36_v37.json,3e11a3460b142718d63652a501df696e,3271,body-v3.10/sim/compare_v36_v37.json
body-v3.17/sim/compare_v36_v37.md,fda6c06c3d45610df1ba016b41b4ba7b,2405,body-v3.10/sim/compare_v36_v37.md
body-v3.17/sim/compare_v37_v38.json,1276986b406e998977d666daa157cf71,3272,body-v3.10/sim/compare_v37_v38.json
body-v3.17/sim/compare_v37_v38.md,f8a800c1b0a12f6fdc9a81f7131ee562,1915,body-v3.10/sim/compare_v37_v38.md
body-v3.17/sim/compare_v38_v39.json,5a057226cca27472ecf7125a724e8082,3274,body-v3.10/sim/compare_v38_v39.json
body-v3.17/sim/compare_v38_v39.md,dc30e35f4edbde2136c3daf04fc04bcc,1917,body-v3.10/sim/compare_v38_v39.md
body-v3.17/sim/compare_v39_v310.json,8d43b630f2580e8ba95a586df3f3d406,3275,body-v3.10/sim/compare_v39_v310.json
body-v3.17/sim/compare_v39_v310.md,03dd6304ccf2ba5f39991cdadfafd6c8,1921,body-v3.10/sim/compare_v39_v310.md
body-v3.17/sim/compare_v39_v311.json,bf0d8a9069f17dfd3c90f0ae651cbc80,3274,body-v3.11/sim/compare_v39_v311.json
body-v3.17/sim/compare_v39_v311.md,504094156e0454adb92ca4e51fd97da2,1920,body-v3.11/sim/compare_v39_v311.md
body-v3.17/sim/compare_v3_v31.json,7e29f9219c9b23c6c5982ab3a1a89db3,2829,body-v3.1/sim/compare_v3_v31.json
body-v3.17/sim/compare_v3_v31.md,175081c021dce15c7e987872af0ac43f,1611,body-v3.1/sim/compare_v3_v31.md
body-v3.17/sim/gen317.log,d1364dfc1ced2a5a433641ee9c86e977,799,body-v3.17/sim/gen317.log
body-v3.17/sim/mass_report_v3.json,b86ea66935a036b0e82ac37612d2eca2,13479,body-v3.17/sim/mass_report_v3.json
body-v3.17/sim/plot_compare.png,2457a623d2f320f37f590b6d2c9af28b,58887,body-v3/sim/plot_compare.png
body-v3.17/sim/results_v3.json,935d6addfe550f20e12c8b793636fe96,7778,body-v3.17/sim/results_v3.json
body-v3.17/sim/results_v3_8pct.json,cb25e47bae840299a65617cae6694f56,7820,body-v3.11/sim/results_v3_8pct.json
body-v3.17/sim/results_v3_snout10pct.json,103a1aed6577f64926a156f4fcbe8328,7823,body-v3.11/sim/results_v3_snout10pct.json
body-v3.17/sim/rt317.log,734339dad8e117eede012b875d819072,2997,body-v3.17/sim/rt317.log
body-v3.17/sim/walk_refine_eff_v32.json,ef78e6a0295e89303c9fb45e2774b2c6,158,body-v3.16/sim/walk_refine_eff_v32.json
body-v3.17/sim/walk_refine_v32.json,68fc1b645ca4d8846207daf62333170d,158,body-v3.17/sim/walk_refine_v32.json
body-v3.17/sim/walk_v3.json,0514cc614c854751602a29fa12e9d12f,3035,body-v3.17/sim/walk_v3.json
body-v3.17/sim/walk_v3_eff.json,bf910ab795ecc5688ba847d99747c920,3035,body-v3.17/sim/walk_v3_eff.json
body-v3.17/sim/walk_v3_eff_noref.json,ebaa41acfaaef3b24dc77ab83db09f93,3101,body-v3.10/sim/walk_v3_eff_noref.json
body-v3.17/sim/walk_v3_noref.json,85f5f335181e839cfdc2d627ecca5d32,3095,body-v3.10/sim/walk_v3_noref.json
body-v3.17/sim/walk_v3_prerefine_v310.json,09d03ddff2a0a115af858a30f0934a7e,3038,body-v3.10/sim/walk_v3_prerefine_v310.json
body-v3.17/sim/we317.log,909b74c0ea465803e8271ca953cb24d3,126,body-v3.17/sim/we317.log
body-v3.17/sim/wee317.log,7656cb072a79947613d2fb1b6f43d853,127,body-v3.17/sim/wee317.log
body-v3.17/sim/wr317.log,7aabad450d8fee0e5cf88845890bc832,549,body-v3.17/sim/wr317.log
body-v3.17/sim/bak_pre_refine_v317/walk_v3.json,b2aeda35ba64091668d7ce243e0cdda8,3038,body-v3.17/sim/bak_pre_refine_v317/walk_v3.json
body-v3.17/sim/bak_pre_refine_v317/walk_v3_eff.json,bf910ab795ecc5688ba847d99747c920,3035,body-v3.17/sim/walk_v3_eff.json
body-v3.17/sim/v310_ref/arm_heat_v3.json,07b5df779e4043a927a2b4d6fb21639a,4222,body-v3.10/sim/arm_heat_v3.json
body-v3.17/sim/v310_ref/results_v3.json,2370068638410dd3864dd3c892cd6a3b,7823,body-v3.10/sim/results_v3.json
body-v3.17/sim/v310_ref/walk_v3.json,e9d78c042a9e739225f3023ca5bd64dd,3038,body-v3.10/sim/walk_v3.json
body-v3.17/sim/v310_ref/walk_v3_eff.json,1e744e11cd7023f86b9f07eff160bb5d,3038,body-v3.10/sim/walk_v3_eff.json
body-v3.17/sim/v311_ref/arm_heat_v3.json,07b5df779e4043a927a2b4d6fb21639a,4222,body-v3.10/sim/arm_heat_v3.json
body-v3.17/sim/v311_ref/results_v3.json,859125992a19eb68d7b6dfc8772bce89,7823,body-v3.11/sim/results_v3.json
body-v3.17/sim/v311_ref/walk_v3.json,4af9789103d25cb741517657b5fde163,3031,body-v3.11/sim/walk_v3.json
body-v3.17/sim/v311_ref/walk_v3_eff.json,90de5e2d159d49e1a165ee89674e8272,3049,body-v3.11/sim/walk_v3_eff.json
body-v3.17/sim/v312_ref/arm_heat_v3.json,07b5df779e4043a927a2b4d6fb21639a,4222,body-v3.10/sim/arm_heat_v3.json
body-v3.17/sim/v312_ref/results_v3.json,5424004f332c0e8e99cd9a8ec70d033e,7823,body-v3.12/sim/results_v3.json
body-v3.17/sim/v312_ref/walk_v3.json,6813456c6d543b75d9ce3378cc7ec76d,3035,body-v3.12/sim/walk_v3.json
body-v3.17/sim/v312_ref/walk_v3_eff.json,da1bc95efaa4f87cffc8d4173df08fb6,3048,body-v3.12/sim/walk_v3_eff.json
body-v3.17/sim/v314_ref/arm_heat_v3.json,07b5df779e4043a927a2b4d6fb21639a,4222,body-v3.10/sim/arm_heat_v3.json
body-v3.17/sim/v314_ref/results_v3.json,5ff19fd27ab58cd5229b75f149e29603,7823,body-v3.14/sim/results_v3.json
body-v3.17/sim/v314_ref/walk_v3.json,1e30876edb5e0bee39df59123740079d,3036,body-v3.14/sim/walk_v3.json
body-v3.17/sim/v314_ref/walk_v3_eff.json,c116a8d3fe477f01a98b8bb54dabfa7f,3045,body-v3.14/sim/walk_v3_eff.json
body-v3.17/sim/v315_ref/arm_heat_v3.json,07b5df779e4043a927a2b4d6fb21639a,4222,body-v3.10/sim/arm_heat_v3.json
body-v3.17/sim/v315_ref/results_v3.json,b313775a19af5f0e29ea8d9ae9575fe6,7822,body-v3.15/sim/results_v3.json
body-v3.17/sim/v315_ref/walk_v3.json,c985f9e94b78a0fe370d07b3b066741c,3031,body-v3.15/sim/walk_v3.json
body-v3.17/sim/v315_ref/walk_v3_eff.json,ffd36628ae1263713261beaf6e10d638,3039,body-v3.15/sim/walk_v3_eff.json
body-v3.17/sim/v316_ref/arm_heat_v3.json,07b5df779e4043a927a2b4d6fb21639a,4222,body-v3.10/sim/arm_heat_v3.json
body-v3.17/sim/v316_ref/results_v3.json,24e44ae5ede579cf27e9c59f3e91a5de,7775,body-v3.16/sim/results_v3.json
body-v3.17/sim/v316_ref/walk_v3.json,204d18347ae73d7c7dea42312c01ae3f,3036,body-v3.16/sim/walk_v3.json
body-v3.17/sim/v316_ref/walk_v3_eff.json,fbf1db72d2d067b3cd3d9ac1219e6d20,3040,body-v3.16/sim/walk_v3_eff.json
body-v3.17/sim/v31_ref/arm_heat_v3.json,2126fcc62fd7d3c396dcb7770419204a,4220,body-v3.1/sim/arm_heat_v3.json
body-v3.17/sim/v31_ref/mass_report_v3.json,b22177cef249a8bc99fcb2f57bb05878,12902,body-v3.1/sim/mass_report_v3.json
body-v3.17/sim/v31_ref/results_v3.json,510d1456468455e8152b440555672307,8029,body-v3.1/sim/results_v3.json
body-v3.17/sim/v31_ref/walk_v3.json,21a198ab40b540b4e3398bd7bdd66988,3094,body-v3.1/sim/walk_v3.json
body-v3.17/sim/v31_ref/walk_v3_eff.json,031ec90a823c37124efb0f9b271545e0,3102,body-v3.1/sim/walk_v3_eff.json
body-v3.17/sim/v32_ref/arm_heat_v3.json,07b5df779e4043a927a2b4d6fb21639a,4222,body-v3.10/sim/arm_heat_v3.json
body-v3.17/sim/v32_ref/results_v3.json,691b926aea221e63317388971ca903f7,8023,body-v3.10/sim/v32_ref/results_v3.json
body-v3.17/sim/v32_ref/walk_refine_v32.json,0648267fc7b09edeaa65985c0b4db260,157,body-v3.10/sim/v32_ref/walk_refine_v32.json
body-v3.17/sim/v32_ref/walk_v3.json,120423616b57938b7fd7672da7ad00f6,3165,body-v3.10/sim/v32_ref/walk_v3.json
body-v3.17/sim/v32_ref/walk_v3_eff.json,0860666c2fb00c61803ca5cf38d8cf2e,3103,body-v3.10/sim/v32_ref/walk_v3_eff.json
body-v3.17/sim/v33_ref/arm_heat_v3.json,07b5df779e4043a927a2b4d6fb21639a,4222,body-v3.10/sim/arm_heat_v3.json
body-v3.17/sim/v33_ref/results_v3.json,1f5b949f70ea6f2d2ca68c339ea885bb,8028,body-v3.10/sim/v33_ref/results_v3.json
body-v3.17/sim/v33_ref/walk_v3.json,135fd3eba247694b2d0455b05c2b1ed0,3154,body-v3.10/sim/v33_ref/walk_v3.json
body-v3.17/sim/v33_ref/walk_v3_eff.json,07f206d2b718406f84a80514363a0894,3163,body-v3.10/sim/v33_ref/walk_v3_eff.json
body-v3.17/sim/v34_ref/arm_heat_v3.json,07b5df779e4043a927a2b4d6fb21639a,4222,body-v3.10/sim/arm_heat_v3.json
body-v3.17/sim/v34_ref/results_v3.json,daa3ef05a96a0d46bbace841296e31c6,8020,body-v3.10/sim/v34_ref/results_v3.json
body-v3.17/sim/v34_ref/walk_v3.json,7f1ce820d388e0e41ba3dfc2c5faba4a,3155,body-v3.10/sim/v34_ref/walk_v3.json
body-v3.17/sim/v34_ref/walk_v3_eff.json,4ea2b63d0b9eba2faa54ba882cf92f93,3160,body-v3.10/sim/v34_ref/walk_v3_eff.json
body-v3.17/sim/v36_ref/arm_heat_v3.json,07b5df779e4043a927a2b4d6fb21639a,4222,body-v3.10/sim/arm_heat_v3.json
body-v3.17/sim/v36_ref/results_v3.json,6d09c34dcdbeb0ab1721a3015ed869a3,7773,body-v3.10/sim/v36_ref/results_v3.json
body-v3.17/sim/v36_ref/walk_v3.json,38bcf54acd4ca8bbf675993d585329f0,3039,body-v3.10/sim/v36_ref/walk_v3.json
body-v3.17/sim/v36_ref/walk_v3_eff.json,31b8a828b14afc9f5d317ef29cfbe9a9,3042,body-v3.10/sim/v36_ref/walk_v3_eff.json
body-v3.17/sim/v37_ref/arm_heat_v3.json,07b5df779e4043a927a2b4d6fb21639a,4222,body-v3.10/sim/arm_heat_v3.json
body-v3.17/sim/v37_ref/results_v3.json,e28526abee73fc3f1f2ce8a8893f87ae,7780,body-v3.10/sim/v37_ref/results_v3.json
body-v3.17/sim/v37_ref/walk_v3.json,33671a750fd7dce386401bce59f686a8,3032,body-v3.10/sim/v37_ref/walk_v3.json
body-v3.17/sim/v37_ref/walk_v3_eff.json,7be0f1960d01f0a3b80fb0f12f58de19,3043,body-v3.10/sim/v37_ref/walk_v3_eff.json
body-v3.17/sim/v38_ref/arm_heat_v3.json,07b5df779e4043a927a2b4d6fb21639a,4222,body-v3.10/sim/arm_heat_v3.json
body-v3.17/sim/v38_ref/results_v3.json,db7c5b8b22483b4f91eb46d530353928,7824,body-v3.10/sim/v38_ref/results_v3.json
body-v3.17/sim/v38_ref/walk_v3.json,fee45989bdaf3ab94dcabed25b50e7bb,3039,body-v3.10/sim/v38_ref/walk_v3.json
body-v3.17/sim/v38_ref/walk_v3_eff.json,228f2964c6705f80ebc7366edb2f0317,3043,body-v3.10/sim/v38_ref/walk_v3_eff.json
body-v3.17/sim/v39_ref/arm_heat_v3.json,07b5df779e4043a927a2b4d6fb21639a,4222,body-v3.10/sim/arm_heat_v3.json
body-v3.17/sim/v39_ref/results_v3.json,6603ecb5509ca86206a169ce15811895,7824,body-v3.10/sim/v39_ref/results_v3.json
body-v3.17/sim/v39_ref/walk_v3.json,8fc65df0a06c89e667c1c6d739d66c3c,3033,body-v3.10/sim/v39_ref/walk_v3.json
body-v3.17/sim/v39_ref/walk_v3_eff.json,79767a0ef34301f4d5f02ac4e2c255bf,3042,body-v3.10/sim/v39_ref/walk_v3_eff.json
body-v3.17/sim/v3_ref/arm_heat_v3.json,24f0f1621b09d575497b233327d5af34,4223,body-v3/sim/arm_heat_v3.json
body-v3.17/sim/v3_ref/results_v3.json,e91a5d8c46c37b6547966407c5d77848,8025,body-v3/sim/results_v3.json
body-v3.17/sim/v3_ref/walk_v3.json,f6dfc33626937c34a72b551e33684da3,3337,body-v3/sim/walk_v3.json
body-v3.17/sim/v3_ref/walk_v3_eff.json,394deba9fbf961cf5d88aae40d78c2e6,3347,body-v3/sim/walk_v3_eff.json
body-v3.18/README.md,65c2e177b5412a5e63ba38b5190edbde,6101,body-v3.10/README.md
body-v3.18/README_v3.md,d5dfb182350ce2de808eda08cc549acc,8398,body-v3/README.md
body-v3.18/README_v31.md,62cf5740b1281b505a1e2bb98d536030,8478,body-v3.1/README.md
body-v3.18/README_v310.md,8da2f237ff36b44d0add847660514f13,3734,body-v3.10/README_v310.md
body-v3.18/README_v311.md,00e8e1e244dfd4deb11e26e2ae98012f,4189,body-v3.11/README_v311.md
body-v3.18/README_v312.md,1661c05da47e75ae5678be1a9513648e,4010,body-v3.12/README_v312.md
body-v3.18/README_v313.md,60beb427e39b3057b625d7c402153ecd,3338,body-v3.13/README_v313.md
body-v3.18/README_v314.md,c06f881a9d452d57268625b05f4b8850,3978,body-v3.14/README_v314.md
body-v3.18/README_v315.md,e6dcd0fd62eb3f59d02bf840e1d59599,2771,body-v3.15/README_v315.md
body-v3.18/README_v316.md,af2d2b48ebd64516bfe0f1dd61b28da7,6517,body-v3.16/README_v316.md
body-v3.18/README_v317.md,08d1cd9d822124621f017e9b62a01692,4494,body-v3.17/README_v317.md
body-v3.18/README_v318.md,0af4e594f70c70c582978e26dba2fd10,4575,body-v3.18/README_v318.md
body-v3.18/README_v32.md,36d5079dfd7d10c4ca271706c936cf5a,12057,body-v3.10/README_v32.md
body-v3.18/README_v33.md,6752bb01dae32e530a285e330f4d5770,5164,body-v3.10/README_v33.md
body-v3.18/README_v34.md,b512057a38e8cd7dd3ee07219c058e51,2623,body-v3.10/README_v34.md
body-v3.18/README_v35.md,7d8c481c42edc18f57b68b7bcea44345,2418,body-v3.10/README_v35.md
body-v3.18/README_v36.md,756af93fbf80b2ee9e5fee1458509d98,2438,body-v3.10/README_v36.md
body-v3.18/README_v38.md,ed0092856c928668efe6274c4752d7c2,4651,body-v3.10/README_v38.md
body-v3.18/README_v39.md,93f974e23db0965ce50120ba22d3dfaf,4818,body-v3.10/README_v39.md
body-v3.18/armsweep_v316.json,1f5aeabfa91da235aef6d943587fcf20,232,body-v3.16/armsweep_v316.json
body-v3.18/armsweep_v317.json,64745441dcb259065e67e21ae09ffab6,1203,body-v3.17/armsweep_v317.json
body-v3.18/armsweep_v318.json,5ae60717248b7264e1f67c1252ce79a5,1198,body-v3.18/armsweep_v318.json
body-v3.18/bom_v35.md,54e414cced6d75762caa12cba76d0d40,1012,body-v3.10/bom_v35.md
body-v3.18/build_report.json,3c08239c078593b51d293cace8ec1a27,19929,body-v3.10/build_report.json
body-v3.18/changed_parts_v36_to_v37.json,a9a41d7c46a2ad62fed49408f90e4b29,1338,body-v3.10/changed_parts_v36_to_v37.json
body-v3.18/changed_parts_v37_to_v38.json,49ae233dc0c85f386397a6f0a52f4f9a,6172,body-v3.10/changed_parts_v37_to_v38.json
body-v3.18/changed_parts_v38_to_v39.json,d3cd5cdf0f50ea6407e39f2225cef809,6381,body-v3.10/changed_parts_v38_to_v39.json
body-v3.18/collide_head_v310.json,e25c6464886e09f567ee551e6f338f74,2142,body-v3.10/collide_head_v310.json
body-v3.18/collide_head_v311.json,e25c6464886e09f567ee551e6f338f74,2142,body-v3.10/collide_head_v310.json
body-v3.18/collide_head_v312.json,e25c6464886e09f567ee551e6f338f74,2142,body-v3.10/collide_head_v310.json
body-v3.18/collide_head_v312_baseline_for_v313.json,9b4637517f3bf949c5067330e618d235,10236,body-v3.13/collide_head_v312_baseline_for_v313.json
body-v3.18/collide_head_v313.json,b49557fdb2e92668b038eff5c1f559b2,10094,body-v3.13/collide_head_v313.json
body-v3.18/collide_head_v314.json,84a15622992a6302ff45de44e07548b2,10324,body-v3.14/collide_head_v314.json
body-v3.18/collide_head_v315.json,3abfd60515fd19ab49ad5e9844607e08,9549,body-v3.15/collide_head_v315.json
body-v3.18/collide_log_v38.txt,9401ea726b306a56955aecbaf3d6525e,4281,body-v3.10/collide_log_v38.txt
body-v3.18/collide_log_v39.txt,9401ea726b306a56955aecbaf3d6525e,4281,body-v3.10/collide_log_v38.txt
body-v3.18/collide_report.json,e6ddd4078834a837f9559a91643465bb,20690,body-v3.10/collide_report.json
body-v3.18/collide_v31_rule_check.json,2cfb89f60ed078067a5b0d563369f90c,129,body-v3.1/collide_v31_rule_check.json
body-v3.18/collide_v32_rule_check.json,005b67a629f7dd1569344a87c0e8df7b,164,body-v3.10/collide_v32_rule_check.json
body-v3.18/fit_v314.json,f8aae41806d01c56389950094ea546d5,320,body-v3.14/fit_v314.json
body-v3.18/grain_report_v37.json,f6b46f07c82c9793ab122fde9367f73f,1961,body-v3.18/grain_report_v37.json
body-v3.18/hair_print_report_v313.json,860be9dcc14d271703ad67c23017d1dc,2832,body-v3.13/hair_print_report_v313.json
body-v3.18/hair_print_report_v314.json,a9210bb284841958846ddb4167713788,4794,body-v3.14/hair_print_report_v314.json
body-v3.18/hair_print_report_v315.json,7c5a3f9afea264b52bd3e2841e3c9b82,3652,body-v3.15/hair_print_report_v315.json
body-v3.18/head_print_report.json,79f615cf398723aa2801b3336ef39415,6972,body-v3.10/head_print_report.json
body-v3.18/head_print_report_v315.json,2009b6b02676dc6b96c6dd0d5ffded22,5848,body-v3.15/head_print_report_v315.json
body-v3.18/head_print_report_v316.json,f8e1f5b80ec4e1a19764713305d52d78,3997,body-v3.16/head_print_report_v316.json
body-v3.18/head_print_report_v317.json,fe0ed67ed9be1c640ebe2961c972f159,3397,body-v3.17/head_print_report_v317.json
body-v3.18/head_print_report_v318.json,0c4af57a9b076781b75f49f381e6e2db,3274,body-v3.18/head_print_report_v318.json
body-v3.18/head_print_report_v36.json,d33da0d7f147f0bd784709823ca6e9ae,7037,body-v3.10/head_print_report_v36.json
body-v3.18/head_print_report_v37.json,4e0e79baf232a56165080655c08ae618,7733,body-v3.10/head_print_report_v37.json
body-v3.18/head_print_report_v38.json,5d6e16e5fb2414e0bbfca34176d0c3f5,7735,body-v3.10/head_print_report_v38.json
body-v3.18/head_print_report_v39.json,ba2c678786c8b3f4cd8feca3787e75dd,7781,body-v3.10/head_print_report_v39.json
body-v3.18/head_size_v36.json,04f54b55f682598962ff3481a5aba85f,717,body-v3.10/head_size_v36.json
body-v3.18/headrange_v320_on_this.json,be4b23b96c07c07e00bbae03d5e4c0f4,942,body-v3.18/headrange_v320_on_this.json
body-v3.18/kilt_check_v316.json,799d097cf52f2f781aee6f772478ae4c,2826,body-v3.16/kilt_check_v316.json
body-v3.18/kilt_check_v316_final_gaits.json,430d99554b945ffe97d090947af9ac02,346,body-v3.16/kilt_check_v316_final_gaits.json
body-v3.18/kilt_print_report_v316.json,7df362561b2ccfefc2eccfe6ae1b03f8,1855,body-v3.16/kilt_print_report_v316.json
body-v3.18/print_note_hair_v313.md,1e35268b4a671737e912d031e769524e,1665,body-v3.13/print_note_hair_v313.md
body-v3.18/print_note_hair_v314.md,d703f5636f9c988f749d1147171e51e9,2397,body-v3.14/print_note_hair_v314.md
body-v3.18/print_note_hair_v315.md,6a889c9eb945efe71cbd55e83070b248,2211,body-v3.15/print_note_hair_v315.md
body-v3.18/print_note_head_v315.md,b00ab61a458365b15abc38025eeb9024,3040,body-v3.15/print_note_head_v315.md
body-v3.18/print_note_head_v316.md,a4f5d5bc7d9d8ed629a2d852a4c13a00,2664,body-v3.16/print_note_head_v316.md
body-v3.18/print_note_head_v317.md,4688ae5478c06dc314ccd47e767dad95,2703,body-v3.17/print_note_head_v317.md
body-v3.18/print_note_head_v318.md,84654fd7ff87f728f90ca899ef84a8e0,2674,body-v3.18/print_note_head_v318.md
body-v3.18/print_note_kilt_v316.md,0fdb4004cc378b066f170eedf905c93a,3348,body-v3.16/print_note_kilt_v316.md
body-v3.18/print_note_snout_v310.md,8c28ce33c8014e2a35235021cfe421d2,1461,body-v3.10/print_note_snout_v310.md
body-v3.18/print_note_snout_v311.md,9e46a723542d0793ff9f75be43a9b93f,2029,body-v3.11/print_note_snout_v311.md
body-v3.18/print_note_snout_v312.md,c45bac8778b151145198787bdf6e0062,1827,body-v3.12/print_note_snout_v312.md
body-v3.18/print_sheet_body_v38.md,face3494b2f0898c92d4de88aa098edc,6733,body-v3.10/print_sheet_body_v38.md
body-v3.18/print_sheet_head.md,ac0500e69043b84dbd57f7204b995982,3511,body-v3.10/print_sheet_head.md
body-v3.18/print_sheet_head_v36.md,6ac4c2094ed80fd60fd094d5b6ead7f8,3683,body-v3.10/print_sheet_head_v36.md
body-v3.18/print_sheet_head_v37.md,e9fbab93227e450a8c099f93fd6ea65b,5234,body-v3.10/print_sheet_head_v37.md
body-v3.18/print_sheet_head_v38.md,1bd44b955d22ea2e13d00bf05d107d31,5698,body-v3.10/print_sheet_head_v38.md
body-v3.18/print_sheet_head_v39.md,be1e14d15b9f562fb02da2a9853dbef9,5766,body-v3.10/print_sheet_head_v39.md
body-v3.18/servo_choice.md,316473d63f90ad6a5649462db90ee4c3,7062,body-v3.1/servo_choice.md
body-v3.18/snout_print_report_v310.json,4bf50103ac3941a34a8e642e795d6244,1079,body-v3.10/snout_print_report_v310.json
body-v3.18/snout_print_report_v311.json,3a2a461ef0f6fd92fab4a720d1521a76,1010,body-v3.11/snout_print_report_v311.json
body-v3.18/snout_print_report_v312.json,777e230a1c3e92c7a47d5c5b7220e6ad,918,body-v3.12/snout_print_report_v312.json
body-v3.18/torso_env_v34.json,bda31ea296b814d3685d260d29f3e20f,36249,body-v3.10/torso_env_v34.json
body-v3.18/torso_env_v36.json,8b9d02fce005d442335cfb062533af58,54421,body-v3.10/torso_env_v36.json
body-v3.18/torso_env_v38.json,687e14f2e4e89bf21a99087d015075c6,54455,body-v3.10/torso_env_v38.json
body-v3.18/wall_v316_wig_ref.json,da76d2f347b1e63a64657da82a9b63a9,229,body-v3.17/wall_v316_wig_ref.json
body-v3.18/wall_v317.json,9a56d2bc81b85bf45a7a5b2ef12f0c2b,227,body-v3.17/wall_v317.json
body-v3.18/wall_v318.json,8a58771e7725eb91575b2ee5d5f624b9,226,body-v3.18/wall_v318.json
body-v3.18/measure/photo_measure.json,5832cf5aab493edae31cd598e050fc53,2746,body-v3/measure/photo_measure.json
body-v3.18/measure/snout_taper_v312.json,36dde250b844c6de6e65956251b874de,1330,body-v3.12/measure/snout_taper_v312.json
body-v3.18/measure/targets.json,7b665a9c4ecd33771be6d5312f1cfcdb,5282,body-v3/measure/targets.json
body-v3.18/measure/v31_measure.json,7770567faa6c6ee5ce5e18b1da51c474,1121,body-v3.1/measure/v31_measure.json
body-v3.18/measure/v32_measure.json,852640a3181a17ea81aee224e86ac5f7,979,body-v3.10/measure/v32_measure.json
body-v3.18/measure/v32_neck_scale.json,14486360543aa63b349b95440d1f1729,914,body-v3.10/measure/v32_neck_scale.json
body-v3.18/measure/v33_head_size.json,fc2bb9834c1e56d00aff074751409e63,968,body-v3.10/measure/v33_head_size.json
body-v3.18/measure/v33_head_size_overlay.json,f59662c96f18842e63e50af4d4cb1315,567,body-v3.10/measure/v33_head_size_overlay.json
body-v3.18/measure/v33_neck_scale.json,e40e7e3d179e145a736191fd39b80f52,368,body-v3.10/measure/v33_neck_scale.json
body-v3.18/sim/README.md,5a2184fcce272380e8a22600e08816c1,13351,body-v3.10/sim/README.md
body-v3.18/sim/arm_heat_v2.json,bc311c1775b81c9405219b9bbff5ec13,4223,body-v3/sim/arm_heat_v2.json
body-v3.18/sim/arm_heat_v3.json,07b5df779e4043a927a2b4d6fb21639a,4222,body-v3.10/sim/arm_heat_v3.json
body-v3.18/sim/compare_stock_v2_v3.json,0ed3b329d48797a6244eeffa2d5fde08,3805,body-v3/sim/compare_stock_v2_v3.json
body-v3.18/sim/compare_stock_v2_v3.md,895225c90e71fdfa98f1516ec893a8b1,2949,body-v3/sim/compare_stock_v2_v3.md
body-v3.18/sim/compare_v311_v312.json,3473272bc00ed7d7bd1011e4668be807,3275,body-v3.12/sim/compare_v311_v312.json
body-v3.18/sim/compare_v311_v312.md,22edbe199a0bd1aadce75c39aed27780,1921,body-v3.12/sim/compare_v311_v312.md
body-v3.18/sim/compare_v312_v313.json,5dd49cf449e49debec85c42ab559d377,3276,body-v3.13/sim/compare_v312_v313.json
body-v3.18/sim/compare_v312_v313.md,b8d569cdec4a0b4d85e633e1fad8d729,1922,body-v3.13/sim/compare_v312_v313.md
body-v3.18/sim/compare_v313_v314.json,5ee81ca0f77cf165bdf818892ffd6dca,3276,body-v3.14/sim/compare_v313_v314.json
body-v3.18/sim/compare_v313_v314.md,6283c46bebaa7397b4d96d193bfc9c77,1922,body-v3.14/sim/compare_v313_v314.md
body-v3.18/sim/compare_v314_v315.json,ae355b8cf1a564bbec7efc7eb413a87a,3275,body-v3.15/sim/compare_v314_v315.json
body-v3.18/sim/compare_v314_v315.md,5022aaec37e2cbfffaaa0ffda9155353,1921,body-v3.15/sim/compare_v314_v315.md
body-v3.18/sim/compare_v315_v316.json,05b068e032c61b44a735110dd68d824f,3275,body-v3.16/sim/compare_v315_v316.json
body-v3.18/sim/compare_v315_v316.md,7f3d98d608546dfa4b151456866195a1,1921,body-v3.16/sim/compare_v315_v316.md
body-v3.18/sim/compare_v316_v317.json,89fc00addd46ac4183394325d465c0b6,3276,body-v3.17/sim/compare_v316_v317.json
body-v3.18/sim/compare_v316_v317.md,83688af2bb79fc2348ba36b5274ba16a,1922,body-v3.17/sim/compare_v316_v317.md
body-v3.18/sim/compare_v317_v318.json,ad0dc738bc0a716df0978250c0782c47,3276,body-v3.18/sim/compare_v317_v318.json
body-v3.18/sim/compare_v317_v318.md,e48cf4f4e269a3976efa4d3045ee151b,1922,body-v3.18/sim/compare_v317_v318.md
body-v3.18/sim/compare_v31_v32.json,c51ae2424f05c1ab5562ee15e9b2965f,3254,body-v3.10/sim/compare_v31_v32.json
body-v3.18/sim/compare_v31_v32.md,644ebfad4fb06dc032148c27094bee2c,1939,body-v3.10/sim/compare_v31_v32.md
body-v3.18/sim/compare_v32_v33.json,a6b9c313414ce0741dcde7c80ce064a7,3255,body-v3.10/sim/compare_v32_v33.json
body-v3.18/sim/compare_v32_v33.md,de11b2bed04349fe3059fe2af1f01f8d,1861,body-v3.10/sim/compare_v32_v33.md
body-v3.18/sim/compare_v33_v34.json,9970e48ff8444752844c36261fdbc8a7,3255,body-v3.10/sim/compare_v33_v34.json
body-v3.18/sim/compare_v33_v34.md,1bee2d057cf0af55e9285ae39642e0d4,1861,body-v3.10/sim/compare_v33_v34.md
body-v3.18/sim/compare_v34_v35.json,15b209ba528bca78169f2c308cc5a0c0,3263,body-v3.10/sim/compare_v34_v35.json
body-v3.18/sim/compare_v34_v35.md,e7b150ed0f30c20b731c9a2ac12058d0,2289,body-v3.10/sim/compare_v34_v35.md
body-v3.18/sim/compare_v35_v36.json,91ae3e17f2ce269016d61be082636f3e,3272,body-v3.10/sim/compare_v35_v36.json
body-v3.18/sim/compare_v35_v36.md,ada8c03eeb0156deaac729f93149e461,2344,body-v3.10/sim/compare_v35_v36.md
body-v3.18/sim/compare_v36_v37.json,3e11a3460b142718d63652a501df696e,3271,body-v3.10/sim/compare_v36_v37.json
body-v3.18/sim/compare_v36_v37.md,fda6c06c3d45610df1ba016b41b4ba7b,2405,body-v3.10/sim/compare_v36_v37.md
body-v3.18/sim/compare_v37_v38.json,1276986b406e998977d666daa157cf71,3272,body-v3.10/sim/compare_v37_v38.json
body-v3.18/sim/compare_v37_v38.md,f8a800c1b0a12f6fdc9a81f7131ee562,1915,body-v3.10/sim/compare_v37_v38.md
body-v3.18/sim/compare_v38_v39.json,5a057226cca27472ecf7125a724e8082,3274,body-v3.10/sim/compare_v38_v39.json
body-v3.18/sim/compare_v38_v39.md,dc30e35f4edbde2136c3daf04fc04bcc,1917,body-v3.10/sim/compare_v38_v39.md
body-v3.18/sim/compare_v39_v310.json,8d43b630f2580e8ba95a586df3f3d406,3275,body-v3.10/sim/compare_v39_v310.json
body-v3.18/sim/compare_v39_v310.md,03dd6304ccf2ba5f39991cdadfafd6c8,1921,body-v3.10/sim/compare_v39_v310.md
body-v3.18/sim/compare_v39_v311.json,bf0d8a9069f17dfd3c90f0ae651cbc80,3274,body-v3.11/sim/compare_v39_v311.json
body-v3.18/sim/compare_v39_v311.md,504094156e0454adb92ca4e51fd97da2,1920,body-v3.11/sim/compare_v39_v311.md
body-v3.18/sim/compare_v3_v31.json,7e29f9219c9b23c6c5982ab3a1a89db3,2829,body-v3.1/sim/compare_v3_v31.json
body-v3.18/sim/compare_v3_v31.md,175081c021dce15c7e987872af0ac43f,1611,body-v3.1/sim/compare_v3_v31.md
body-v3.18/sim/gen317.log,d1364dfc1ced2a5a433641ee9c86e977,799,body-v3.17/sim/gen317.log
body-v3.18/sim/gen318.log,4b275951c1b9a0045efd57346cbaa4f8,799,body-v3.18/sim/gen318.log
body-v3.18/sim/mass_report_v3.json,162c48f3501b386f45ee41287b1eed4f,13479,body-v3.18/sim/mass_report_v3.json
body-v3.18/sim/plot_compare.png,2457a623d2f320f37f590b6d2c9af28b,58887,body-v3/sim/plot_compare.png
body-v3.18/sim/results_v3.json,b574dd55b92c2a33487ba4df1b2c8382,7730,body-v3.18/sim/results_v3.json
body-v3.18/sim/results_v3_8pct.json,cb25e47bae840299a65617cae6694f56,7820,body-v3.11/sim/results_v3_8pct.json
body-v3.18/sim/results_v3_snout10pct.json,103a1aed6577f64926a156f4fcbe8328,7823,body-v3.11/sim/results_v3_snout10pct.json
body-v3.18/sim/rt317.log,734339dad8e117eede012b875d819072,2997,body-v3.17/sim/rt317.log
body-v3.18/sim/rt318.log,247bdf8654fc2b7269fc35245609c6e0,2996,body-v3.18/sim/rt318.log
body-v3.18/sim/walk_refine_eff_v32.json,ef78e6a0295e89303c9fb45e2774b2c6,158,body-v3.16/sim/walk_refine_eff_v32.json
body-v3.18/sim/walk_refine_v32.json,274e4f4c7c9301eb951b02d63369d7c4,157,body-v3.18/sim/walk_refine_v32.json
body-v3.18/sim/walk_v3.json,33e5b5229a31a9aab20310892ef2c5a7,3033,body-v3.18/sim/walk_v3.json
body-v3.18/sim/walk_v3_eff.json,b7f747d38a4ab2f7f6855d9d19724dda,3041,body-v3.18/sim/walk_v3_eff.json
body-v3.18/sim/walk_v3_eff_noref.json,ebaa41acfaaef3b24dc77ab83db09f93,3101,body-v3.10/sim/walk_v3_eff_noref.json
body-v3.18/sim/walk_v3_noref.json,85f5f335181e839cfdc2d627ecca5d32,3095,body-v3.10/sim/walk_v3_noref.json
body-v3.18/sim/walk_v3_prerefine_v310.json,09d03ddff2a0a115af858a30f0934a7e,3038,body-v3.10/sim/walk_v3_prerefine_v310.json
body-v3.18/sim/we317.log,909b74c0ea465803e8271ca953cb24d3,126,body-v3.17/sim/we317.log
body-v3.18/sim/we318.log,cf4768c1657856fc40fa2c919d66ea86,127,body-v3.18/sim/we318.log
body-v3.18/sim/wee317.log,7656cb072a79947613d2fb1b6f43d853,127,body-v3.17/sim/wee317.log
body-v3.18/sim/wee318.log,5190b6cd46b96e2cbaf59dc74937c829,127,body-v3.18/sim/wee318.log
body-v3.18/sim/wr317.log,7aabad450d8fee0e5cf88845890bc832,549,body-v3.17/sim/wr317.log
body-v3.18/sim/wr318.log,7e3296c6912b1ea3665e1eecf625a1fa,550,body-v3.18/sim/wr318.log
body-v3.18/sim/bak_pre_refine_v318/walk_v3.json,dea08063e5b0ccc40f0f6a7027e08abe,3036,body-v3.18/sim/bak_pre_refine_v318/walk_v3.json
body-v3.18/sim/bak_pre_refine_v318/walk_v3_eff.json,b7f747d38a4ab2f7f6855d9d19724dda,3041,body-v3.18/sim/walk_v3_eff.json
body-v3.18/sim/v310_ref/arm_heat_v3.json,07b5df779e4043a927a2b4d6fb21639a,4222,body-v3.10/sim/arm_heat_v3.json
body-v3.18/sim/v310_ref/results_v3.json,2370068638410dd3864dd3c892cd6a3b,7823,body-v3.10/sim/results_v3.json
body-v3.18/sim/v310_ref/walk_v3.json,e9d78c042a9e739225f3023ca5bd64dd,3038,body-v3.10/sim/walk_v3.json
body-v3.18/sim/v310_ref/walk_v3_eff.json,1e744e11cd7023f86b9f07eff160bb5d,3038,body-v3.10/sim/walk_v3_eff.json
body-v3.18/sim/v311_ref/arm_heat_v3.json,07b5df779e4043a927a2b4d6fb21639a,4222,body-v3.10/sim/arm_heat_v3.json
body-v3.18/sim/v311_ref/results_v3.json,859125992a19eb68d7b6dfc8772bce89,7823,body-v3.11/sim/results_v3.json
body-v3.18/sim/v311_ref/walk_v3.json,4af9789103d25cb741517657b5fde163,3031,body-v3.11/sim/walk_v3.json
body-v3.18/sim/v311_ref/walk_v3_eff.json,90de5e2d159d49e1a165ee89674e8272,3049,body-v3.11/sim/walk_v3_eff.json
body-v3.18/sim/v312_ref/arm_heat_v3.json,07b5df779e4043a927a2b4d6fb21639a,4222,body-v3.10/sim/arm_heat_v3.json
body-v3.18/sim/v312_ref/results_v3.json,5424004f332c0e8e99cd9a8ec70d033e,7823,body-v3.12/sim/results_v3.json
body-v3.18/sim/v312_ref/walk_v3.json,6813456c6d543b75d9ce3378cc7ec76d,3035,body-v3.12/sim/walk_v3.json
body-v3.18/sim/v312_ref/walk_v3_eff.json,da1bc95efaa4f87cffc8d4173df08fb6,3048,body-v3.12/sim/walk_v3_eff.json
body-v3.18/sim/v314_ref/arm_heat_v3.json,07b5df779e4043a927a2b4d6fb21639a,4222,body-v3.10/sim/arm_heat_v3.json
body-v3.18/sim/v314_ref/results_v3.json,5ff19fd27ab58cd5229b75f149e29603,7823,body-v3.14/sim/results_v3.json
body-v3.18/sim/v314_ref/walk_v3.json,1e30876edb5e0bee39df59123740079d,3036,body-v3.14/sim/walk_v3.json
body-v3.18/sim/v314_ref/walk_v3_eff.json,c116a8d3fe477f01a98b8bb54dabfa7f,3045,body-v3.14/sim/walk_v3_eff.json
body-v3.18/sim/v315_ref/arm_heat_v3.json,07b5df779e4043a927a2b4d6fb21639a,4222,body-v3.10/sim/arm_heat_v3.json
body-v3.18/sim/v315_ref/results_v3.json,b313775a19af5f0e29ea8d9ae9575fe6,7822,body-v3.15/sim/results_v3.json
body-v3.18/sim/v315_ref/walk_v3.json,c985f9e94b78a0fe370d07b3b066741c,3031,body-v3.15/sim/walk_v3.json
body-v3.18/sim/v315_ref/walk_v3_eff.json,ffd36628ae1263713261beaf6e10d638,3039,body-v3.15/sim/walk_v3_eff.json
body-v3.18/sim/v316_ref/arm_heat_v3.json,07b5df779e4043a927a2b4d6fb21639a,4222,body-v3.10/sim/arm_heat_v3.json
body-v3.18/sim/v316_ref/results_v3.json,24e44ae5ede579cf27e9c59f3e91a5de,7775,body-v3.16/sim/results_v3.json
body-v3.18/sim/v316_ref/walk_v3.json,204d18347ae73d7c7dea42312c01ae3f,3036,body-v3.16/sim/walk_v3.json
body-v3.18/sim/v316_ref/walk_v3_eff.json,fbf1db72d2d067b3cd3d9ac1219e6d20,3040,body-v3.16/sim/walk_v3_eff.json
body-v3.18/sim/v317_ref/arm_heat_v3.json,07b5df779e4043a927a2b4d6fb21639a,4222,body-v3.10/sim/arm_heat_v3.json
body-v3.18/sim/v317_ref/results_v3.json,935d6addfe550f20e12c8b793636fe96,7778,body-v3.17/sim/results_v3.json
body-v3.18/sim/v317_ref/walk_v3.json,0514cc614c854751602a29fa12e9d12f,3035,body-v3.17/sim/walk_v3.json
body-v3.18/sim/v317_ref/walk_v3_eff.json,bf910ab795ecc5688ba847d99747c920,3035,body-v3.17/sim/walk_v3_eff.json
body-v3.18/sim/v31_ref/arm_heat_v3.json,2126fcc62fd7d3c396dcb7770419204a,4220,body-v3.1/sim/arm_heat_v3.json
body-v3.18/sim/v31_ref/mass_report_v3.json,b22177cef249a8bc99fcb2f57bb05878,12902,body-v3.1/sim/mass_report_v3.json
body-v3.18/sim/v31_ref/results_v3.json,510d1456468455e8152b440555672307,8029,body-v3.1/sim/results_v3.json
body-v3.18/sim/v31_ref/walk_v3.json,21a198ab40b540b4e3398bd7bdd66988,3094,body-v3.1/sim/walk_v3.json
body-v3.18/sim/v31_ref/walk_v3_eff.json,031ec90a823c37124efb0f9b271545e0,3102,body-v3.1/sim/walk_v3_eff.json
body-v3.18/sim/v32_ref/arm_heat_v3.json,07b5df779e4043a927a2b4d6fb21639a,4222,body-v3.10/sim/arm_heat_v3.json
body-v3.18/sim/v32_ref/results_v3.json,691b926aea221e63317388971ca903f7,8023,body-v3.10/sim/v32_ref/results_v3.json
body-v3.18/sim/v32_ref/walk_refine_v32.json,0648267fc7b09edeaa65985c0b4db260,157,body-v3.10/sim/v32_ref/walk_refine_v32.json
body-v3.18/sim/v32_ref/walk_v3.json,120423616b57938b7fd7672da7ad00f6,3165,body-v3.10/sim/v32_ref/walk_v3.json
body-v3.18/sim/v32_ref/walk_v3_eff.json,0860666c2fb00c61803ca5cf38d8cf2e,3103,body-v3.10/sim/v32_ref/walk_v3_eff.json
body-v3.18/sim/v33_ref/arm_heat_v3.json,07b5df779e4043a927a2b4d6fb21639a,4222,body-v3.10/sim/arm_heat_v3.json
body-v3.18/sim/v33_ref/results_v3.json,1f5b949f70ea6f2d2ca68c339ea885bb,8028,body-v3.10/sim/v33_ref/results_v3.json
body-v3.18/sim/v33_ref/walk_v3.json,135fd3eba247694b2d0455b05c2b1ed0,3154,body-v3.10/sim/v33_ref/walk_v3.json
body-v3.18/sim/v33_ref/walk_v3_eff.json,07f206d2b718406f84a80514363a0894,3163,body-v3.10/sim/v33_ref/walk_v3_eff.json
body-v3.18/sim/v34_ref/arm_heat_v3.json,07b5df779e4043a927a2b4d6fb21639a,4222,body-v3.10/sim/arm_heat_v3.json
body-v3.18/sim/v34_ref/results_v3.json,daa3ef05a96a0d46bbace841296e31c6,8020,body-v3.10/sim/v34_ref/results_v3.json
body-v3.18/sim/v34_ref/walk_v3.json,7f1ce820d388e0e41ba3dfc2c5faba4a,3155,body-v3.10/sim/v34_ref/walk_v3.json
body-v3.18/sim/v34_ref/walk_v3_eff.json,4ea2b63d0b9eba2faa54ba882cf92f93,3160,body-v3.10/sim/v34_ref/walk_v3_eff.json
body-v3.18/sim/v36_ref/arm_heat_v3.json,07b5df779e4043a927a2b4d6fb21639a,4222,body-v3.10/sim/arm_heat_v3.json
body-v3.18/sim/v36_ref/results_v3.json,6d09c34dcdbeb0ab1721a3015ed869a3,7773,body-v3.10/sim/v36_ref/results_v3.json
body-v3.18/sim/v36_ref/walk_v3.json,38bcf54acd4ca8bbf675993d585329f0,3039,body-v3.10/sim/v36_ref/walk_v3.json
body-v3.18/sim/v36_ref/walk_v3_eff.json,31b8a828b14afc9f5d317ef29cfbe9a9,3042,body-v3.10/sim/v36_ref/walk_v3_eff.json
body-v3.18/sim/v37_ref/arm_heat_v3.json,07b5df779e4043a927a2b4d6fb21639a,4222,body-v3.10/sim/arm_heat_v3.json
body-v3.18/sim/v37_ref/results_v3.json,e28526abee73fc3f1f2ce8a8893f87ae,7780,body-v3.10/sim/v37_ref/results_v3.json
body-v3.18/sim/v37_ref/walk_v3.json,33671a750fd7dce386401bce59f686a8,3032,body-v3.10/sim/v37_ref/walk_v3.json
body-v3.18/sim/v37_ref/walk_v3_eff.json,7be0f1960d01f0a3b80fb0f12f58de19,3043,body-v3.10/sim/v37_ref/walk_v3_eff.json
body-v3.18/sim/v38_ref/arm_heat_v3.json,07b5df779e4043a927a2b4d6fb21639a,4222,body-v3.10/sim/arm_heat_v3.json
body-v3.18/sim/v38_ref/results_v3.json,db7c5b8b22483b4f91eb46d530353928,7824,body-v3.10/sim/v38_ref/results_v3.json
body-v3.18/sim/v38_ref/walk_v3.json,fee45989bdaf3ab94dcabed25b50e7bb,3039,body-v3.10/sim/v38_ref/walk_v3.json
body-v3.18/sim/v38_ref/walk_v3_eff.json,228f2964c6705f80ebc7366edb2f0317,3043,body-v3.10/sim/v38_ref/walk_v3_eff.json
body-v3.18/sim/v39_ref/arm_heat_v3.json,07b5df779e4043a927a2b4d6fb21639a,4222,body-v3.10/sim/arm_heat_v3.json
body-v3.18/sim/v39_ref/results_v3.json,6603ecb5509ca86206a169ce15811895,7824,body-v3.10/sim/v39_ref/results_v3.json
body-v3.18/sim/v39_ref/walk_v3.json,8fc65df0a06c89e667c1c6d739d66c3c,3033,body-v3.10/sim/v39_ref/walk_v3.json
body-v3.18/sim/v39_ref/walk_v3_eff.json,79767a0ef34301f4d5f02ac4e2c255bf,3042,body-v3.10/sim/v39_ref/walk_v3_eff.json
body-v3.18/sim/v3_ref/arm_heat_v3.json,24f0f1621b09d575497b233327d5af34,4223,body-v3/sim/arm_heat_v3.json
body-v3.18/sim/v3_ref/results_v3.json,e91a5d8c46c37b6547966407c5d77848,8025,body-v3/sim/results_v3.json
body-v3.18/sim/v3_ref/walk_v3.json,f6dfc33626937c34a72b551e33684da3,3337,body-v3/sim/walk_v3.json
body-v3.18/sim/v3_ref/walk_v3_eff.json,394deba9fbf961cf5d88aae40d78c2e6,3347,body-v3/sim/walk_v3_eff.json
body-v3.19/README.md,65c2e177b5412a5e63ba38b5190edbde,6101,body-v3.10/README.md
body-v3.19/README_v3.md,d5dfb182350ce2de808eda08cc549acc,8398,body-v3/README.md
body-v3.19/README_v31.md,62cf5740b1281b505a1e2bb98d536030,8478,body-v3.1/README.md
body-v3.19/README_v310.md,8da2f237ff36b44d0add847660514f13,3734,body-v3.10/README_v310.md
body-v3.19/README_v311.md,00e8e1e244dfd4deb11e26e2ae98012f,4189,body-v3.11/README_v311.md
body-v3.19/README_v312.md,1661c05da47e75ae5678be1a9513648e,4010,body-v3.12/README_v312.md
body-v3.19/README_v313.md,60beb427e39b3057b625d7c402153ecd,3338,body-v3.13/README_v313.md
body-v3.19/README_v314.md,c06f881a9d452d57268625b05f4b8850,3978,body-v3.14/README_v314.md
body-v3.19/README_v315.md,e6dcd0fd62eb3f59d02bf840e1d59599,2771,body-v3.15/README_v315.md
body-v3.19/README_v316.md,af2d2b48ebd64516bfe0f1dd61b28da7,6517,body-v3.16/README_v316.md
body-v3.19/README_v317.md,08d1cd9d822124621f017e9b62a01692,4494,body-v3.17/README_v317.md
body-v3.19/README_v318.md,0af4e594f70c70c582978e26dba2fd10,4575,body-v3.18/README_v318.md
body-v3.19/README_v319.md,9cab512e2cc660ed2cc713091882f107,5665,body-v3.19/README_v319.md
body-v3.19/README_v32.md,36d5079dfd7d10c4ca271706c936cf5a,12057,body-v3.10/README_v32.md
body-v3.19/README_v33.md,6752bb01dae32e530a285e330f4d5770,5164,body-v3.10/README_v33.md
body-v3.19/README_v34.md,b512057a38e8cd7dd3ee07219c058e51,2623,body-v3.10/README_v34.md
body-v3.19/README_v35.md,7d8c481c42edc18f57b68b7bcea44345,2418,body-v3.10/README_v35.md
body-v3.19/README_v36.md,756af93fbf80b2ee9e5fee1458509d98,2438,body-v3.10/README_v36.md
body-v3.19/README_v38.md,ed0092856c928668efe6274c4752d7c2,4651,body-v3.10/README_v38.md
body-v3.19/README_v39.md,93f974e23db0965ce50120ba22d3dfaf,4818,body-v3.10/README_v39.md
body-v3.19/armsweep_v316.json,1f5aeabfa91da235aef6d943587fcf20,232,body-v3.16/armsweep_v316.json
body-v3.19/armsweep_v317.json,64745441dcb259065e67e21ae09ffab6,1203,body-v3.17/armsweep_v317.json
body-v3.19/armsweep_v318.json,5ae60717248b7264e1f67c1252ce79a5,1198,body-v3.18/armsweep_v318.json
body-v3.19/armsweep_v319.json,8c6d5a5f572ff5fabd1bbab9856ddf11,1230,body-v3.19/armsweep_v319.json
body-v3.19/bom_v35.md,54e414cced6d75762caa12cba76d0d40,1012,body-v3.10/bom_v35.md
body-v3.19/build_report.json,3c08239c078593b51d293cace8ec1a27,19929,body-v3.10/build_report.json
body-v3.19/changed_parts_v36_to_v37.json,a9a41d7c46a2ad62fed49408f90e4b29,1338,body-v3.10/changed_parts_v36_to_v37.json
body-v3.19/changed_parts_v37_to_v38.json,49ae233dc0c85f386397a6f0a52f4f9a,6172,body-v3.10/changed_parts_v37_to_v38.json
body-v3.19/changed_parts_v38_to_v39.json,d3cd5cdf0f50ea6407e39f2225cef809,6381,body-v3.10/changed_parts_v38_to_v39.json
body-v3.19/collide_head_v310.json,e25c6464886e09f567ee551e6f338f74,2142,body-v3.10/collide_head_v310.json
body-v3.19/collide_head_v311.json,e25c6464886e09f567ee551e6f338f74,2142,body-v3.10/collide_head_v310.json
body-v3.19/collide_head_v312.json,e25c6464886e09f567ee551e6f338f74,2142,body-v3.10/collide_head_v310.json
body-v3.19/collide_head_v312_baseline_for_v313.json,9b4637517f3bf949c5067330e618d235,10236,body-v3.13/collide_head_v312_baseline_for_v313.json
body-v3.19/collide_head_v313.json,b49557fdb2e92668b038eff5c1f559b2,10094,body-v3.13/collide_head_v313.json
body-v3.19/collide_head_v314.json,84a15622992a6302ff45de44e07548b2,10324,body-v3.14/collide_head_v314.json
body-v3.19/collide_head_v315.json,3abfd60515fd19ab49ad5e9844607e08,9549,body-v3.15/collide_head_v315.json
body-v3.19/collide_log_v38.txt,9401ea726b306a56955aecbaf3d6525e,4281,body-v3.10/collide_log_v38.txt
body-v3.19/collide_log_v39.txt,9401ea726b306a56955aecbaf3d6525e,4281,body-v3.10/collide_log_v38.txt
body-v3.19/collide_report.json,e6ddd4078834a837f9559a91643465bb,20690,body-v3.10/collide_report.json
body-v3.19/collide_v31_rule_check.json,2cfb89f60ed078067a5b0d563369f90c,129,body-v3.1/collide_v31_rule_check.json
body-v3.19/collide_v32_rule_check.json,005b67a629f7dd1569344a87c0e8df7b,164,body-v3.10/collide_v32_rule_check.json
body-v3.19/fit_v314.json,f8aae41806d01c56389950094ea546d5,320,body-v3.14/fit_v314.json
body-v3.19/grain_report_v37.json,038fb88c4855669f3326b063ad561c88,1961,body-v3.19/grain_report_v37.json
body-v3.19/hair_print_report_v313.json,860be9dcc14d271703ad67c23017d1dc,2832,body-v3.13/hair_print_report_v313.json
body-v3.19/hair_print_report_v314.json,a9210bb284841958846ddb4167713788,4794,body-v3.14/hair_print_report_v314.json
body-v3.19/hair_print_report_v315.json,7c5a3f9afea264b52bd3e2841e3c9b82,3652,body-v3.15/hair_print_report_v315.json
body-v3.19/head_print_report.json,79f615cf398723aa2801b3336ef39415,6972,body-v3.10/head_print_report.json
body-v3.19/head_print_report_v315.json,2009b6b02676dc6b96c6dd0d5ffded22,5848,body-v3.15/head_print_report_v315.json
body-v3.19/head_print_report_v316.json,f8e1f5b80ec4e1a19764713305d52d78,3997,body-v3.16/head_print_report_v316.json
body-v3.19/head_print_report_v317.json,fe0ed67ed9be1c640ebe2961c972f159,3397,body-v3.17/head_print_report_v317.json
body-v3.19/head_print_report_v318.json,0c4af57a9b076781b75f49f381e6e2db,3274,body-v3.18/head_print_report_v318.json
body-v3.19/head_print_report_v319.json,19394cee936c19e67eee4e7b4a8bc97a,3164,body-v3.19/head_print_report_v319.json
body-v3.19/head_print_report_v36.json,d33da0d7f147f0bd784709823ca6e9ae,7037,body-v3.10/head_print_report_v36.json
body-v3.19/head_print_report_v37.json,4e0e79baf232a56165080655c08ae618,7733,body-v3.10/head_print_report_v37.json
body-v3.19/head_print_report_v38.json,5d6e16e5fb2414e0bbfca34176d0c3f5,7735,body-v3.10/head_print_report_v38.json
body-v3.19/head_print_report_v39.json,ba2c678786c8b3f4cd8feca3787e75dd,7781,body-v3.10/head_print_report_v39.json
body-v3.19/head_size_v36.json,04f54b55f682598962ff3481a5aba85f,717,body-v3.10/head_size_v36.json
body-v3.19/kilt_check_v316.json,799d097cf52f2f781aee6f772478ae4c,2826,body-v3.16/kilt_check_v316.json
body-v3.19/kilt_check_v316_final_gaits.json,430d99554b945ffe97d090947af9ac02,346,body-v3.16/kilt_check_v316_final_gaits.json
body-v3.19/kilt_print_report_v316.json,7df362561b2ccfefc2eccfe6ae1b03f8,1855,body-v3.16/kilt_print_report_v316.json
body-v3.19/lock_table_v319.md,e055209e989f675cd40a57a2cc4250fc,2047,body-v3.19/lock_table_v319.md
body-v3.19/print_note_hair_v313.md,1e35268b4a671737e912d031e769524e,1665,body-v3.13/print_note_hair_v313.md
body-v3.19/print_note_hair_v314.md,d703f5636f9c988f749d1147171e51e9,2397,body-v3.14/print_note_hair_v314.md
body-v3.19/print_note_hair_v315.md,6a889c9eb945efe71cbd55e83070b248,2211,body-v3.15/print_note_hair_v315.md
body-v3.19/print_note_head_v315.md,b00ab61a458365b15abc38025eeb9024,3040,body-v3.15/print_note_head_v315.md
body-v3.19/print_note_head_v316.md,a4f5d5bc7d9d8ed629a2d852a4c13a00,2664,body-v3.16/print_note_head_v316.md
body-v3.19/print_note_head_v317.md,4688ae5478c06dc314ccd47e767dad95,2703,body-v3.17/print_note_head_v317.md
body-v3.19/print_note_head_v318.md,84654fd7ff87f728f90ca899ef84a8e0,2674,body-v3.18/print_note_head_v318.md
body-v3.19/print_note_head_v319.md,d0467f682f653a81efa0dfad57f3b62c,2611,body-v3.19/print_note_head_v319.md
body-v3.19/print_note_kilt_v316.md,0fdb4004cc378b066f170eedf905c93a,3348,body-v3.16/print_note_kilt_v316.md
body-v3.19/print_note_snout_v310.md,8c28ce33c8014e2a35235021cfe421d2,1461,body-v3.10/print_note_snout_v310.md
body-v3.19/print_note_snout_v311.md,9e46a723542d0793ff9f75be43a9b93f,2029,body-v3.11/print_note_snout_v311.md
body-v3.19/print_note_snout_v312.md,c45bac8778b151145198787bdf6e0062,1827,body-v3.12/print_note_snout_v312.md
body-v3.19/print_sheet_body_v38.md,face3494b2f0898c92d4de88aa098edc,6733,body-v3.10/print_sheet_body_v38.md
body-v3.19/print_sheet_head.md,ac0500e69043b84dbd57f7204b995982,3511,body-v3.10/print_sheet_head.md
body-v3.19/print_sheet_head_v36.md,6ac4c2094ed80fd60fd094d5b6ead7f8,3683,body-v3.10/print_sheet_head_v36.md
body-v3.19/print_sheet_head_v37.md,e9fbab93227e450a8c099f93fd6ea65b,5234,body-v3.10/print_sheet_head_v37.md
body-v3.19/print_sheet_head_v38.md,1bd44b955d22ea2e13d00bf05d107d31,5698,body-v3.10/print_sheet_head_v38.md
body-v3.19/print_sheet_head_v39.md,be1e14d15b9f562fb02da2a9853dbef9,5766,body-v3.10/print_sheet_head_v39.md
body-v3.19/servo_choice.md,316473d63f90ad6a5649462db90ee4c3,7062,body-v3.1/servo_choice.md
body-v3.19/snout_print_report_v310.json,4bf50103ac3941a34a8e642e795d6244,1079,body-v3.10/snout_print_report_v310.json
body-v3.19/snout_print_report_v311.json,3a2a461ef0f6fd92fab4a720d1521a76,1010,body-v3.11/snout_print_report_v311.json
body-v3.19/snout_print_report_v312.json,777e230a1c3e92c7a47d5c5b7220e6ad,918,body-v3.12/snout_print_report_v312.json
body-v3.19/torso_env_v34.json,bda31ea296b814d3685d260d29f3e20f,36249,body-v3.10/torso_env_v34.json
body-v3.19/torso_env_v36.json,8b9d02fce005d442335cfb062533af58,54421,body-v3.10/torso_env_v36.json
body-v3.19/torso_env_v38.json,687e14f2e4e89bf21a99087d015075c6,54455,body-v3.10/torso_env_v38.json
body-v3.19/wall_v316_wig_ref.json,da76d2f347b1e63a64657da82a9b63a9,229,body-v3.17/wall_v316_wig_ref.json
body-v3.19/wall_v317.json,9a56d2bc81b85bf45a7a5b2ef12f0c2b,227,body-v3.17/wall_v317.json
body-v3.19/wall_v318.json,8a58771e7725eb91575b2ee5d5f624b9,226,body-v3.18/wall_v318.json
body-v3.19/wall_v319.json,157779f9e5124b4b3dbd7b14b49fd287,226,body-v3.19/wall_v319.json
body-v3.19/measure/photo_measure.json,5832cf5aab493edae31cd598e050fc53,2746,body-v3/measure/photo_measure.json
body-v3.19/measure/snout_taper_v312.json,36dde250b844c6de6e65956251b874de,1330,body-v3.12/measure/snout_taper_v312.json
body-v3.19/measure/targets.json,7b665a9c4ecd33771be6d5312f1cfcdb,5282,body-v3/measure/targets.json
body-v3.19/measure/v31_measure.json,7770567faa6c6ee5ce5e18b1da51c474,1121,body-v3.1/measure/v31_measure.json
body-v3.19/measure/v32_measure.json,852640a3181a17ea81aee224e86ac5f7,979,body-v3.10/measure/v32_measure.json
body-v3.19/measure/v32_neck_scale.json,14486360543aa63b349b95440d1f1729,914,body-v3.10/measure/v32_neck_scale.json
body-v3.19/measure/v33_head_size.json,fc2bb9834c1e56d00aff074751409e63,968,body-v3.10/measure/v33_head_size.json
body-v3.19/measure/v33_head_size_overlay.json,f59662c96f18842e63e50af4d4cb1315,567,body-v3.10/measure/v33_head_size_overlay.json
body-v3.19/measure/v33_neck_scale.json,e40e7e3d179e145a736191fd39b80f52,368,body-v3.10/measure/v33_neck_scale.json
body-v3.19/measure319/iou_v318.json,479e9d0e0a858c996d286c9f83753d7f,801,body-v3.19/measure319/iou_v318.json
body-v3.19/measure319/iou_v319.json,6834cf8c196fae3875b56aec31675659,799,body-v3.19/measure319/iou_v319.json
body-v3.19/sim/README.md,5a2184fcce272380e8a22600e08816c1,13351,body-v3.10/sim/README.md
body-v3.19/sim/arm_heat_v2.json,bc311c1775b81c9405219b9bbff5ec13,4223,body-v3/sim/arm_heat_v2.json
body-v3.19/sim/arm_heat_v3.json,07b5df779e4043a927a2b4d6fb21639a,4222,body-v3.10/sim/arm_heat_v3.json
body-v3.19/sim/compare_stock_v2_v3.json,0ed3b329d48797a6244eeffa2d5fde08,3805,body-v3/sim/compare_stock_v2_v3.json
body-v3.19/sim/compare_stock_v2_v3.md,895225c90e71fdfa98f1516ec893a8b1,2949,body-v3/sim/compare_stock_v2_v3.md
body-v3.19/sim/compare_v311_v312.json,3473272bc00ed7d7bd1011e4668be807,3275,body-v3.12/sim/compare_v311_v312.json
body-v3.19/sim/compare_v311_v312.md,22edbe199a0bd1aadce75c39aed27780,1921,body-v3.12/sim/compare_v311_v312.md
body-v3.19/sim/compare_v312_v313.json,5dd49cf449e49debec85c42ab559d377,3276,body-v3.13/sim/compare_v312_v313.json
body-v3.19/sim/compare_v312_v313.md,b8d569cdec4a0b4d85e633e1fad8d729,1922,body-v3.13/sim/compare_v312_v313.md
body-v3.19/sim/compare_v313_v314.json,5ee81ca0f77cf165bdf818892ffd6dca,3276,body-v3.14/sim/compare_v313_v314.json
body-v3.19/sim/compare_v313_v314.md,6283c46bebaa7397b4d96d193bfc9c77,1922,body-v3.14/sim/compare_v313_v314.md
body-v3.19/sim/compare_v314_v315.json,ae355b8cf1a564bbec7efc7eb413a87a,3275,body-v3.15/sim/compare_v314_v315.json
body-v3.19/sim/compare_v314_v315.md,5022aaec37e2cbfffaaa0ffda9155353,1921,body-v3.15/sim/compare_v314_v315.md
body-v3.19/sim/compare_v315_v316.json,05b068e032c61b44a735110dd68d824f,3275,body-v3.16/sim/compare_v315_v316.json
body-v3.19/sim/compare_v315_v316.md,7f3d98d608546dfa4b151456866195a1,1921,body-v3.16/sim/compare_v315_v316.md
body-v3.19/sim/compare_v316_v317.json,89fc00addd46ac4183394325d465c0b6,3276,body-v3.17/sim/compare_v316_v317.json
body-v3.19/sim/compare_v316_v317.md,83688af2bb79fc2348ba36b5274ba16a,1922,body-v3.17/sim/compare_v316_v317.md
body-v3.19/sim/compare_v317_v318.json,ad0dc738bc0a716df0978250c0782c47,3276,body-v3.18/sim/compare_v317_v318.json
body-v3.19/sim/compare_v317_v318.md,e48cf4f4e269a3976efa4d3045ee151b,1922,body-v3.18/sim/compare_v317_v318.md
body-v3.19/sim/compare_v318_v319.json,0e65f3737cf34fa7999880e013a7cd91,3274,body-v3.19/sim/compare_v318_v319.json
body-v3.19/sim/compare_v318_v319.md,c4243a4bef93963eaf6f9b4f77832ff6,1920,body-v3.19/sim/compare_v318_v319.md
body-v3.19/sim/compare_v31_v32.json,c51ae2424f05c1ab5562ee15e9b2965f,3254,body-v3.10/sim/compare_v31_v32.json
body-v3.19/sim/compare_v31_v32.md,644ebfad4fb06dc032148c27094bee2c,1939,body-v3.10/sim/compare_v31_v32.md
body-v3.19/sim/compare_v32_v33.json,a6b9c313414ce0741dcde7c80ce064a7,3255,body-v3.10/sim/compare_v32_v33.json
body-v3.19/sim/compare_v32_v33.md,de11b2bed04349fe3059fe2af1f01f8d,1861,body-v3.10/sim/compare_v32_v33.md
body-v3.19/sim/compare_v33_v34.json,9970e48ff8444752844c36261fdbc8a7,3255,body-v3.10/sim/compare_v33_v34.json
body-v3.19/sim/compare_v33_v34.md,1bee2d057cf0af55e9285ae39642e0d4,1861,body-v3.10/sim/compare_v33_v34.md
body-v3.19/sim/compare_v34_v35.json,15b209ba528bca78169f2c308cc5a0c0,3263,body-v3.10/sim/compare_v34_v35.json
body-v3.19/sim/compare_v34_v35.md,e7b150ed0f30c20b731c9a2ac12058d0,2289,body-v3.10/sim/compare_v34_v35.md
body-v3.19/sim/compare_v35_v36.json,91ae3e17f2ce269016d61be082636f3e,3272,body-v3.10/sim/compare_v35_v36.json
body-v3.19/sim/compare_v35_v36.md,ada8c03eeb0156deaac729f93149e461,2344,body-v3.10/sim/compare_v35_v36.md
body-v3.19/sim/compare_v36_v37.json,3e11a3460b142718d63652a501df696e,3271,body-v3.10/sim/compare_v36_v37.json
body-v3.19/sim/compare_v36_v37.md,fda6c06c3d45610df1ba016b41b4ba7b,2405,body-v3.10/sim/compare_v36_v37.md
body-v3.19/sim/compare_v37_v38.json,1276986b406e998977d666daa157cf71,3272,body-v3.10/sim/compare_v37_v38.json
body-v3.19/sim/compare_v37_v38.md,f8a800c1b0a12f6fdc9a81f7131ee562,1915,body-v3.10/sim/compare_v37_v38.md
body-v3.19/sim/compare_v38_v39.json,5a057226cca27472ecf7125a724e8082,3274,body-v3.10/sim/compare_v38_v39.json
body-v3.19/sim/compare_v38_v39.md,dc30e35f4edbde2136c3daf04fc04bcc,1917,body-v3.10/sim/compare_v38_v39.md
body-v3.19/sim/compare_v39_v310.json,8d43b630f2580e8ba95a586df3f3d406,3275,body-v3.10/sim/compare_v39_v310.json
body-v3.19/sim/compare_v39_v310.md,03dd6304ccf2ba5f39991cdadfafd6c8,1921,body-v3.10/sim/compare_v39_v310.md
body-v3.19/sim/compare_v39_v311.json,bf0d8a9069f17dfd3c90f0ae651cbc80,3274,body-v3.11/sim/compare_v39_v311.json
body-v3.19/sim/compare_v39_v311.md,504094156e0454adb92ca4e51fd97da2,1920,body-v3.11/sim/compare_v39_v311.md
body-v3.19/sim/compare_v3_v31.json,7e29f9219c9b23c6c5982ab3a1a89db3,2829,body-v3.1/sim/compare_v3_v31.json
body-v3.19/sim/compare_v3_v31.md,175081c021dce15c7e987872af0ac43f,1611,body-v3.1/sim/compare_v3_v31.md
body-v3.19/sim/gen317.log,d1364dfc1ced2a5a433641ee9c86e977,799,body-v3.17/sim/gen317.log
body-v3.19/sim/gen318.log,4b275951c1b9a0045efd57346cbaa4f8,799,body-v3.18/sim/gen318.log
body-v3.19/sim/gen319.log,be94467370eae037352b4abf64edbf77,799,body-v3.19/sim/gen319.log
body-v3.19/sim/mass_report_v3.json,d7965c306f6114c9712ca83bb56cb4a3,13479,body-v3.19/sim/mass_report_v3.json
body-v3.19/sim/plot_compare.png,2457a623d2f320f37f590b6d2c9af28b,58887,body-v3/sim/plot_compare.png
body-v3.19/sim/results_v3.json,b6381dfeaa6b0f3c7fda067dc519bbf6,7719,body-v3.19/sim/results_v3.json
body-v3.19/sim/results_v3_8pct.json,cb25e47bae840299a65617cae6694f56,7820,body-v3.11/sim/results_v3_8pct.json
body-v3.19/sim/results_v3_snout10pct.json,103a1aed6577f64926a156f4fcbe8328,7823,body-v3.11/sim/results_v3_snout10pct.json
body-v3.19/sim/rt317.log,734339dad8e117eede012b875d819072,2997,body-v3.17/sim/rt317.log
body-v3.19/sim/rt318.log,247bdf8654fc2b7269fc35245609c6e0,2996,body-v3.18/sim/rt318.log
body-v3.19/sim/rt319.log,324a9b3cec0b51d6489bf0504706f4e2,2991,body-v3.19/sim/rt319.log
body-v3.19/sim/sweep319.txt,278100be8b4725996bbdeb59fc299feb,345,body-v3.19/sim/sweep319.txt
body-v3.19/sim/walk_refine_eff_v32.json,c8201391328afc939348d18b9ed6f189,158,body-v3.19/sim/walk_refine_eff_v32.json
body-v3.19/sim/walk_refine_v32.json,cc61940489fc15620b37db50d1180e77,156,body-v3.19/sim/walk_refine_v32.json
body-v3.19/sim/walk_v3.json,2befac91b8fb900a116412d9eb360ef1,3040,body-v3.19/sim/walk_v3.json
body-v3.19/sim/walk_v3_eff.json,958b7e2ebedc49ce3e3f984ed44e4648,3043,body-v3.19/sim/walk_v3_eff.json
body-v3.19/sim/walk_v3_eff_noref.json,ebaa41acfaaef3b24dc77ab83db09f93,3101,body-v3.10/sim/walk_v3_eff_noref.json
body-v3.19/sim/walk_v3_noref.json,85f5f335181e839cfdc2d627ecca5d32,3095,body-v3.10/sim/walk_v3_noref.json
body-v3.19/sim/walk_v3_prerefine_v310.json,09d03ddff2a0a115af858a30f0934a7e,3038,body-v3.10/sim/walk_v3_prerefine_v310.json
body-v3.19/sim/we317.log,909b74c0ea465803e8271ca953cb24d3,126,body-v3.17/sim/we317.log
body-v3.19/sim/we318.log,cf4768c1657856fc40fa2c919d66ea86,127,body-v3.18/sim/we318.log
body-v3.19/sim/we319.log,3f677b2656f761d6d36a48d6fef04cbf,126,body-v3.19/sim/we319.log
body-v3.19/sim/wee317.log,7656cb072a79947613d2fb1b6f43d853,127,body-v3.17/sim/wee317.log
body-v3.19/sim/wee318.log,5190b6cd46b96e2cbaf59dc74937c829,127,body-v3.18/sim/wee318.log
body-v3.19/sim/wee319.log,e1617f52cb38131115c93a6a9b087131,129,body-v3.19/sim/wee319.log
body-v3.19/sim/wr317.log,7aabad450d8fee0e5cf88845890bc832,549,body-v3.17/sim/wr317.log
body-v3.19/sim/wr318.log,7e3296c6912b1ea3665e1eecf625a1fa,550,body-v3.18/sim/wr318.log
body-v3.19/sim/wr319.log,ec71d90097784f9358b910a600739de9,546,body-v3.19/sim/wr319.log
body-v3.19/sim/wre319.log,5dc35f4200037d2feeaab949c4f83421,548,body-v3.19/sim/wre319.log
body-v3.19/sim/wre319b.log,27e94bc650d92537dfcb31ffd6dabc89,549,body-v3.19/sim/wre319b.log
body-v3.19/sim/bak_pre_refine_v319/walk_v3.json,33e5b5229a31a9aab20310892ef2c5a7,3033,body-v3.18/sim/walk_v3.json
body-v3.19/sim/bak_pre_refine_v319/walk_v3_eff.json,b7f747d38a4ab2f7f6855d9d19724dda,3041,body-v3.18/sim/walk_v3_eff.json
body-v3.19/sim/v310_ref/arm_heat_v3.json,07b5df779e4043a927a2b4d6fb21639a,4222,body-v3.10/sim/arm_heat_v3.json
body-v3.19/sim/v310_ref/results_v3.json,2370068638410dd3864dd3c892cd6a3b,7823,body-v3.10/sim/results_v3.json
body-v3.19/sim/v310_ref/walk_v3.json,e9d78c042a9e739225f3023ca5bd64dd,3038,body-v3.10/sim/walk_v3.json
body-v3.19/sim/v310_ref/walk_v3_eff.json,1e744e11cd7023f86b9f07eff160bb5d,3038,body-v3.10/sim/walk_v3_eff.json
body-v3.19/sim/v311_ref/arm_heat_v3.json,07b5df779e4043a927a2b4d6fb21639a,4222,body-v3.10/sim/arm_heat_v3.json
body-v3.19/sim/v311_ref/results_v3.json,859125992a19eb68d7b6dfc8772bce89,7823,body-v3.11/sim/results_v3.json
body-v3.19/sim/v311_ref/walk_v3.json,4af9789103d25cb741517657b5fde163,3031,body-v3.11/sim/walk_v3.json
body-v3.19/sim/v311_ref/walk_v3_eff.json,90de5e2d159d49e1a165ee89674e8272,3049,body-v3.11/sim/walk_v3_eff.json
body-v3.19/sim/v312_ref/arm_heat_v3.json,07b5df779e4043a927a2b4d6fb21639a,4222,body-v3.10/sim/arm_heat_v3.json
body-v3.19/sim/v312_ref/results_v3.json,5424004f332c0e8e99cd9a8ec70d033e,7823,body-v3.12/sim/results_v3.json
body-v3.19/sim/v312_ref/walk_v3.json,6813456c6d543b75d9ce3378cc7ec76d,3035,body-v3.12/sim/walk_v3.json
body-v3.19/sim/v312_ref/walk_v3_eff.json,da1bc95efaa4f87cffc8d4173df08fb6,3048,body-v3.12/sim/walk_v3_eff.json
body-v3.19/sim/v314_ref/arm_heat_v3.json,07b5df779e4043a927a2b4d6fb21639a,4222,body-v3.10/sim/arm_heat_v3.json
body-v3.19/sim/v314_ref/results_v3.json,5ff19fd27ab58cd5229b75f149e29603,7823,body-v3.14/sim/results_v3.json
body-v3.19/sim/v314_ref/walk_v3.json,1e30876edb5e0bee39df59123740079d,3036,body-v3.14/sim/walk_v3.json
body-v3.19/sim/v314_ref/walk_v3_eff.json,c116a8d3fe477f01a98b8bb54dabfa7f,3045,body-v3.14/sim/walk_v3_eff.json
body-v3.19/sim/v315_ref/arm_heat_v3.json,07b5df779e4043a927a2b4d6fb21639a,4222,body-v3.10/sim/arm_heat_v3.json
body-v3.19/sim/v315_ref/results_v3.json,b313775a19af5f0e29ea8d9ae9575fe6,7822,body-v3.15/sim/results_v3.json
body-v3.19/sim/v315_ref/walk_v3.json,c985f9e94b78a0fe370d07b3b066741c,3031,body-v3.15/sim/walk_v3.json
body-v3.19/sim/v315_ref/walk_v3_eff.json,ffd36628ae1263713261beaf6e10d638,3039,body-v3.15/sim/walk_v3_eff.json
body-v3.19/sim/v316_ref/arm_heat_v3.json,07b5df779e4043a927a2b4d6fb21639a,4222,body-v3.10/sim/arm_heat_v3.json
body-v3.19/sim/v316_ref/results_v3.json,24e44ae5ede579cf27e9c59f3e91a5de,7775,body-v3.16/sim/results_v3.json
body-v3.19/sim/v316_ref/walk_v3.json,204d18347ae73d7c7dea42312c01ae3f,3036,body-v3.16/sim/walk_v3.json
body-v3.19/sim/v316_ref/walk_v3_eff.json,fbf1db72d2d067b3cd3d9ac1219e6d20,3040,body-v3.16/sim/walk_v3_eff.json
body-v3.19/sim/v317_ref/arm_heat_v3.json,07b5df779e4043a927a2b4d6fb21639a,4222,body-v3.10/sim/arm_heat_v3.json
body-v3.19/sim/v317_ref/results_v3.json,935d6addfe550f20e12c8b793636fe96,7778,body-v3.17/sim/results_v3.json
body-v3.19/sim/v317_ref/walk_v3.json,0514cc614c854751602a29fa12e9d12f,3035,body-v3.17/sim/walk_v3.json
body-v3.19/sim/v317_ref/walk_v3_eff.json,bf910ab795ecc5688ba847d99747c920,3035,body-v3.17/sim/walk_v3_eff.json
body-v3.19/sim/v318_ref/arm_heat_v3.json,07b5df779e4043a927a2b4d6fb21639a,4222,body-v3.10/sim/arm_heat_v3.json
body-v3.19/sim/v318_ref/results_v3.json,b574dd55b92c2a33487ba4df1b2c8382,7730,body-v3.18/sim/results_v3.json
body-v3.19/sim/v318_ref/walk_v3.json,33e5b5229a31a9aab20310892ef2c5a7,3033,body-v3.18/sim/walk_v3.json
body-v3.19/sim/v318_ref/walk_v3_eff.json,b7f747d38a4ab2f7f6855d9d19724dda,3041,body-v3.18/sim/walk_v3_eff.json
body-v3.19/sim/v31_ref/arm_heat_v3.json,2126fcc62fd7d3c396dcb7770419204a,4220,body-v3.1/sim/arm_heat_v3.json
body-v3.19/sim/v31_ref/mass_report_v3.json,b22177cef249a8bc99fcb2f57bb05878,12902,body-v3.1/sim/mass_report_v3.json
body-v3.19/sim/v31_ref/results_v3.json,510d1456468455e8152b440555672307,8029,body-v3.1/sim/results_v3.json
body-v3.19/sim/v31_ref/walk_v3.json,21a198ab40b540b4e3398bd7bdd66988,3094,body-v3.1/sim/walk_v3.json
body-v3.19/sim/v31_ref/walk_v3_eff.json,031ec90a823c37124efb0f9b271545e0,3102,body-v3.1/sim/walk_v3_eff.json
body-v3.19/sim/v32_ref/arm_heat_v3.json,07b5df779e4043a927a2b4d6fb21639a,4222,body-v3.10/sim/arm_heat_v3.json
body-v3.19/sim/v32_ref/results_v3.json,691b926aea221e63317388971ca903f7,8023,body-v3.10/sim/v32_ref/results_v3.json
body-v3.19/sim/v32_ref/walk_refine_v32.json,0648267fc7b09edeaa65985c0b4db260,157,body-v3.10/sim/v32_ref/walk_refine_v32.json
body-v3.19/sim/v32_ref/walk_v3.json,120423616b57938b7fd7672da7ad00f6,3165,body-v3.10/sim/v32_ref/walk_v3.json
body-v3.19/sim/v32_ref/walk_v3_eff.json,0860666c2fb00c61803ca5cf38d8cf2e,3103,body-v3.10/sim/v32_ref/walk_v3_eff.json
body-v3.19/sim/v33_ref/arm_heat_v3.json,07b5df779e4043a927a2b4d6fb21639a,4222,body-v3.10/sim/arm_heat_v3.json
body-v3.19/sim/v33_ref/results_v3.json,1f5b949f70ea6f2d2ca68c339ea885bb,8028,body-v3.10/sim/v33_ref/results_v3.json
body-v3.19/sim/v33_ref/walk_v3.json,135fd3eba247694b2d0455b05c2b1ed0,3154,body-v3.10/sim/v33_ref/walk_v3.json
body-v3.19/sim/v33_ref/walk_v3_eff.json,07f206d2b718406f84a80514363a0894,3163,body-v3.10/sim/v33_ref/walk_v3_eff.json
body-v3.19/sim/v34_ref/arm_heat_v3.json,07b5df779e4043a927a2b4d6fb21639a,4222,body-v3.10/sim/arm_heat_v3.json
body-v3.19/sim/v34_ref/results_v3.json,daa3ef05a96a0d46bbace841296e31c6,8020,body-v3.10/sim/v34_ref/results_v3.json
body-v3.19/sim/v34_ref/walk_v3.json,7f1ce820d388e0e41ba3dfc2c5faba4a,3155,body-v3.10/sim/v34_ref/walk_v3.json
body-v3.19/sim/v34_ref/walk_v3_eff.json,4ea2b63d0b9eba2faa54ba882cf92f93,3160,body-v3.10/sim/v34_ref/walk_v3_eff.json
body-v3.19/sim/v36_ref/arm_heat_v3.json,07b5df779e4043a927a2b4d6fb21639a,4222,body-v3.10/sim/arm_heat_v3.json
body-v3.19/sim/v36_ref/results_v3.json,6d09c34dcdbeb0ab1721a3015ed869a3,7773,body-v3.10/sim/v36_ref/results_v3.json
body-v3.19/sim/v36_ref/walk_v3.json,38bcf54acd4ca8bbf675993d585329f0,3039,body-v3.10/sim/v36_ref/walk_v3.json
body-v3.19/sim/v36_ref/walk_v3_eff.json,31b8a828b14afc9f5d317ef29cfbe9a9,3042,body-v3.10/sim/v36_ref/walk_v3_eff.json
body-v3.19/sim/v37_ref/arm_heat_v3.json,07b5df779e4043a927a2b4d6fb21639a,4222,body-v3.10/sim/arm_heat_v3.json
body-v3.19/sim/v37_ref/results_v3.json,e28526abee73fc3f1f2ce8a8893f87ae,7780,body-v3.10/sim/v37_ref/results_v3.json
body-v3.19/sim/v37_ref/walk_v3.json,33671a750fd7dce386401bce59f686a8,3032,body-v3.10/sim/v37_ref/walk_v3.json
body-v3.19/sim/v37_ref/walk_v3_eff.json,7be0f1960d01f0a3b80fb0f12f58de19,3043,body-v3.10/sim/v37_ref/walk_v3_eff.json
body-v3.19/sim/v38_ref/arm_heat_v3.json,07b5df779e4043a927a2b4d6fb21639a,4222,body-v3.10/sim/arm_heat_v3.json
body-v3.19/sim/v38_ref/results_v3.json,db7c5b8b22483b4f91eb46d530353928,7824,body-v3.10/sim/v38_ref/results_v3.json
body-v3.19/sim/v38_ref/walk_v3.json,fee45989bdaf3ab94dcabed25b50e7bb,3039,body-v3.10/sim/v38_ref/walk_v3.json
body-v3.19/sim/v38_ref/walk_v3_eff.json,228f2964c6705f80ebc7366edb2f0317,3043,body-v3.10/sim/v38_ref/walk_v3_eff.json
body-v3.19/sim/v39_ref/arm_heat_v3.json,07b5df779e4043a927a2b4d6fb21639a,4222,body-v3.10/sim/arm_heat_v3.json
body-v3.19/sim/v39_ref/results_v3.json,6603ecb5509ca86206a169ce15811895,7824,body-v3.10/sim/v39_ref/results_v3.json
body-v3.19/sim/v39_ref/walk_v3.json,8fc65df0a06c89e667c1c6d739d66c3c,3033,body-v3.10/sim/v39_ref/walk_v3.json
body-v3.19/sim/v39_ref/walk_v3_eff.json,79767a0ef34301f4d5f02ac4e2c255bf,3042,body-v3.10/sim/v39_ref/walk_v3_eff.json
body-v3.19/sim/v3_ref/arm_heat_v3.json,24f0f1621b09d575497b233327d5af34,4223,body-v3/sim/arm_heat_v3.json
body-v3.19/sim/v3_ref/results_v3.json,e91a5d8c46c37b6547966407c5d77848,8025,body-v3/sim/results_v3.json
body-v3.19/sim/v3_ref/walk_v3.json,f6dfc33626937c34a72b551e33684da3,3337,body-v3/sim/walk_v3.json
body-v3.19/sim/v3_ref/walk_v3_eff.json,394deba9fbf961cf5d88aae40d78c2e6,3347,body-v3/sim/walk_v3_eff.json
body-v3.2/README.md,36d5079dfd7d10c4ca271706c936cf5a,12057,body-v3.10/README_v32.md
body-v3.2/README_v3.md,d5dfb182350ce2de808eda08cc549acc,8398,body-v3/README.md
body-v3.2/README_v31.md,62cf5740b1281b505a1e2bb98d536030,8478,body-v3.1/README.md
body-v3.2/build_report.json,ecd44e06bdfd5b9b45296ef699eea964,17216,body-v3.2/build_report.json
body-v3.2/collide_report.json,bc44fe9d3d318ab5980a906d8ed855b9,25861,body-v3.2/collide_report.json
body-v3.2/collide_v31_rule_check.json,2cfb89f60ed078067a5b0d563369f90c,129,body-v3.1/collide_v31_rule_check.json
body-v3.2/collide_v32_rule_check.json,005b67a629f7dd1569344a87c0e8df7b,164,body-v3.10/collide_v32_rule_check.json
body-v3.2/servo_choice.md,316473d63f90ad6a5649462db90ee4c3,7062,body-v3.1/servo_choice.md
body-v3.2/measure/photo_measure.json,5832cf5aab493edae31cd598e050fc53,2746,body-v3/measure/photo_measure.json
body-v3.2/measure/targets.json,7b665a9c4ecd33771be6d5312f1cfcdb,5282,body-v3/measure/targets.json
body-v3.2/measure/v31_measure.json,7770567faa6c6ee5ce5e18b1da51c474,1121,body-v3.1/measure/v31_measure.json
body-v3.2/measure/v32_measure.json,852640a3181a17ea81aee224e86ac5f7,979,body-v3.10/measure/v32_measure.json
body-v3.2/measure/v32_neck_scale.json,14486360543aa63b349b95440d1f1729,914,body-v3.10/measure/v32_neck_scale.json
body-v3.2/sim/README.md,5a2184fcce272380e8a22600e08816c1,13351,body-v3.10/sim/README.md
body-v3.2/sim/arm_heat_v2.json,bc311c1775b81c9405219b9bbff5ec13,4223,body-v3/sim/arm_heat_v2.json
body-v3.2/sim/arm_heat_v3.json,07b5df779e4043a927a2b4d6fb21639a,4222,body-v3.10/sim/arm_heat_v3.json
body-v3.2/sim/compare_stock_v2_v3.json,0ed3b329d48797a6244eeffa2d5fde08,3805,body-v3/sim/compare_stock_v2_v3.json
body-v3.2/sim/compare_stock_v2_v3.md,895225c90e71fdfa98f1516ec893a8b1,2949,body-v3/sim/compare_stock_v2_v3.md
body-v3.2/sim/compare_v31_v32.json,c51ae2424f05c1ab5562ee15e9b2965f,3254,body-v3.10/sim/compare_v31_v32.json
body-v3.2/sim/compare_v31_v32.md,644ebfad4fb06dc032148c27094bee2c,1939,body-v3.10/sim/compare_v31_v32.md
body-v3.2/sim/compare_v3_v31.json,7e29f9219c9b23c6c5982ab3a1a89db3,2829,body-v3.1/sim/compare_v3_v31.json
body-v3.2/sim/compare_v3_v31.md,175081c021dce15c7e987872af0ac43f,1611,body-v3.1/sim/compare_v3_v31.md
body-v3.2/sim/mass_report_v3.json,227d3a4136cea8174235a7483f3d2430,12902,body-v3.2/sim/mass_report_v3.json
body-v3.2/sim/plot_compare.png,2457a623d2f320f37f590b6d2c9af28b,58887,body-v3/sim/plot_compare.png
body-v3.2/sim/results_v3.json,691b926aea221e63317388971ca903f7,8023,body-v3.10/sim/v32_ref/results_v3.json
body-v3.2/sim/v31_head_arms_v3.mp4,48a7d3e494eb7931d9cf1ae21757dc2d,158269,body-v3.1/sim/v31_head_arms_v3.mp4
body-v3.2/sim/v31_push_recovery_v3.mp4,3ab9571e7c6a56d8814a84cbb6aa1c72,381814,body-v3.1/sim/v31_push_recovery_v3.mp4
body-v3.2/sim/v31_walk_v3.mp4,f8b129b2c60318bb3e51ceb73bc7391b,956000,body-v3.1/sim/v31_walk_v3.mp4
body-v3.2/sim/v31_walk_v3_eff.mp4,854d3e13fb48f5733b015b48fa7595c0,983294,body-v3.1/sim/v31_walk_v3_eff.mp4
body-v3.2/sim/v32_head_arms_v3.mp4,f85ac100948abeed35a74a90e08f60ad,74735,body-v3.2/sim/v32_head_arms_v3.mp4
body-v3.2/sim/v32_push_recovery_v3.mp4,e0912366df08d5beee307c2c50dc8c5a,355980,body-v3.2/sim/v32_push_recovery_v3.mp4
body-v3.2/sim/v32_walk_v3.mp4,83772e47b3364a3bd88c8af899851e7b,935909,body-v3.2/sim/v32_walk_v3.mp4
body-v3.2/sim/walk_refine_v32.json,0648267fc7b09edeaa65985c0b4db260,157,body-v3.10/sim/v32_ref/walk_refine_v32.json
body-v3.2/sim/walk_v3.json,120423616b57938b7fd7672da7ad00f6,3165,body-v3.10/sim/v32_ref/walk_v3.json
body-v3.2/sim/walk_v3_eff.json,0860666c2fb00c61803ca5cf38d8cf2e,3103,body-v3.10/sim/v32_ref/walk_v3_eff.json
body-v3.2/sim/walk_v3_eff_noref.json,ebaa41acfaaef3b24dc77ab83db09f93,3101,body-v3.10/sim/walk_v3_eff_noref.json
body-v3.2/sim/walk_v3_noref.json,85f5f335181e839cfdc2d627ecca5d32,3095,body-v3.10/sim/walk_v3_noref.json
body-v3.2/sim/alt_head200/arm_heat_v3.json,415ae593221c747feb4b9be77c742570,4223,body-v3.2/sim/alt_head200/arm_heat_v3.json
body-v3.2/sim/alt_head200/compare_v31_v32.json,75618cf1c153a8898376901e508c5216,3255,body-v3.2/sim/alt_head200/compare_v31_v32.json
body-v3.2/sim/alt_head200/compare_v31_v32.md,ca59f18aba57e37f966041f73b576e0b,1940,body-v3.2/sim/alt_head200/compare_v31_v32.md
body-v3.2/sim/alt_head200/push_recovery_v3.mp4,43de8292a845ab20dd81acbabee78501,338203,body-v3.2/sim/alt_head200/push_recovery_v3.mp4
body-v3.2/sim/alt_head200/results_v3.json,5069046fb17153e37be43fb2a0b96ea3,8033,body-v3.2/sim/alt_head200/results_v3.json
body-v3.2/sim/alt_head200/walk_refine_v32.json,1e7df509ecf7571b17dad55ac977dc5d,156,body-v3.2/sim/alt_head200/walk_refine_v32.json
body-v3.2/sim/alt_head200/walk_v3.json,1a42c00305832f7b54d9384b3a7cbeee,3151,body-v3.2/sim/alt_head200/walk_v3.json
body-v3.2/sim/alt_head200/walk_v3_eff.json,2844524459710f4265f6396a1a59830c,3097,body-v3.2/sim/alt_head200/walk_v3_eff.json
body-v3.2/sim/v31_ref/arm_heat_v3.json,2126fcc62fd7d3c396dcb7770419204a,4220,body-v3.1/sim/arm_heat_v3.json
body-v3.2/sim/v31_ref/mass_report_v3.json,b22177cef249a8bc99fcb2f57bb05878,12902,body-v3.1/sim/mass_report_v3.json
body-v3.2/sim/v31_ref/results_v3.json,510d1456468455e8152b440555672307,8029,body-v3.1/sim/results_v3.json
body-v3.2/sim/v31_ref/walk_v3.json,21a198ab40b540b4e3398bd7bdd66988,3094,body-v3.1/sim/walk_v3.json
body-v3.2/sim/v31_ref/walk_v3_eff.json,031ec90a823c37124efb0f9b271545e0,3102,body-v3.1/sim/walk_v3_eff.json
body-v3.2/sim/v3_ref/arm_heat_v3.json,24f0f1621b09d575497b233327d5af34,4223,body-v3/sim/arm_heat_v3.json
body-v3.2/sim/v3_ref/results_v3.json,e91a5d8c46c37b6547966407c5d77848,8025,body-v3/sim/results_v3.json
body-v3.2/sim/v3_ref/walk_v3.json,f6dfc33626937c34a72b551e33684da3,3337,body-v3/sim/walk_v3.json
body-v3.2/sim/v3_ref/walk_v3_eff.json,394deba9fbf961cf5d88aae40d78c2e6,3347,body-v3/sim/walk_v3_eff.json
body-v3.20/README.md,65c2e177b5412a5e63ba38b5190edbde,6101,body-v3.10/README.md
body-v3.20/README_v3.md,d5dfb182350ce2de808eda08cc549acc,8398,body-v3/README.md
body-v3.20/README_v31.md,62cf5740b1281b505a1e2bb98d536030,8478,body-v3.1/README.md
body-v3.20/README_v310.md,8da2f237ff36b44d0add847660514f13,3734,body-v3.10/README_v310.md
body-v3.20/README_v311.md,00e8e1e244dfd4deb11e26e2ae98012f,4189,body-v3.11/README_v311.md
body-v3.20/README_v312.md,1661c05da47e75ae5678be1a9513648e,4010,body-v3.12/README_v312.md
body-v3.20/README_v313.md,60beb427e39b3057b625d7c402153ecd,3338,body-v3.13/README_v313.md
body-v3.20/README_v314.md,c06f881a9d452d57268625b05f4b8850,3978,body-v3.14/README_v314.md
body-v3.20/README_v315.md,e6dcd0fd62eb3f59d02bf840e1d59599,2771,body-v3.15/README_v315.md
body-v3.20/README_v316.md,af2d2b48ebd64516bfe0f1dd61b28da7,6517,body-v3.16/README_v316.md
body-v3.20/README_v317.md,08d1cd9d822124621f017e9b62a01692,4494,body-v3.17/README_v317.md
body-v3.20/README_v318.md,0af4e594f70c70c582978e26dba2fd10,4575,body-v3.18/README_v318.md
body-v3.20/README_v319.md,9cab512e2cc660ed2cc713091882f107,5665,body-v3.19/README_v319.md
body-v3.20/README_v32.md,36d5079dfd7d10c4ca271706c936cf5a,12057,body-v3.10/README_v32.md
body-v3.20/README_v320.md,1bd93ec87a4a978fead0c396fc582328,2026,body-v3.20/README_v320.md
body-v3.20/README_v33.md,6752bb01dae32e530a285e330f4d5770,5164,body-v3.10/README_v33.md
body-v3.20/README_v34.md,b512057a38e8cd7dd3ee07219c058e51,2623,body-v3.10/README_v34.md
body-v3.20/README_v35.md,7d8c481c42edc18f57b68b7bcea44345,2418,body-v3.10/README_v35.md
body-v3.20/README_v36.md,756af93fbf80b2ee9e5fee1458509d98,2438,body-v3.10/README_v36.md
body-v3.20/README_v38.md,ed0092856c928668efe6274c4752d7c2,4651,body-v3.10/README_v38.md
body-v3.20/README_v39.md,93f974e23db0965ce50120ba22d3dfaf,4818,body-v3.10/README_v39.md
body-v3.20/armsweep_v316.json,1f5aeabfa91da235aef6d943587fcf20,232,body-v3.16/armsweep_v316.json
body-v3.20/armsweep_v317.json,64745441dcb259065e67e21ae09ffab6,1203,body-v3.17/armsweep_v317.json
body-v3.20/armsweep_v318.json,5ae60717248b7264e1f67c1252ce79a5,1198,body-v3.18/armsweep_v318.json
body-v3.20/armsweep_v319.json,8c6d5a5f572ff5fabd1bbab9856ddf11,1230,body-v3.19/armsweep_v319.json
body-v3.20/armsweep_v320.json,9cf76322dae0716251c9d43d851284dd,992,body-v3.20/armsweep_v320.json
body-v3.20/bom_v35.md,54e414cced6d75762caa12cba76d0d40,1012,body-v3.10/bom_v35.md
body-v3.20/build_report.json,3c08239c078593b51d293cace8ec1a27,19929,body-v3.10/build_report.json
body-v3.20/changed_parts_v36_to_v37.json,a9a41d7c46a2ad62fed49408f90e4b29,1338,body-v3.10/changed_parts_v36_to_v37.json
body-v3.20/changed_parts_v37_to_v38.json,49ae233dc0c85f386397a6f0a52f4f9a,6172,body-v3.10/changed_parts_v37_to_v38.json
body-v3.20/changed_parts_v38_to_v39.json,d3cd5cdf0f50ea6407e39f2225cef809,6381,body-v3.10/changed_parts_v38_to_v39.json
body-v3.20/collide_head_v310.json,e25c6464886e09f567ee551e6f338f74,2142,body-v3.10/collide_head_v310.json
body-v3.20/collide_head_v311.json,e25c6464886e09f567ee551e6f338f74,2142,body-v3.10/collide_head_v310.json
body-v3.20/collide_head_v312.json,e25c6464886e09f567ee551e6f338f74,2142,body-v3.10/collide_head_v310.json
body-v3.20/collide_head_v312_baseline_for_v313.json,9b4637517f3bf949c5067330e618d235,10236,body-v3.13/collide_head_v312_baseline_for_v313.json
body-v3.20/collide_head_v313.json,b49557fdb2e92668b038eff5c1f559b2,10094,body-v3.13/collide_head_v313.json
body-v3.20/collide_head_v314.json,84a15622992a6302ff45de44e07548b2,10324,body-v3.14/collide_head_v314.json
body-v3.20/collide_head_v315.json,3abfd60515fd19ab49ad5e9844607e08,9549,body-v3.15/collide_head_v315.json
body-v3.20/collide_log_v38.txt,9401ea726b306a56955aecbaf3d6525e,4281,body-v3.10/collide_log_v38.txt
body-v3.20/collide_log_v39.txt,9401ea726b306a56955aecbaf3d6525e,4281,body-v3.10/collide_log_v38.txt
body-v3.20/collide_report.json,e6ddd4078834a837f9559a91643465bb,20690,body-v3.10/collide_report.json
body-v3.20/collide_v31_rule_check.json,2cfb89f60ed078067a5b0d563369f90c,129,body-v3.1/collide_v31_rule_check.json
body-v3.20/collide_v32_rule_check.json,005b67a629f7dd1569344a87c0e8df7b,164,body-v3.10/collide_v32_rule_check.json
body-v3.20/fit_v314.json,f8aae41806d01c56389950094ea546d5,320,body-v3.14/fit_v314.json
body-v3.20/grain_report_v37.json,6347c77416242e7f72b3f416408695a0,1960,body-v3.20/grain_report_v37.json
body-v3.20/hair_print_report_v313.json,860be9dcc14d271703ad67c23017d1dc,2832,body-v3.13/hair_print_report_v313.json
body-v3.20/hair_print_report_v314.json,a9210bb284841958846ddb4167713788,4794,body-v3.14/hair_print_report_v314.json
body-v3.20/hair_print_report_v315.json,7c5a3f9afea264b52bd3e2841e3c9b82,3652,body-v3.15/hair_print_report_v315.json
body-v3.20/head_print_report.json,79f615cf398723aa2801b3336ef39415,6972,body-v3.10/head_print_report.json
body-v3.20/head_print_report_v315.json,2009b6b02676dc6b96c6dd0d5ffded22,5848,body-v3.15/head_print_report_v315.json
body-v3.20/head_print_report_v316.json,f8e1f5b80ec4e1a19764713305d52d78,3997,body-v3.16/head_print_report_v316.json
body-v3.20/head_print_report_v317.json,fe0ed67ed9be1c640ebe2961c972f159,3397,body-v3.17/head_print_report_v317.json
body-v3.20/head_print_report_v318.json,0c4af57a9b076781b75f49f381e6e2db,3274,body-v3.18/head_print_report_v318.json
body-v3.20/head_print_report_v319.json,19394cee936c19e67eee4e7b4a8bc97a,3164,body-v3.19/head_print_report_v319.json
body-v3.20/head_print_report_v320.json,fc1afe8bee3905b206b2b7456cbb73c3,3165,body-v3.20/head_print_report_v320.json
body-v3.20/head_print_report_v36.json,d33da0d7f147f0bd784709823ca6e9ae,7037,body-v3.10/head_print_report_v36.json
body-v3.20/head_print_report_v37.json,4e0e79baf232a56165080655c08ae618,7733,body-v3.10/head_print_report_v37.json
body-v3.20/head_print_report_v38.json,5d6e16e5fb2414e0bbfca34176d0c3f5,7735,body-v3.10/head_print_report_v38.json
body-v3.20/head_print_report_v39.json,ba2c678786c8b3f4cd8feca3787e75dd,7781,body-v3.10/head_print_report_v39.json
body-v3.20/head_size_v36.json,04f54b55f682598962ff3481a5aba85f,717,body-v3.10/head_size_v36.json
body-v3.20/headrange_v320.json,4d62c8eed17cabb04608f6e91debbee5,916,body-v3.20/headrange_v320.json
body-v3.20/kilt_check_v316.json,799d097cf52f2f781aee6f772478ae4c,2826,body-v3.16/kilt_check_v316.json
body-v3.20/kilt_check_v316_final_gaits.json,430d99554b945ffe97d090947af9ac02,346,body-v3.16/kilt_check_v316_final_gaits.json
body-v3.20/kilt_print_report_v316.json,7df362561b2ccfefc2eccfe6ae1b03f8,1855,body-v3.16/kilt_print_report_v316.json
body-v3.20/lock_table_v319.md,e055209e989f675cd40a57a2cc4250fc,2047,body-v3.19/lock_table_v319.md
body-v3.20/print_note_hair_v313.md,1e35268b4a671737e912d031e769524e,1665,body-v3.13/print_note_hair_v313.md
body-v3.20/print_note_hair_v314.md,d703f5636f9c988f749d1147171e51e9,2397,body-v3.14/print_note_hair_v314.md
body-v3.20/print_note_hair_v315.md,6a889c9eb945efe71cbd55e83070b248,2211,body-v3.15/print_note_hair_v315.md
body-v3.20/print_note_head_v315.md,b00ab61a458365b15abc38025eeb9024,3040,body-v3.15/print_note_head_v315.md
body-v3.20/print_note_head_v316.md,a4f5d5bc7d9d8ed629a2d852a4c13a00,2664,body-v3.16/print_note_head_v316.md
body-v3.20/print_note_head_v317.md,4688ae5478c06dc314ccd47e767dad95,2703,body-v3.17/print_note_head_v317.md
body-v3.20/print_note_head_v318.md,84654fd7ff87f728f90ca899ef84a8e0,2674,body-v3.18/print_note_head_v318.md
body-v3.20/print_note_head_v319.md,d0467f682f653a81efa0dfad57f3b62c,2611,body-v3.19/print_note_head_v319.md
body-v3.20/print_note_head_v320.md,fb8d40d0d708aecb53cdaab4c505c66a,2785,body-v3.20/print_note_head_v320.md
body-v3.20/print_note_kilt_v316.md,0fdb4004cc378b066f170eedf905c93a,3348,body-v3.16/print_note_kilt_v316.md
body-v3.20/print_note_snout_v310.md,8c28ce33c8014e2a35235021cfe421d2,1461,body-v3.10/print_note_snout_v310.md
body-v3.20/print_note_snout_v311.md,9e46a723542d0793ff9f75be43a9b93f,2029,body-v3.11/print_note_snout_v311.md
body-v3.20/print_note_snout_v312.md,c45bac8778b151145198787bdf6e0062,1827,body-v3.12/print_note_snout_v312.md
body-v3.20/print_sheet_body_v38.md,face3494b2f0898c92d4de88aa098edc,6733,body-v3.10/print_sheet_body_v38.md
body-v3.20/print_sheet_head.md,ac0500e69043b84dbd57f7204b995982,3511,body-v3.10/print_sheet_head.md
body-v3.20/print_sheet_head_v36.md,6ac4c2094ed80fd60fd094d5b6ead7f8,3683,body-v3.10/print_sheet_head_v36.md
body-v3.20/print_sheet_head_v37.md,e9fbab93227e450a8c099f93fd6ea65b,5234,body-v3.10/print_sheet_head_v37.md
body-v3.20/print_sheet_head_v38.md,1bd44b955d22ea2e13d00bf05d107d31,5698,body-v3.10/print_sheet_head_v38.md
body-v3.20/print_sheet_head_v39.md,be1e14d15b9f562fb02da2a9853dbef9,5766,body-v3.10/print_sheet_head_v39.md
body-v3.20/servo_choice.md,316473d63f90ad6a5649462db90ee4c3,7062,body-v3.1/servo_choice.md
body-v3.20/snout_print_report_v310.json,4bf50103ac3941a34a8e642e795d6244,1079,body-v3.10/snout_print_report_v310.json
body-v3.20/snout_print_report_v311.json,3a2a461ef0f6fd92fab4a720d1521a76,1010,body-v3.11/snout_print_report_v311.json
body-v3.20/snout_print_report_v312.json,777e230a1c3e92c7a47d5c5b7220e6ad,918,body-v3.12/snout_print_report_v312.json
body-v3.20/torso_env_v34.json,bda31ea296b814d3685d260d29f3e20f,36249,body-v3.10/torso_env_v34.json
body-v3.20/torso_env_v36.json,8b9d02fce005d442335cfb062533af58,54421,body-v3.10/torso_env_v36.json
body-v3.20/torso_env_v38.json,687e14f2e4e89bf21a99087d015075c6,54455,body-v3.10/torso_env_v38.json
body-v3.20/wall_v316_wig_ref.json,da76d2f347b1e63a64657da82a9b63a9,229,body-v3.17/wall_v316_wig_ref.json
body-v3.20/wall_v317.json,9a56d2bc81b85bf45a7a5b2ef12f0c2b,227,body-v3.17/wall_v317.json
body-v3.20/wall_v318.json,8a58771e7725eb91575b2ee5d5f624b9,226,body-v3.18/wall_v318.json
body-v3.20/wall_v319.json,157779f9e5124b4b3dbd7b14b49fd287,226,body-v3.19/wall_v319.json
body-v3.20/wall_v320.json,5dec19b66934cea85dd96c36a283b115,226,body-v3.20/wall_v320.json
body-v3.20/measure/photo_measure.json,5832cf5aab493edae31cd598e050fc53,2746,body-v3/measure/photo_measure.json
body-v3.20/measure/snout_taper_v312.json,36dde250b844c6de6e65956251b874de,1330,body-v3.12/measure/snout_taper_v312.json
body-v3.20/measure/targets.json,7b665a9c4ecd33771be6d5312f1cfcdb,5282,body-v3/measure/targets.json
body-v3.20/measure/v31_measure.json,7770567faa6c6ee5ce5e18b1da51c474,1121,body-v3.1/measure/v31_measure.json
body-v3.20/measure/v32_measure.json,852640a3181a17ea81aee224e86ac5f7,979,body-v3.10/measure/v32_measure.json
body-v3.20/measure/v32_neck_scale.json,14486360543aa63b349b95440d1f1729,914,body-v3.10/measure/v32_neck_scale.json
body-v3.20/measure/v33_head_size.json,fc2bb9834c1e56d00aff074751409e63,968,body-v3.10/measure/v33_head_size.json
body-v3.20/measure/v33_head_size_overlay.json,f59662c96f18842e63e50af4d4cb1315,567,body-v3.10/measure/v33_head_size_overlay.json
body-v3.20/measure/v33_neck_scale.json,e40e7e3d179e145a736191fd39b80f52,368,body-v3.10/measure/v33_neck_scale.json
body-v3.20/measure319/iou_v318.json,479e9d0e0a858c996d286c9f83753d7f,801,body-v3.19/measure319/iou_v318.json
body-v3.20/measure319/iou_v319.json,6834cf8c196fae3875b56aec31675659,799,body-v3.19/measure319/iou_v319.json
body-v3.20/measure319/iou_v320.json,359608708d417279476b7ab6976694cd,801,body-v3.20/measure319/iou_v320.json
body-v3.20/measure319/iou_vA.json,6c29a713489fbce1594d8304cc5a1ea7,800,body-v3.20/measure319/iou_vA.json
body-v3.20/measure319/iou_vB.json,e337e51f08b7b97dc3f37edb54752585,800,body-v3.20/measure319/iou_vB.json
body-v3.20/measure319/iou_vC.json,587cb9d70e71b0d75e1fd2d74bcab845,797,body-v3.20/measure319/iou_vC.json
body-v3.20/measure319/iou_vD.json,62538549c8c4c09578053ad982bf78e9,797,body-v3.20/measure319/iou_vD.json
body-v3.20/measure319/iou_vE.json,39adc9c8d72455a9cb18c62e25efe731,798,body-v3.20/measure319/iou_vE.json
body-v3.20/measure319/iou_vF.json,cba230dd16c70c72a061a1207727cb3b,799,body-v3.20/measure319/iou_vF.json
body-v3.20/measure319/iou_vG.json,c9a78b4c21ab83db252bc6cf8eb0ae36,802,body-v3.20/measure319/iou_vG.json
body-v3.20/measure319/iou_vH.json,359608708d417279476b7ab6976694cd,801,body-v3.20/measure319/iou_v320.json
body-v3.20/sim/README.md,5a2184fcce272380e8a22600e08816c1,13351,body-v3.10/sim/README.md
body-v3.20/sim/arm_heat_v2.json,bc311c1775b81c9405219b9bbff5ec13,4223,body-v3/sim/arm_heat_v2.json
body-v3.20/sim/arm_heat_v3.json,07b5df779e4043a927a2b4d6fb21639a,4222,body-v3.10/sim/arm_heat_v3.json
body-v3.20/sim/compare_stock_v2_v3.json,0ed3b329d48797a6244eeffa2d5fde08,3805,body-v3/sim/compare_stock_v2_v3.json
body-v3.20/sim/compare_stock_v2_v3.md,895225c90e71fdfa98f1516ec893a8b1,2949,body-v3/sim/compare_stock_v2_v3.md
body-v3.20/sim/compare_v311_v312.json,3473272bc00ed7d7bd1011e4668be807,3275,body-v3.12/sim/compare_v311_v312.json
body-v3.20/sim/compare_v311_v312.md,22edbe199a0bd1aadce75c39aed27780,1921,body-v3.12/sim/compare_v311_v312.md
body-v3.20/sim/compare_v312_v313.json,5dd49cf449e49debec85c42ab559d377,3276,body-v3.13/sim/compare_v312_v313.json
body-v3.20/sim/compare_v312_v313.md,b8d569cdec4a0b4d85e633e1fad8d729,1922,body-v3.13/sim/compare_v312_v313.md
body-v3.20/sim/compare_v313_v314.json,5ee81ca0f77cf165bdf818892ffd6dca,3276,body-v3.14/sim/compare_v313_v314.json
body-v3.20/sim/compare_v313_v314.md,6283c46bebaa7397b4d96d193bfc9c77,1922,body-v3.14/sim/compare_v313_v314.md
body-v3.20/sim/compare_v314_v315.json,ae355b8cf1a564bbec7efc7eb413a87a,3275,body-v3.15/sim/compare_v314_v315.json
body-v3.20/sim/compare_v314_v315.md,5022aaec37e2cbfffaaa0ffda9155353,1921,body-v3.15/sim/compare_v314_v315.md
body-v3.20/sim/compare_v315_v316.json,05b068e032c61b44a735110dd68d824f,3275,body-v3.16/sim/compare_v315_v316.json
body-v3.20/sim/compare_v315_v316.md,7f3d98d608546dfa4b151456866195a1,1921,body-v3.16/sim/compare_v315_v316.md
body-v3.20/sim/compare_v316_v317.json,89fc00addd46ac4183394325d465c0b6,3276,body-v3.17/sim/compare_v316_v317.json
body-v3.20/sim/compare_v316_v317.md,83688af2bb79fc2348ba36b5274ba16a,1922,body-v3.17/sim/compare_v316_v317.md
body-v3.20/sim/compare_v317_v318.json,ad0dc738bc0a716df0978250c0782c47,3276,body-v3.18/sim/compare_v317_v318.json
body-v3.20/sim/compare_v317_v318.md,e48cf4f4e269a3976efa4d3045ee151b,1922,body-v3.18/sim/compare_v317_v318.md
body-v3.20/sim/compare_v318_v319.json,0e65f3737cf34fa7999880e013a7cd91,3274,body-v3.19/sim/compare_v318_v319.json
body-v3.20/sim/compare_v318_v319.md,c4243a4bef93963eaf6f9b4f77832ff6,1920,body-v3.19/sim/compare_v318_v319.md
body-v3.20/sim/compare_v319_v320.json,bab95bb7d04ef783644b5849d6af0ea4,3274,body-v3.20/sim/compare_v319_v320.json
body-v3.20/sim/compare_v319_v320.md,c75a6c9adff1c572d18b39ed317b99e8,1920,body-v3.20/sim/compare_v319_v320.md
body-v3.20/sim/compare_v31_v32.json,c51ae2424f05c1ab5562ee15e9b2965f,3254,body-v3.10/sim/compare_v31_v32.json
body-v3.20/sim/compare_v31_v32.md,644ebfad4fb06dc032148c27094bee2c,1939,body-v3.10/sim/compare_v31_v32.md
body-v3.20/sim/compare_v32_v33.json,a6b9c313414ce0741dcde7c80ce064a7,3255,body-v3.10/sim/compare_v32_v33.json
body-v3.20/sim/compare_v32_v33.md,de11b2bed04349fe3059fe2af1f01f8d,1861,body-v3.10/sim/compare_v32_v33.md
body-v3.20/sim/compare_v33_v34.json,9970e48ff8444752844c36261fdbc8a7,3255,body-v3.10/sim/compare_v33_v34.json
body-v3.20/sim/compare_v33_v34.md,1bee2d057cf0af55e9285ae39642e0d4,1861,body-v3.10/sim/compare_v33_v34.md
body-v3.20/sim/compare_v34_v35.json,15b209ba528bca78169f2c308cc5a0c0,3263,body-v3.10/sim/compare_v34_v35.json
body-v3.20/sim/compare_v34_v35.md,e7b150ed0f30c20b731c9a2ac12058d0,2289,body-v3.10/sim/compare_v34_v35.md
body-v3.20/sim/compare_v35_v36.json,91ae3e17f2ce269016d61be082636f3e,3272,body-v3.10/sim/compare_v35_v36.json
body-v3.20/sim/compare_v35_v36.md,ada8c03eeb0156deaac729f93149e461,2344,body-v3.10/sim/compare_v35_v36.md
body-v3.20/sim/compare_v36_v37.json,3e11a3460b142718d63652a501df696e,3271,body-v3.10/sim/compare_v36_v37.json
body-v3.20/sim/compare_v36_v37.md,fda6c06c3d45610df1ba016b41b4ba7b,2405,body-v3.10/sim/compare_v36_v37.md
body-v3.20/sim/compare_v37_v38.json,1276986b406e998977d666daa157cf71,3272,body-v3.10/sim/compare_v37_v38.json
body-v3.20/sim/compare_v37_v38.md,f8a800c1b0a12f6fdc9a81f7131ee562,1915,body-v3.10/sim/compare_v37_v38.md
body-v3.20/sim/compare_v38_v39.json,5a057226cca27472ecf7125a724e8082,3274,body-v3.10/sim/compare_v38_v39.json
body-v3.20/sim/compare_v38_v39.md,dc30e35f4edbde2136c3daf04fc04bcc,1917,body-v3.10/sim/compare_v38_v39.md
body-v3.20/sim/compare_v39_v310.json,8d43b630f2580e8ba95a586df3f3d406,3275,body-v3.10/sim/compare_v39_v310.json
body-v3.20/sim/compare_v39_v310.md,03dd6304ccf2ba5f39991cdadfafd6c8,1921,body-v3.10/sim/compare_v39_v310.md
body-v3.20/sim/compare_v39_v311.json,bf0d8a9069f17dfd3c90f0ae651cbc80,3274,body-v3.11/sim/compare_v39_v311.json
body-v3.20/sim/compare_v39_v311.md,504094156e0454adb92ca4e51fd97da2,1920,body-v3.11/sim/compare_v39_v311.md
body-v3.20/sim/compare_v3_v31.json,7e29f9219c9b23c6c5982ab3a1a89db3,2829,body-v3.1/sim/compare_v3_v31.json
body-v3.20/sim/compare_v3_v31.md,175081c021dce15c7e987872af0ac43f,1611,body-v3.1/sim/compare_v3_v31.md
body-v3.20/sim/gen317.log,d1364dfc1ced2a5a433641ee9c86e977,799,body-v3.17/sim/gen317.log
body-v3.20/sim/gen318.log,4b275951c1b9a0045efd57346cbaa4f8,799,body-v3.18/sim/gen318.log
body-v3.20/sim/gen319.log,be94467370eae037352b4abf64edbf77,799,body-v3.19/sim/gen319.log
body-v3.20/sim/gen320.log,01f6e4df684b699877f852a33ff39cd7,799,body-v3.20/sim/gen320.log
body-v3.20/sim/mass_report_v3.json,2e49593e99e1b46e30ce6bbd980c92ca,13479,body-v3.20/sim/mass_report_v3.json
body-v3.20/sim/plot_compare.png,2457a623d2f320f37f590b6d2c9af28b,58887,body-v3/sim/plot_compare.png
body-v3.20/sim/results_v3.json,a3f76d9df0efa840ce3eedc394c67c25,7725,body-v3.20/sim/results_v3.json
body-v3.20/sim/results_v3_8pct.json,cb25e47bae840299a65617cae6694f56,7820,body-v3.11/sim/results_v3_8pct.json
body-v3.20/sim/results_v3_snout10pct.json,103a1aed6577f64926a156f4fcbe8328,7823,body-v3.11/sim/results_v3_snout10pct.json
body-v3.20/sim/rt317.log,734339dad8e117eede012b875d819072,2997,body-v3.17/sim/rt317.log
body-v3.20/sim/rt318.log,247bdf8654fc2b7269fc35245609c6e0,2996,body-v3.18/sim/rt318.log
body-v3.20/sim/rt319.log,324a9b3cec0b51d6489bf0504706f4e2,2991,body-v3.19/sim/rt319.log
body-v3.20/sim/rt320.log,bfbbed9c401c39dd1f62267c258aa1e3,2994,body-v3.20/sim/rt320.log
body-v3.20/sim/sweep319.txt,278100be8b4725996bbdeb59fc299feb,345,body-v3.19/sim/sweep319.txt
body-v3.20/sim/walk_refine_eff_v32.json,c8201391328afc939348d18b9ed6f189,158,body-v3.19/sim/walk_refine_eff_v32.json
body-v3.20/sim/walk_refine_v32.json,cc61940489fc15620b37db50d1180e77,156,body-v3.19/sim/walk_refine_v32.json
body-v3.20/sim/walk_v3.json,3c60ae1fab664f989b79e69f90a262b8,3041,body-v3.20/sim/walk_v3.json
body-v3.20/sim/walk_v3_eff.json,03eb5773b7046ab0d35d27298ebcb3a6,3042,body-v3.20/sim/walk_v3_eff.json
body-v3.20/sim/walk_v3_eff_noref.json,ebaa41acfaaef3b24dc77ab83db09f93,3101,body-v3.10/sim/walk_v3_eff_noref.json
body-v3.20/sim/walk_v3_noref.json,85f5f335181e839cfdc2d627ecca5d32,3095,body-v3.10/sim/walk_v3_noref.json
body-v3.20/sim/walk_v3_prerefine_v310.json,09d03ddff2a0a115af858a30f0934a7e,3038,body-v3.10/sim/walk_v3_prerefine_v310.json
body-v3.20/sim/we317.log,909b74c0ea465803e8271ca953cb24d3,126,body-v3.17/sim/we317.log
body-v3.20/sim/we318.log,cf4768c1657856fc40fa2c919d66ea86,127,body-v3.18/sim/we318.log
body-v3.20/sim/we319.log,3f677b2656f761d6d36a48d6fef04cbf,126,body-v3.19/sim/we319.log
body-v3.20/sim/we320.log,ce08323dee1e373fba90bff4e78c5694,127,body-v3.20/sim/we320.log
body-v3.20/sim/wee317.log,7656cb072a79947613d2fb1b6f43d853,127,body-v3.17/sim/wee317.log
body-v3.20/sim/wee318.log,5190b6cd46b96e2cbaf59dc74937c829,127,body-v3.18/sim/wee318.log
body-v3.20/sim/wee319.log,e1617f52cb38131115c93a6a9b087131,129,body-v3.19/sim/wee319.log
body-v3.20/sim/wee320.log,1ef65b3d0c0e312f23a72c1397253066,128,body-v3.20/sim/wee320.log
body-v3.20/sim/wr317.log,7aabad450d8fee0e5cf88845890bc832,549,body-v3.17/sim/wr317.log
body-v3.20/sim/wr318.log,7e3296c6912b1ea3665e1eecf625a1fa,550,body-v3.18/sim/wr318.log
body-v3.20/sim/wr319.log,ec71d90097784f9358b910a600739de9,546,body-v3.19/sim/wr319.log
body-v3.20/sim/wre319.log,5dc35f4200037d2feeaab949c4f83421,548,body-v3.19/sim/wre319.log
body-v3.20/sim/wre319b.log,27e94bc650d92537dfcb31ffd6dabc89,549,body-v3.19/sim/wre319b.log
body-v3.20/sim/v310_ref/arm_heat_v3.json,07b5df779e4043a927a2b4d6fb21639a,4222,body-v3.10/sim/arm_heat_v3.json
body-v3.20/sim/v310_ref/results_v3.json,2370068638410dd3864dd3c892cd6a3b,7823,body-v3.10/sim/results_v3.json
body-v3.20/sim/v310_ref/walk_v3.json,e9d78c042a9e739225f3023ca5bd64dd,3038,body-v3.10/sim/walk_v3.json
body-v3.20/sim/v310_ref/walk_v3_eff.json,1e744e11cd7023f86b9f07eff160bb5d,3038,body-v3.10/sim/walk_v3_eff.json
body-v3.20/sim/v311_ref/arm_heat_v3.json,07b5df779e4043a927a2b4d6fb21639a,4222,body-v3.10/sim/arm_heat_v3.json
body-v3.20/sim/v311_ref/results_v3.json,859125992a19eb68d7b6dfc8772bce89,7823,body-v3.11/sim/results_v3.json
body-v3.20/sim/v311_ref/walk_v3.json,4af9789103d25cb741517657b5fde163,3031,body-v3.11/sim/walk_v3.json
body-v3.20/sim/v311_ref/walk_v3_eff.json,90de5e2d159d49e1a165ee89674e8272,3049,body-v3.11/sim/walk_v3_eff.json
body-v3.20/sim/v312_ref/arm_heat_v3.json,07b5df779e4043a927a2b4d6fb21639a,4222,body-v3.10/sim/arm_heat_v3.json
body-v3.20/sim/v312_ref/results_v3.json,5424004f332c0e8e99cd9a8ec70d033e,7823,body-v3.12/sim/results_v3.json
body-v3.20/sim/v312_ref/walk_v3.json,6813456c6d543b75d9ce3378cc7ec76d,3035,body-v3.12/sim/walk_v3.json
body-v3.20/sim/v312_ref/walk_v3_eff.json,da1bc95efaa4f87cffc8d4173df08fb6,3048,body-v3.12/sim/walk_v3_eff.json
body-v3.20/sim/v314_ref/arm_heat_v3.json,07b5df779e4043a927a2b4d6fb21639a,4222,body-v3.10/sim/arm_heat_v3.json
body-v3.20/sim/v314_ref/results_v3.json,5ff19fd27ab58cd5229b75f149e29603,7823,body-v3.14/sim/results_v3.json
body-v3.20/sim/v314_ref/walk_v3.json,1e30876edb5e0bee39df59123740079d,3036,body-v3.14/sim/walk_v3.json
body-v3.20/sim/v314_ref/walk_v3_eff.json,c116a8d3fe477f01a98b8bb54dabfa7f,3045,body-v3.14/sim/walk_v3_eff.json
body-v3.20/sim/v315_ref/arm_heat_v3.json,07b5df779e4043a927a2b4d6fb21639a,4222,body-v3.10/sim/arm_heat_v3.json
body-v3.20/sim/v315_ref/results_v3.json,b313775a19af5f0e29ea8d9ae9575fe6,7822,body-v3.15/sim/results_v3.json
body-v3.20/sim/v315_ref/walk_v3.json,c985f9e94b78a0fe370d07b3b066741c,3031,body-v3.15/sim/walk_v3.json
body-v3.20/sim/v315_ref/walk_v3_eff.json,ffd36628ae1263713261beaf6e10d638,3039,body-v3.15/sim/walk_v3_eff.json
body-v3.20/sim/v316_ref/arm_heat_v3.json,07b5df779e4043a927a2b4d6fb21639a,4222,body-v3.10/sim/arm_heat_v3.json
body-v3.20/sim/v316_ref/results_v3.json,24e44ae5ede579cf27e9c59f3e91a5de,7775,body-v3.16/sim/results_v3.json
body-v3.20/sim/v316_ref/walk_v3.json,204d18347ae73d7c7dea42312c01ae3f,3036,body-v3.16/sim/walk_v3.json
body-v3.20/sim/v316_ref/walk_v3_eff.json,fbf1db72d2d067b3cd3d9ac1219e6d20,3040,body-v3.16/sim/walk_v3_eff.json
body-v3.20/sim/v317_ref/arm_heat_v3.json,07b5df779e4043a927a2b4d6fb21639a,4222,body-v3.10/sim/arm_heat_v3.json
body-v3.20/sim/v317_ref/results_v3.json,935d6addfe550f20e12c8b793636fe96,7778,body-v3.17/sim/results_v3.json
body-v3.20/sim/v317_ref/walk_v3.json,0514cc614c854751602a29fa12e9d12f,3035,body-v3.17/sim/walk_v3.json
body-v3.20/sim/v317_ref/walk_v3_eff.json,bf910ab795ecc5688ba847d99747c920,3035,body-v3.17/sim/walk_v3_eff.json
body-v3.20/sim/v318_ref/arm_heat_v3.json,07b5df779e4043a927a2b4d6fb21639a,4222,body-v3.10/sim/arm_heat_v3.json
body-v3.20/sim/v318_ref/results_v3.json,b574dd55b92c2a33487ba4df1b2c8382,7730,body-v3.18/sim/results_v3.json
body-v3.20/sim/v318_ref/walk_v3.json,33e5b5229a31a9aab20310892ef2c5a7,3033,body-v3.18/sim/walk_v3.json
body-v3.20/sim/v318_ref/walk_v3_eff.json,b7f747d38a4ab2f7f6855d9d19724dda,3041,body-v3.18/sim/walk_v3_eff.json
body-v3.20/sim/v319_ref/arm_heat_v3.json,07b5df779e4043a927a2b4d6fb21639a,4222,body-v3.10/sim/arm_heat_v3.json
body-v3.20/sim/v319_ref/results_v3.json,b6381dfeaa6b0f3c7fda067dc519bbf6,7719,body-v3.19/sim/results_v3.json
body-v3.20/sim/v319_ref/walk_v3.json,2befac91b8fb900a116412d9eb360ef1,3040,body-v3.19/sim/walk_v3.json
body-v3.20/sim/v319_ref/walk_v3_eff.json,958b7e2ebedc49ce3e3f984ed44e4648,3043,body-v3.19/sim/walk_v3_eff.json
body-v3.20/sim/v31_ref/arm_heat_v3.json,2126fcc62fd7d3c396dcb7770419204a,4220,body-v3.1/sim/arm_heat_v3.json
body-v3.20/sim/v31_ref/mass_report_v3.json,b22177cef249a8bc99fcb2f57bb05878,12902,body-v3.1/sim/mass_report_v3.json
body-v3.20/sim/v31_ref/results_v3.json,510d1456468455e8152b440555672307,8029,body-v3.1/sim/results_v3.json
body-v3.20/sim/v31_ref/walk_v3.json,21a198ab40b540b4e3398bd7bdd66988,3094,body-v3.1/sim/walk_v3.json
body-v3.20/sim/v31_ref/walk_v3_eff.json,031ec90a823c37124efb0f9b271545e0,3102,body-v3.1/sim/walk_v3_eff.json
body-v3.20/sim/v32_ref/arm_heat_v3.json,07b5df779e4043a927a2b4d6fb21639a,4222,body-v3.10/sim/arm_heat_v3.json
body-v3.20/sim/v32_ref/results_v3.json,691b926aea221e63317388971ca903f7,8023,body-v3.10/sim/v32_ref/results_v3.json
body-v3.20/sim/v32_ref/walk_refine_v32.json,0648267fc7b09edeaa65985c0b4db260,157,body-v3.10/sim/v32_ref/walk_refine_v32.json
body-v3.20/sim/v32_ref/walk_v3.json,120423616b57938b7fd7672da7ad00f6,3165,body-v3.10/sim/v32_ref/walk_v3.json
body-v3.20/sim/v32_ref/walk_v3_eff.json,0860666c2fb00c61803ca5cf38d8cf2e,3103,body-v3.10/sim/v32_ref/walk_v3_eff.json
body-v3.20/sim/v33_ref/arm_heat_v3.json,07b5df779e4043a927a2b4d6fb21639a,4222,body-v3.10/sim/arm_heat_v3.json
body-v3.20/sim/v33_ref/results_v3.json,1f5b949f70ea6f2d2ca68c339ea885bb,8028,body-v3.10/sim/v33_ref/results_v3.json
body-v3.20/sim/v33_ref/walk_v3.json,135fd3eba247694b2d0455b05c2b1ed0,3154,body-v3.10/sim/v33_ref/walk_v3.json
body-v3.20/sim/v33_ref/walk_v3_eff.json,07f206d2b718406f84a80514363a0894,3163,body-v3.10/sim/v33_ref/walk_v3_eff.json
body-v3.20/sim/v34_ref/arm_heat_v3.json,07b5df779e4043a927a2b4d6fb21639a,4222,body-v3.10/sim/arm_heat_v3.json
body-v3.20/sim/v34_ref/results_v3.json,daa3ef05a96a0d46bbace841296e31c6,8020,body-v3.10/sim/v34_ref/results_v3.json
body-v3.20/sim/v34_ref/walk_v3.json,7f1ce820d388e0e41ba3dfc2c5faba4a,3155,body-v3.10/sim/v34_ref/walk_v3.json
body-v3.20/sim/v34_ref/walk_v3_eff.json,4ea2b63d0b9eba2faa54ba882cf92f93,3160,body-v3.10/sim/v34_ref/walk_v3_eff.json
body-v3.20/sim/v36_ref/arm_heat_v3.json,07b5df779e4043a927a2b4d6fb21639a,4222,body-v3.10/sim/arm_heat_v3.json
body-v3.20/sim/v36_ref/results_v3.json,6d09c34dcdbeb0ab1721a3015ed869a3,7773,body-v3.10/sim/v36_ref/results_v3.json
body-v3.20/sim/v36_ref/walk_v3.json,38bcf54acd4ca8bbf675993d585329f0,3039,body-v3.10/sim/v36_ref/walk_v3.json
body-v3.20/sim/v36_ref/walk_v3_eff.json,31b8a828b14afc9f5d317ef29cfbe9a9,3042,body-v3.10/sim/v36_ref/walk_v3_eff.json
body-v3.20/sim/v37_ref/arm_heat_v3.json,07b5df779e4043a927a2b4d6fb21639a,4222,body-v3.10/sim/arm_heat_v3.json
body-v3.20/sim/v37_ref/results_v3.json,e28526abee73fc3f1f2ce8a8893f87ae,7780,body-v3.10/sim/v37_ref/results_v3.json
body-v3.20/sim/v37_ref/walk_v3.json,33671a750fd7dce386401bce59f686a8,3032,body-v3.10/sim/v37_ref/walk_v3.json
body-v3.20/sim/v37_ref/walk_v3_eff.json,7be0f1960d01f0a3b80fb0f12f58de19,3043,body-v3.10/sim/v37_ref/walk_v3_eff.json
body-v3.20/sim/v38_ref/arm_heat_v3.json,07b5df779e4043a927a2b4d6fb21639a,4222,body-v3.10/sim/arm_heat_v3.json
body-v3.20/sim/v38_ref/results_v3.json,db7c5b8b22483b4f91eb46d530353928,7824,body-v3.10/sim/v38_ref/results_v3.json
body-v3.20/sim/v38_ref/walk_v3.json,fee45989bdaf3ab94dcabed25b50e7bb,3039,body-v3.10/sim/v38_ref/walk_v3.json
body-v3.20/sim/v38_ref/walk_v3_eff.json,228f2964c6705f80ebc7366edb2f0317,3043,body-v3.10/sim/v38_ref/walk_v3_eff.json
body-v3.20/sim/v39_ref/arm_heat_v3.json,07b5df779e4043a927a2b4d6fb21639a,4222,body-v3.10/sim/arm_heat_v3.json
body-v3.20/sim/v39_ref/results_v3.json,6603ecb5509ca86206a169ce15811895,7824,body-v3.10/sim/v39_ref/results_v3.json
body-v3.20/sim/v39_ref/walk_v3.json,8fc65df0a06c89e667c1c6d739d66c3c,3033,body-v3.10/sim/v39_ref/walk_v3.json
body-v3.20/sim/v39_ref/walk_v3_eff.json,79767a0ef34301f4d5f02ac4e2c255bf,3042,body-v3.10/sim/v39_ref/walk_v3_eff.json
body-v3.20/sim/v3_ref/arm_heat_v3.json,24f0f1621b09d575497b233327d5af34,4223,body-v3/sim/arm_heat_v3.json
body-v3.20/sim/v3_ref/results_v3.json,e91a5d8c46c37b6547966407c5d77848,8025,body-v3/sim/results_v3.json
body-v3.20/sim/v3_ref/walk_v3.json,f6dfc33626937c34a72b551e33684da3,3337,body-v3/sim/walk_v3.json
body-v3.20/sim/v3_ref/walk_v3_eff.json,394deba9fbf961cf5d88aae40d78c2e6,3347,body-v3/sim/walk_v3_eff.json
body-v3.21/README.md,65c2e177b5412a5e63ba38b5190edbde,6101,body-v3.10/README.md
body-v3.21/README_v3.md,d5dfb182350ce2de808eda08cc549acc,8398,body-v3/README.md
body-v3.21/README_v31.md,62cf5740b1281b505a1e2bb98d536030,8478,body-v3.1/README.md
body-v3.21/README_v310.md,8da2f237ff36b44d0add847660514f13,3734,body-v3.10/README_v310.md
body-v3.21/README_v311.md,00e8e1e244dfd4deb11e26e2ae98012f,4189,body-v3.11/README_v311.md
body-v3.21/README_v312.md,1661c05da47e75ae5678be1a9513648e,4010,body-v3.12/README_v312.md
body-v3.21/README_v313.md,60beb427e39b3057b625d7c402153ecd,3338,body-v3.13/README_v313.md
body-v3.21/README_v314.md,c06f881a9d452d57268625b05f4b8850,3978,body-v3.14/README_v314.md
body-v3.21/README_v315.md,e6dcd0fd62eb3f59d02bf840e1d59599,2771,body-v3.15/README_v315.md
body-v3.21/README_v316.md,af2d2b48ebd64516bfe0f1dd61b28da7,6517,body-v3.16/README_v316.md
body-v3.21/README_v317.md,08d1cd9d822124621f017e9b62a01692,4494,body-v3.17/README_v317.md
body-v3.21/README_v318.md,0af4e594f70c70c582978e26dba2fd10,4575,body-v3.18/README_v318.md
body-v3.21/README_v319.md,9cab512e2cc660ed2cc713091882f107,5665,body-v3.19/README_v319.md
body-v3.21/README_v32.md,36d5079dfd7d10c4ca271706c936cf5a,12057,body-v3.10/README_v32.md
body-v3.21/README_v320.md,1bd93ec87a4a978fead0c396fc582328,2026,body-v3.20/README_v320.md
body-v3.21/README_v321.md,940bbfbf636a75d9a05673bb9bf46acc,2892,body-v3.21/README_v321.md
body-v3.21/README_v33.md,6752bb01dae32e530a285e330f4d5770,5164,body-v3.10/README_v33.md
body-v3.21/README_v34.md,b512057a38e8cd7dd3ee07219c058e51,2623,body-v3.10/README_v34.md
body-v3.21/README_v35.md,7d8c481c42edc18f57b68b7bcea44345,2418,body-v3.10/README_v35.md
body-v3.21/README_v36.md,756af93fbf80b2ee9e5fee1458509d98,2438,body-v3.10/README_v36.md
body-v3.21/README_v38.md,ed0092856c928668efe6274c4752d7c2,4651,body-v3.10/README_v38.md
body-v3.21/README_v39.md,93f974e23db0965ce50120ba22d3dfaf,4818,body-v3.10/README_v39.md
body-v3.21/armsweep_v316.json,1f5aeabfa91da235aef6d943587fcf20,232,body-v3.16/armsweep_v316.json
body-v3.21/armsweep_v317.json,64745441dcb259065e67e21ae09ffab6,1203,body-v3.17/armsweep_v317.json
body-v3.21/armsweep_v318.json,5ae60717248b7264e1f67c1252ce79a5,1198,body-v3.18/armsweep_v318.json
body-v3.21/armsweep_v319.json,8c6d5a5f572ff5fabd1bbab9856ddf11,1230,body-v3.19/armsweep_v319.json
body-v3.21/armsweep_v320.json,9cf76322dae0716251c9d43d851284dd,992,body-v3.20/armsweep_v320.json
body-v3.21/armsweep_v321.json,185ddf1d621c09dea5d35968652520a9,790,body-v3.21/armsweep_v321.json
body-v3.21/bom_v35.md,54e414cced6d75762caa12cba76d0d40,1012,body-v3.10/bom_v35.md
body-v3.21/build_report.json,3c08239c078593b51d293cace8ec1a27,19929,body-v3.10/build_report.json
body-v3.21/changed_parts_v36_to_v37.json,a9a41d7c46a2ad62fed49408f90e4b29,1338,body-v3.10/changed_parts_v36_to_v37.json
body-v3.21/changed_parts_v37_to_v38.json,49ae233dc0c85f386397a6f0a52f4f9a,6172,body-v3.10/changed_parts_v37_to_v38.json
body-v3.21/changed_parts_v38_to_v39.json,d3cd5cdf0f50ea6407e39f2225cef809,6381,body-v3.10/changed_parts_v38_to_v39.json
body-v3.21/collide_head_v310.json,e25c6464886e09f567ee551e6f338f74,2142,body-v3.10/collide_head_v310.json
body-v3.21/collide_head_v311.json,e25c6464886e09f567ee551e6f338f74,2142,body-v3.10/collide_head_v310.json
body-v3.21/collide_head_v312.json,e25c6464886e09f567ee551e6f338f74,2142,body-v3.10/collide_head_v310.json
body-v3.21/collide_head_v312_baseline_for_v313.json,9b4637517f3bf949c5067330e618d235,10236,body-v3.13/collide_head_v312_baseline_for_v313.json
body-v3.21/collide_head_v313.json,b49557fdb2e92668b038eff5c1f559b2,10094,body-v3.13/collide_head_v313.json
body-v3.21/collide_head_v314.json,84a15622992a6302ff45de44e07548b2,10324,body-v3.14/collide_head_v314.json
body-v3.21/collide_head_v315.json,3abfd60515fd19ab49ad5e9844607e08,9549,body-v3.15/collide_head_v315.json
body-v3.21/collide_log_v38.txt,9401ea726b306a56955aecbaf3d6525e,4281,body-v3.10/collide_log_v38.txt
body-v3.21/collide_log_v39.txt,9401ea726b306a56955aecbaf3d6525e,4281,body-v3.10/collide_log_v38.txt
body-v3.21/collide_report.json,e6ddd4078834a837f9559a91643465bb,20690,body-v3.10/collide_report.json
body-v3.21/collide_v31_rule_check.json,2cfb89f60ed078067a5b0d563369f90c,129,body-v3.1/collide_v31_rule_check.json
body-v3.21/collide_v32_rule_check.json,005b67a629f7dd1569344a87c0e8df7b,164,body-v3.10/collide_v32_rule_check.json
body-v3.21/crest_valley_v321.json,3f672f077ad7c227637940c3147cf8b7,1542,body-v3.21/crest_valley_v321.json
body-v3.21/fit_v314.json,f8aae41806d01c56389950094ea546d5,320,body-v3.14/fit_v314.json
body-v3.21/grain_report_v37.json,7b96d1ce2d5cb7378f3f7a814008011a,1961,body-v3.21/grain_report_v37.json
body-v3.21/hair_print_report_v313.json,860be9dcc14d271703ad67c23017d1dc,2832,body-v3.13/hair_print_report_v313.json
body-v3.21/hair_print_report_v314.json,a9210bb284841958846ddb4167713788,4794,body-v3.14/hair_print_report_v314.json
body-v3.21/hair_print_report_v315.json,7c5a3f9afea264b52bd3e2841e3c9b82,3652,body-v3.15/hair_print_report_v315.json
body-v3.21/head_print_report.json,79f615cf398723aa2801b3336ef39415,6972,body-v3.10/head_print_report.json
body-v3.21/head_print_report_v315.json,2009b6b02676dc6b96c6dd0d5ffded22,5848,body-v3.15/head_print_report_v315.json
body-v3.21/head_print_report_v316.json,f8e1f5b80ec4e1a19764713305d52d78,3997,body-v3.16/head_print_report_v316.json
body-v3.21/head_print_report_v317.json,fe0ed67ed9be1c640ebe2961c972f159,3397,body-v3.17/head_print_report_v317.json
body-v3.21/head_print_report_v318.json,0c4af57a9b076781b75f49f381e6e2db,3274,body-v3.18/head_print_report_v318.json
body-v3.21/head_print_report_v319.json,19394cee936c19e67eee4e7b4a8bc97a,3164,body-v3.19/head_print_report_v319.json
body-v3.21/head_print_report_v320.json,fc1afe8bee3905b206b2b7456cbb73c3,3165,body-v3.20/head_print_report_v320.json
body-v3.21/head_print_report_v321.json,45ab6961dd3d64dcc06d9b6925a8d9be,3290,body-v3.21/head_print_report_v321.json
body-v3.21/head_print_report_v36.json,d33da0d7f147f0bd784709823ca6e9ae,7037,body-v3.10/head_print_report_v36.json
body-v3.21/head_print_report_v37.json,4e0e79baf232a56165080655c08ae618,7733,body-v3.10/head_print_report_v37.json
body-v3.21/head_print_report_v38.json,5d6e16e5fb2414e0bbfca34176d0c3f5,7735,body-v3.10/head_print_report_v38.json
body-v3.21/head_print_report_v39.json,ba2c678786c8b3f4cd8feca3787e75dd,7781,body-v3.10/head_print_report_v39.json
body-v3.21/head_size_v36.json,04f54b55f682598962ff3481a5aba85f,717,body-v3.10/head_size_v36.json
body-v3.21/headrange_v320.json,4d62c8eed17cabb04608f6e91debbee5,916,body-v3.20/headrange_v320.json
body-v3.21/headrange_v320_on_this.json,ace6f70df09a3704d7955648765add76,729,body-v3.21/headrange_v320_on_this.json
body-v3.21/kilt_check_v316.json,799d097cf52f2f781aee6f772478ae4c,2826,body-v3.16/kilt_check_v316.json
body-v3.21/kilt_check_v316_final_gaits.json,430d99554b945ffe97d090947af9ac02,346,body-v3.16/kilt_check_v316_final_gaits.json
body-v3.21/kilt_print_report_v316.json,7df362561b2ccfefc2eccfe6ae1b03f8,1855,body-v3.16/kilt_print_report_v316.json
body-v3.21/lock_table_v319.md,e055209e989f675cd40a57a2cc4250fc,2047,body-v3.19/lock_table_v319.md
body-v3.21/print_note_hair_v313.md,1e35268b4a671737e912d031e769524e,1665,body-v3.13/print_note_hair_v313.md
body-v3.21/print_note_hair_v314.md,d703f5636f9c988f749d1147171e51e9,2397,body-v3.14/print_note_hair_v314.md
body-v3.21/print_note_hair_v315.md,6a889c9eb945efe71cbd55e83070b248,2211,body-v3.15/print_note_hair_v315.md
body-v3.21/print_note_head_v315.md,b00ab61a458365b15abc38025eeb9024,3040,body-v3.15/print_note_head_v315.md
body-v3.21/print_note_head_v316.md,a4f5d5bc7d9d8ed629a2d852a4c13a00,2664,body-v3.16/print_note_head_v316.md
body-v3.21/print_note_head_v317.md,4688ae5478c06dc314ccd47e767dad95,2703,body-v3.17/print_note_head_v317.md
body-v3.21/print_note_head_v318.md,84654fd7ff87f728f90ca899ef84a8e0,2674,body-v3.18/print_note_head_v318.md
body-v3.21/print_note_head_v319.md,d0467f682f653a81efa0dfad57f3b62c,2611,body-v3.19/print_note_head_v319.md
body-v3.21/print_note_head_v320.md,fb8d40d0d708aecb53cdaab4c505c66a,2785,body-v3.20/print_note_head_v320.md
body-v3.21/print_note_head_v321.md,ed4789b2cfaee2d5338d341f14f4290e,3089,body-v3.21/print_note_head_v321.md
body-v3.21/print_note_kilt_v316.md,0fdb4004cc378b066f170eedf905c93a,3348,body-v3.16/print_note_kilt_v316.md
body-v3.21/print_note_snout_v310.md,8c28ce33c8014e2a35235021cfe421d2,1461,body-v3.10/print_note_snout_v310.md
body-v3.21/print_note_snout_v311.md,9e46a723542d0793ff9f75be43a9b93f,2029,body-v3.11/print_note_snout_v311.md
body-v3.21/print_note_snout_v312.md,c45bac8778b151145198787bdf6e0062,1827,body-v3.12/print_note_snout_v312.md
body-v3.21/print_sheet_body_v38.md,face3494b2f0898c92d4de88aa098edc,6733,body-v3.10/print_sheet_body_v38.md
body-v3.21/print_sheet_head.md,ac0500e69043b84dbd57f7204b995982,3511,body-v3.10/print_sheet_head.md
body-v3.21/print_sheet_head_v36.md,6ac4c2094ed80fd60fd094d5b6ead7f8,3683,body-v3.10/print_sheet_head_v36.md
body-v3.21/print_sheet_head_v37.md,e9fbab93227e450a8c099f93fd6ea65b,5234,body-v3.10/print_sheet_head_v37.md
body-v3.21/print_sheet_head_v38.md,1bd44b955d22ea2e13d00bf05d107d31,5698,body-v3.10/print_sheet_head_v38.md
body-v3.21/print_sheet_head_v39.md,be1e14d15b9f562fb02da2a9853dbef9,5766,body-v3.10/print_sheet_head_v39.md
body-v3.21/servo_choice.md,316473d63f90ad6a5649462db90ee4c3,7062,body-v3.1/servo_choice.md
body-v3.21/snout_print_report_v310.json,4bf50103ac3941a34a8e642e795d6244,1079,body-v3.10/snout_print_report_v310.json
body-v3.21/snout_print_report_v311.json,3a2a461ef0f6fd92fab4a720d1521a76,1010,body-v3.11/snout_print_report_v311.json
body-v3.21/snout_print_report_v312.json,777e230a1c3e92c7a47d5c5b7220e6ad,918,body-v3.12/snout_print_report_v312.json
body-v3.21/torso_env_v34.json,bda31ea296b814d3685d260d29f3e20f,36249,body-v3.10/torso_env_v34.json
body-v3.21/torso_env_v36.json,8b9d02fce005d442335cfb062533af58,54421,body-v3.10/torso_env_v36.json
body-v3.21/torso_env_v38.json,687e14f2e4e89bf21a99087d015075c6,54455,body-v3.10/torso_env_v38.json
body-v3.21/wall_v316_wig_ref.json,da76d2f347b1e63a64657da82a9b63a9,229,body-v3.17/wall_v316_wig_ref.json
body-v3.21/wall_v317.json,9a56d2bc81b85bf45a7a5b2ef12f0c2b,227,body-v3.17/wall_v317.json
body-v3.21/wall_v318.json,8a58771e7725eb91575b2ee5d5f624b9,226,body-v3.18/wall_v318.json
body-v3.21/wall_v319.json,157779f9e5124b4b3dbd7b14b49fd287,226,body-v3.19/wall_v319.json
body-v3.21/wall_v320.json,5dec19b66934cea85dd96c36a283b115,226,body-v3.20/wall_v320.json
body-v3.21/wall_v321.json,a493b5556d52663136969869fdd431dd,228,body-v3.21/wall_v321.json
body-v3.21/measure/photo_measure.json,5832cf5aab493edae31cd598e050fc53,2746,body-v3/measure/photo_measure.json
body-v3.21/measure/snout_taper_v312.json,36dde250b844c6de6e65956251b874de,1330,body-v3.12/measure/snout_taper_v312.json
body-v3.21/measure/targets.json,7b665a9c4ecd33771be6d5312f1cfcdb,5282,body-v3/measure/targets.json
body-v3.21/measure/v31_measure.json,7770567faa6c6ee5ce5e18b1da51c474,1121,body-v3.1/measure/v31_measure.json
body-v3.21/measure/v32_measure.json,852640a3181a17ea81aee224e86ac5f7,979,body-v3.10/measure/v32_measure.json
body-v3.21/measure/v32_neck_scale.json,14486360543aa63b349b95440d1f1729,914,body-v3.10/measure/v32_neck_scale.json
body-v3.21/measure/v33_head_size.json,fc2bb9834c1e56d00aff074751409e63,968,body-v3.10/measure/v33_head_size.json
body-v3.21/measure/v33_head_size_overlay.json,f59662c96f18842e63e50af4d4cb1315,567,body-v3.10/measure/v33_head_size_overlay.json
body-v3.21/measure/v33_neck_scale.json,e40e7e3d179e145a736191fd39b80f52,368,body-v3.10/measure/v33_neck_scale.json
body-v3.21/measure319/iou_v318.json,479e9d0e0a858c996d286c9f83753d7f,801,body-v3.19/measure319/iou_v318.json
body-v3.21/measure319/iou_v319.json,6834cf8c196fae3875b56aec31675659,799,body-v3.19/measure319/iou_v319.json
body-v3.21/measure319/iou_v320.json,359608708d417279476b7ab6976694cd,801,body-v3.20/measure319/iou_v320.json
body-v3.21/measure319/iou_v321.json,b9fe0ae29db8389520bb6955d045764e,801,body-v3.21/measure319/iou_v321.json
body-v3.21/measure319/iou_vA.json,d7bd6880bcf70f4254379da801fd97a1,802,body-v3.21/measure319/iou_vA.json
body-v3.21/measure319/iou_vB.json,36d9c7f47d573af99d07fbab3b5714fe,800,body-v3.21/measure319/iou_vB.json
body-v3.21/measure319/iou_vC.json,171d93fe7b3d7295441107ab4a4af2b1,801,body-v3.21/measure319/iou_vC.json
body-v3.21/measure319/iou_vD.json,550dad6797cb9e08700a999a10ef410b,800,body-v3.21/measure319/iou_vD.json
body-v3.21/measure319/iou_vE.json,c79f0c5104951d5ca124b73c1b4eb43f,801,body-v3.21/measure319/iou_vE.json
body-v3.21/measure319/iou_vF.json,b074a4b302685a0d2d82dd062518cf8b,802,body-v3.21/measure319/iou_vF.json
body-v3.21/sim/README.md,5a2184fcce272380e8a22600e08816c1,13351,body-v3.10/sim/README.md
body-v3.21/sim/arm_heat_v2.json,bc311c1775b81c9405219b9bbff5ec13,4223,body-v3/sim/arm_heat_v2.json
body-v3.21/sim/arm_heat_v3.json,07b5df779e4043a927a2b4d6fb21639a,4222,body-v3.10/sim/arm_heat_v3.json
body-v3.21/sim/compare_stock_v2_v3.json,0ed3b329d48797a6244eeffa2d5fde08,3805,body-v3/sim/compare_stock_v2_v3.json
body-v3.21/sim/compare_stock_v2_v3.md,895225c90e71fdfa98f1516ec893a8b1,2949,body-v3/sim/compare_stock_v2_v3.md
body-v3.21/sim/compare_v311_v312.json,3473272bc00ed7d7bd1011e4668be807,3275,body-v3.12/sim/compare_v311_v312.json
body-v3.21/sim/compare_v311_v312.md,22edbe199a0bd1aadce75c39aed27780,1921,body-v3.12/sim/compare_v311_v312.md
body-v3.21/sim/compare_v312_v313.json,5dd49cf449e49debec85c42ab559d377,3276,body-v3.13/sim/compare_v312_v313.json
body-v3.21/sim/compare_v312_v313.md,b8d569cdec4a0b4d85e633e1fad8d729,1922,body-v3.13/sim/compare_v312_v313.md
body-v3.21/sim/compare_v313_v314.json,5ee81ca0f77cf165bdf818892ffd6dca,3276,body-v3.14/sim/compare_v313_v314.json
body-v3.21/sim/compare_v313_v314.md,6283c46bebaa7397b4d96d193bfc9c77,1922,body-v3.14/sim/compare_v313_v314.md
body-v3.21/sim/compare_v314_v315.json,ae355b8cf1a564bbec7efc7eb413a87a,3275,body-v3.15/sim/compare_v314_v315.json
body-v3.21/sim/compare_v314_v315.md,5022aaec37e2cbfffaaa0ffda9155353,1921,body-v3.15/sim/compare_v314_v315.md
body-v3.21/sim/compare_v315_v316.json,05b068e032c61b44a735110dd68d824f,3275,body-v3.16/sim/compare_v315_v316.json
body-v3.21/sim/compare_v315_v316.md,7f3d98d608546dfa4b151456866195a1,1921,body-v3.16/sim/compare_v315_v316.md
body-v3.21/sim/compare_v316_v317.json,89fc00addd46ac4183394325d465c0b6,3276,body-v3.17/sim/compare_v316_v317.json
body-v3.21/sim/compare_v316_v317.md,83688af2bb79fc2348ba36b5274ba16a,1922,body-v3.17/sim/compare_v316_v317.md
body-v3.21/sim/compare_v317_v318.json,ad0dc738bc0a716df0978250c0782c47,3276,body-v3.18/sim/compare_v317_v318.json
body-v3.21/sim/compare_v317_v318.md,e48cf4f4e269a3976efa4d3045ee151b,1922,body-v3.18/sim/compare_v317_v318.md
body-v3.21/sim/compare_v318_v319.json,0e65f3737cf34fa7999880e013a7cd91,3274,body-v3.19/sim/compare_v318_v319.json
body-v3.21/sim/compare_v318_v319.md,c4243a4bef93963eaf6f9b4f77832ff6,1920,body-v3.19/sim/compare_v318_v319.md
body-v3.21/sim/compare_v319_v320.json,bab95bb7d04ef783644b5849d6af0ea4,3274,body-v3.20/sim/compare_v319_v320.json
body-v3.21/sim/compare_v319_v320.md,c75a6c9adff1c572d18b39ed317b99e8,1920,body-v3.20/sim/compare_v319_v320.md
body-v3.21/sim/compare_v31_v32.json,c51ae2424f05c1ab5562ee15e9b2965f,3254,body-v3.10/sim/compare_v31_v32.json
body-v3.21/sim/compare_v31_v32.md,644ebfad4fb06dc032148c27094bee2c,1939,body-v3.10/sim/compare_v31_v32.md
body-v3.21/sim/compare_v320_v321.json,7c5080f5760645a1aef606488f8d7e1c,3275,body-v3.21/sim/compare_v320_v321.json
body-v3.21/sim/compare_v320_v321.md,46a012e37a610a9fa3786dc1fb72d54b,1921,body-v3.21/sim/compare_v320_v321.md
body-v3.21/sim/compare_v32_v33.json,a6b9c313414ce0741dcde7c80ce064a7,3255,body-v3.10/sim/compare_v32_v33.json
body-v3.21/sim/compare_v32_v33.md,de11b2bed04349fe3059fe2af1f01f8d,1861,body-v3.10/sim/compare_v32_v33.md
body-v3.21/sim/compare_v33_v34.json,9970e48ff8444752844c36261fdbc8a7,3255,body-v3.10/sim/compare_v33_v34.json
body-v3.21/sim/compare_v33_v34.md,1bee2d057cf0af55e9285ae39642e0d4,1861,body-v3.10/sim/compare_v33_v34.md
body-v3.21/sim/compare_v34_v35.json,15b209ba528bca78169f2c308cc5a0c0,3263,body-v3.10/sim/compare_v34_v35.json
body-v3.21/sim/compare_v34_v35.md,e7b150ed0f30c20b731c9a2ac12058d0,2289,body-v3.10/sim/compare_v34_v35.md
body-v3.21/sim/compare_v35_v36.json,91ae3e17f2ce269016d61be082636f3e,3272,body-v3.10/sim/compare_v35_v36.json
body-v3.21/sim/compare_v35_v36.md,ada8c03eeb0156deaac729f93149e461,2344,body-v3.10/sim/compare_v35_v36.md
body-v3.21/sim/compare_v36_v37.json,3e11a3460b142718d63652a501df696e,3271,body-v3.10/sim/compare_v36_v37.json
body-v3.21/sim/compare_v36_v37.md,fda6c06c3d45610df1ba016b41b4ba7b,2405,body-v3.10/sim/compare_v36_v37.md
body-v3.21/sim/compare_v37_v38.json,1276986b406e998977d666daa157cf71,3272,body-v3.10/sim/compare_v37_v38.json
body-v3.21/sim/compare_v37_v38.md,f8a800c1b0a12f6fdc9a81f7131ee562,1915,body-v3.10/sim/compare_v37_v38.md
body-v3.21/sim/compare_v38_v39.json,5a057226cca27472ecf7125a724e8082,3274,body-v3.10/sim/compare_v38_v39.json
body-v3.21/sim/compare_v38_v39.md,dc30e35f4edbde2136c3daf04fc04bcc,1917,body-v3.10/sim/compare_v38_v39.md
body-v3.21/sim/compare_v39_v310.json,8d43b630f2580e8ba95a586df3f3d406,3275,body-v3.10/sim/compare_v39_v310.json
body-v3.21/sim/compare_v39_v310.md,03dd6304ccf2ba5f39991cdadfafd6c8,1921,body-v3.10/sim/compare_v39_v310.md
body-v3.21/sim/compare_v39_v311.json,bf0d8a9069f17dfd3c90f0ae651cbc80,3274,body-v3.11/sim/compare_v39_v311.json
body-v3.21/sim/compare_v39_v311.md,504094156e0454adb92ca4e51fd97da2,1920,body-v3.11/sim/compare_v39_v311.md
body-v3.21/sim/compare_v3_v31.json,7e29f9219c9b23c6c5982ab3a1a89db3,2829,body-v3.1/sim/compare_v3_v31.json
body-v3.21/sim/compare_v3_v31.md,175081c021dce15c7e987872af0ac43f,1611,body-v3.1/sim/compare_v3_v31.md
body-v3.21/sim/gen317.log,d1364dfc1ced2a5a433641ee9c86e977,799,body-v3.17/sim/gen317.log
body-v3.21/sim/gen318.log,4b275951c1b9a0045efd57346cbaa4f8,799,body-v3.18/sim/gen318.log
body-v3.21/sim/gen319.log,be94467370eae037352b4abf64edbf77,799,body-v3.19/sim/gen319.log
body-v3.21/sim/gen320.log,01f6e4df684b699877f852a33ff39cd7,799,body-v3.20/sim/gen320.log
body-v3.21/sim/gen321.log,ae571bc102c23cd0c8536fcd586466e1,798,body-v3.21/sim/gen321.log
body-v3.21/sim/mass_report_v3.json,a18f035080f9dd44ec818f86e25a3e55,13478,body-v3.21/sim/mass_report_v3.json
body-v3.21/sim/plot_compare.png,2457a623d2f320f37f590b6d2c9af28b,58887,body-v3/sim/plot_compare.png
body-v3.21/sim/results_v3.json,9376232a72512e604ebf34cf3b0762df,7731,body-v3.21/sim/results_v3.json
body-v3.21/sim/results_v3_8pct.json,cb25e47bae840299a65617cae6694f56,7820,body-v3.11/sim/results_v3_8pct.json
body-v3.21/sim/results_v3_snout10pct.json,103a1aed6577f64926a156f4fcbe8328,7823,body-v3.11/sim/results_v3_snout10pct.json
body-v3.21/sim/rt317.log,734339dad8e117eede012b875d819072,2997,body-v3.17/sim/rt317.log
body-v3.21/sim/rt318.log,247bdf8654fc2b7269fc35245609c6e0,2996,body-v3.18/sim/rt318.log
body-v3.21/sim/rt319.log,324a9b3cec0b51d6489bf0504706f4e2,2991,body-v3.19/sim/rt319.log
body-v3.21/sim/rt320.log,bfbbed9c401c39dd1f62267c258aa1e3,2994,body-v3.20/sim/rt320.log
body-v3.21/sim/rt321.log,36d43d52b591c139eee4e8047522c9ce,2996,body-v3.21/sim/rt321.log
body-v3.21/sim/sweep319.txt,278100be8b4725996bbdeb59fc299feb,345,body-v3.19/sim/sweep319.txt
body-v3.21/sim/walk_refine_eff_v32.json,c8201391328afc939348d18b9ed6f189,158,body-v3.19/sim/walk_refine_eff_v32.json
body-v3.21/sim/walk_refine_v32.json,86005b030925ca54a212340d46684d16,156,body-v3.21/sim/walk_refine_v32.json
body-v3.21/sim/walk_v3.json,01446e40422c7d46429c72ec2607530b,3036,body-v3.21/sim/walk_v3.json
body-v3.21/sim/walk_v3_eff.json,3ce6d50a38fd9906f253a17dd746cce3,3047,body-v3.21/sim/walk_v3_eff.json
body-v3.21/sim/walk_v3_eff_noref.json,ebaa41acfaaef3b24dc77ab83db09f93,3101,body-v3.10/sim/walk_v3_eff_noref.json
body-v3.21/sim/walk_v3_noref.json,85f5f335181e839cfdc2d627ecca5d32,3095,body-v3.10/sim/walk_v3_noref.json
body-v3.21/sim/walk_v3_prerefine_v310.json,09d03ddff2a0a115af858a30f0934a7e,3038,body-v3.10/sim/walk_v3_prerefine_v310.json
body-v3.21/sim/we317.log,909b74c0ea465803e8271ca953cb24d3,126,body-v3.17/sim/we317.log
body-v3.21/sim/we318.log,cf4768c1657856fc40fa2c919d66ea86,127,body-v3.18/sim/we318.log
body-v3.21/sim/we319.log,3f677b2656f761d6d36a48d6fef04cbf,126,body-v3.19/sim/we319.log
body-v3.21/sim/we320.log,ce08323dee1e373fba90bff4e78c5694,127,body-v3.20/sim/we320.log
body-v3.21/sim/we321.log,20ed21b95713999ae818935943e788df,125,body-v3.21/sim/we321.log
body-v3.21/sim/we321b.log,e45662280140f094d9074850f66b1e0c,127,body-v3.21/sim/we321b.log
body-v3.21/sim/wee317.log,7656cb072a79947613d2fb1b6f43d853,127,body-v3.17/sim/wee317.log
body-v3.21/sim/wee318.log,5190b6cd46b96e2cbaf59dc74937c829,127,body-v3.18/sim/wee318.log
body-v3.21/sim/wee319.log,e1617f52cb38131115c93a6a9b087131,129,body-v3.19/sim/wee319.log
body-v3.21/sim/wee320.log,1ef65b3d0c0e312f23a72c1397253066,128,body-v3.20/sim/wee320.log
body-v3.21/sim/wee321.log,c8c36be5dd14eb9890d464c9f4530c99,128,body-v3.21/sim/wee321.log
body-v3.21/sim/wr317.log,7aabad450d8fee0e5cf88845890bc832,549,body-v3.17/sim/wr317.log
body-v3.21/sim/wr318.log,7e3296c6912b1ea3665e1eecf625a1fa,550,body-v3.18/sim/wr318.log
body-v3.21/sim/wr319.log,ec71d90097784f9358b910a600739de9,546,body-v3.19/sim/wr319.log
body-v3.21/sim/wr321.log,9c5746707350699dfcddcafbe5fa9862,556,body-v3.21/sim/wr321.log
body-v3.21/sim/wr321b.log,6f26a7b15ab047e6ae1b24ac2760b222,549,body-v3.21/sim/wr321b.log
body-v3.21/sim/wre319.log,5dc35f4200037d2feeaab949c4f83421,548,body-v3.19/sim/wre319.log
body-v3.21/sim/wre319b.log,27e94bc650d92537dfcb31ffd6dabc89,549,body-v3.19/sim/wre319b.log
body-v3.21/sim/bak_pre_refine_v321/walk_v3.json,0055f98ff5456996a89676396b445f70,3031,body-v3.21/sim/bak_pre_refine_v321/walk_v3.json
body-v3.21/sim/v310_ref/arm_heat_v3.json,07b5df779e4043a927a2b4d6fb21639a,4222,body-v3.10/sim/arm_heat_v3.json
body-v3.21/sim/v310_ref/results_v3.json,2370068638410dd3864dd3c892cd6a3b,7823,body-v3.10/sim/results_v3.json
body-v3.21/sim/v310_ref/walk_v3.json,e9d78c042a9e739225f3023ca5bd64dd,3038,body-v3.10/sim/walk_v3.json
body-v3.21/sim/v310_ref/walk_v3_eff.json,1e744e11cd7023f86b9f07eff160bb5d,3038,body-v3.10/sim/walk_v3_eff.json
body-v3.21/sim/v311_ref/arm_heat_v3.json,07b5df779e4043a927a2b4d6fb21639a,4222,body-v3.10/sim/arm_heat_v3.json
body-v3.21/sim/v311_ref/results_v3.json,859125992a19eb68d7b6dfc8772bce89,7823,body-v3.11/sim/results_v3.json
body-v3.21/sim/v311_ref/walk_v3.json,4af9789103d25cb741517657b5fde163,3031,body-v3.11/sim/walk_v3.json
body-v3.21/sim/v311_ref/walk_v3_eff.json,90de5e2d159d49e1a165ee89674e8272,3049,body-v3.11/sim/walk_v3_eff.json
body-v3.21/sim/v312_ref/arm_heat_v3.json,07b5df779e4043a927a2b4d6fb21639a,4222,body-v3.10/sim/arm_heat_v3.json
body-v3.21/sim/v312_ref/results_v3.json,5424004f332c0e8e99cd9a8ec70d033e,7823,body-v3.12/sim/results_v3.json
body-v3.21/sim/v312_ref/walk_v3.json,6813456c6d543b75d9ce3378cc7ec76d,3035,body-v3.12/sim/walk_v3.json
body-v3.21/sim/v312_ref/walk_v3_eff.json,da1bc95efaa4f87cffc8d4173df08fb6,3048,body-v3.12/sim/walk_v3_eff.json
body-v3.21/sim/v314_ref/arm_heat_v3.json,07b5df779e4043a927a2b4d6fb21639a,4222,body-v3.10/sim/arm_heat_v3.json
body-v3.21/sim/v314_ref/results_v3.json,5ff19fd27ab58cd5229b75f149e29603,7823,body-v3.14/sim/results_v3.json
body-v3.21/sim/v314_ref/walk_v3.json,1e30876edb5e0bee39df59123740079d,3036,body-v3.14/sim/walk_v3.json
body-v3.21/sim/v314_ref/walk_v3_eff.json,c116a8d3fe477f01a98b8bb54dabfa7f,3045,body-v3.14/sim/walk_v3_eff.json
body-v3.21/sim/v315_ref/arm_heat_v3.json,07b5df779e4043a927a2b4d6fb21639a,4222,body-v3.10/sim/arm_heat_v3.json
body-v3.21/sim/v315_ref/results_v3.json,b313775a19af5f0e29ea8d9ae9575fe6,7822,body-v3.15/sim/results_v3.json
body-v3.21/sim/v315_ref/walk_v3.json,c985f9e94b78a0fe370d07b3b066741c,3031,body-v3.15/sim/walk_v3.json
body-v3.21/sim/v315_ref/walk_v3_eff.json,ffd36628ae1263713261beaf6e10d638,3039,body-v3.15/sim/walk_v3_eff.json
body-v3.21/sim/v316_ref/arm_heat_v3.json,07b5df779e4043a927a2b4d6fb21639a,4222,body-v3.10/sim/arm_heat_v3.json
body-v3.21/sim/v316_ref/results_v3.json,24e44ae5ede579cf27e9c59f3e91a5de,7775,body-v3.16/sim/results_v3.json
body-v3.21/sim/v316_ref/walk_v3.json,204d18347ae73d7c7dea42312c01ae3f,3036,body-v3.16/sim/walk_v3.json
body-v3.21/sim/v316_ref/walk_v3_eff.json,fbf1db72d2d067b3cd3d9ac1219e6d20,3040,body-v3.16/sim/walk_v3_eff.json
body-v3.21/sim/v317_ref/arm_heat_v3.json,07b5df779e4043a927a2b4d6fb21639a,4222,body-v3.10/sim/arm_heat_v3.json
body-v3.21/sim/v317_ref/results_v3.json,935d6addfe550f20e12c8b793636fe96,7778,body-v3.17/sim/results_v3.json
body-v3.21/sim/v317_ref/walk_v3.json,0514cc614c854751602a29fa12e9d12f,3035,body-v3.17/sim/walk_v3.json
body-v3.21/sim/v317_ref/walk_v3_eff.json,bf910ab795ecc5688ba847d99747c920,3035,body-v3.17/sim/walk_v3_eff.json
body-v3.21/sim/v318_ref/arm_heat_v3.json,07b5df779e4043a927a2b4d6fb21639a,4222,body-v3.10/sim/arm_heat_v3.json
body-v3.21/sim/v318_ref/results_v3.json,b574dd55b92c2a33487ba4df1b2c8382,7730,body-v3.18/sim/results_v3.json
body-v3.21/sim/v318_ref/walk_v3.json,33e5b5229a31a9aab20310892ef2c5a7,3033,body-v3.18/sim/walk_v3.json
body-v3.21/sim/v318_ref/walk_v3_eff.json,b7f747d38a4ab2f7f6855d9d19724dda,3041,body-v3.18/sim/walk_v3_eff.json
body-v3.21/sim/v319_ref/arm_heat_v3.json,07b5df779e4043a927a2b4d6fb21639a,4222,body-v3.10/sim/arm_heat_v3.json
body-v3.21/sim/v319_ref/results_v3.json,b6381dfeaa6b0f3c7fda067dc519bbf6,7719,body-v3.19/sim/results_v3.json
body-v3.21/sim/v319_ref/walk_v3.json,2befac91b8fb900a116412d9eb360ef1,3040,body-v3.19/sim/walk_v3.json
body-v3.21/sim/v319_ref/walk_v3_eff.json,958b7e2ebedc49ce3e3f984ed44e4648,3043,body-v3.19/sim/walk_v3_eff.json
body-v3.21/sim/v31_ref/arm_heat_v3.json,2126fcc62fd7d3c396dcb7770419204a,4220,body-v3.1/sim/arm_heat_v3.json
body-v3.21/sim/v31_ref/mass_report_v3.json,b22177cef249a8bc99fcb2f57bb05878,12902,body-v3.1/sim/mass_report_v3.json
body-v3.21/sim/v31_ref/results_v3.json,510d1456468455e8152b440555672307,8029,body-v3.1/sim/results_v3.json
body-v3.21/sim/v31_ref/walk_v3.json,21a198ab40b540b4e3398bd7bdd66988,3094,body-v3.1/sim/walk_v3.json
body-v3.21/sim/v31_ref/walk_v3_eff.json,031ec90a823c37124efb0f9b271545e0,3102,body-v3.1/sim/walk_v3_eff.json
body-v3.21/sim/v320_ref/arm_heat_v3.json,07b5df779e4043a927a2b4d6fb21639a,4222,body-v3.10/sim/arm_heat_v3.json
body-v3.21/sim/v320_ref/results_v3.json,a3f76d9df0efa840ce3eedc394c67c25,7725,body-v3.20/sim/results_v3.json
body-v3.21/sim/v320_ref/walk_v3.json,3c60ae1fab664f989b79e69f90a262b8,3041,body-v3.20/sim/walk_v3.json
body-v3.21/sim/v320_ref/walk_v3_eff.json,03eb5773b7046ab0d35d27298ebcb3a6,3042,body-v3.20/sim/walk_v3_eff.json
body-v3.21/sim/v32_ref/arm_heat_v3.json,07b5df779e4043a927a2b4d6fb21639a,4222,body-v3.10/sim/arm_heat_v3.json
body-v3.21/sim/v32_ref/results_v3.json,691b926aea221e63317388971ca903f7,8023,body-v3.10/sim/v32_ref/results_v3.json
body-v3.21/sim/v32_ref/walk_refine_v32.json,0648267fc7b09edeaa65985c0b4db260,157,body-v3.10/sim/v32_ref/walk_refine_v32.json
body-v3.21/sim/v32_ref/walk_v3.json,120423616b57938b7fd7672da7ad00f6,3165,body-v3.10/sim/v32_ref/walk_v3.json
body-v3.21/sim/v32_ref/walk_v3_eff.json,0860666c2fb00c61803ca5cf38d8cf2e,3103,body-v3.10/sim/v32_ref/walk_v3_eff.json
body-v3.21/sim/v33_ref/arm_heat_v3.json,07b5df779e4043a927a2b4d6fb21639a,4222,body-v3.10/sim/arm_heat_v3.json
body-v3.21/sim/v33_ref/results_v3.json,1f5b949f70ea6f2d2ca68c339ea885bb,8028,body-v3.10/sim/v33_ref/results_v3.json
body-v3.21/sim/v33_ref/walk_v3.json,135fd3eba247694b2d0455b05c2b1ed0,3154,body-v3.10/sim/v33_ref/walk_v3.json
body-v3.21/sim/v33_ref/walk_v3_eff.json,07f206d2b718406f84a80514363a0894,3163,body-v3.10/sim/v33_ref/walk_v3_eff.json
body-v3.21/sim/v34_ref/arm_heat_v3.json,07b5df779e4043a927a2b4d6fb21639a,4222,body-v3.10/sim/arm_heat_v3.json
body-v3.21/sim/v34_ref/results_v3.json,daa3ef05a96a0d46bbace841296e31c6,8020,body-v3.10/sim/v34_ref/results_v3.json
body-v3.21/sim/v34_ref/walk_v3.json,7f1ce820d388e0e41ba3dfc2c5faba4a,3155,body-v3.10/sim/v34_ref/walk_v3.json
body-v3.21/sim/v34_ref/walk_v3_eff.json,4ea2b63d0b9eba2faa54ba882cf92f93,3160,body-v3.10/sim/v34_ref/walk_v3_eff.json
body-v3.21/sim/v36_ref/arm_heat_v3.json,07b5df779e4043a927a2b4d6fb21639a,4222,body-v3.10/sim/arm_heat_v3.json
body-v3.21/sim/v36_ref/results_v3.json,6d09c34dcdbeb0ab1721a3015ed869a3,7773,body-v3.10/sim/v36_ref/results_v3.json
body-v3.21/sim/v36_ref/walk_v3.json,38bcf54acd4ca8bbf675993d585329f0,3039,body-v3.10/sim/v36_ref/walk_v3.json
body-v3.21/sim/v36_ref/walk_v3_eff.json,31b8a828b14afc9f5d317ef29cfbe9a9,3042,body-v3.10/sim/v36_ref/walk_v3_eff.json
body-v3.21/sim/v37_ref/arm_heat_v3.json,07b5df779e4043a927a2b4d6fb21639a,4222,body-v3.10/sim/arm_heat_v3.json
body-v3.21/sim/v37_ref/results_v3.json,e28526abee73fc3f1f2ce8a8893f87ae,7780,body-v3.10/sim/v37_ref/results_v3.json
body-v3.21/sim/v37_ref/walk_v3.json,33671a750fd7dce386401bce59f686a8,3032,body-v3.10/sim/v37_ref/walk_v3.json
body-v3.21/sim/v37_ref/walk_v3_eff.json,7be0f1960d01f0a3b80fb0f12f58de19,3043,body-v3.10/sim/v37_ref/walk_v3_eff.json
body-v3.21/sim/v38_ref/arm_heat_v3.json,07b5df779e4043a927a2b4d6fb21639a,4222,body-v3.10/sim/arm_heat_v3.json
body-v3.21/sim/v38_ref/results_v3.json,db7c5b8b22483b4f91eb46d530353928,7824,body-v3.10/sim/v38_ref/results_v3.json
body-v3.21/sim/v38_ref/walk_v3.json,fee45989bdaf3ab94dcabed25b50e7bb,3039,body-v3.10/sim/v38_ref/walk_v3.json
body-v3.21/sim/v38_ref/walk_v3_eff.json,228f2964c6705f80ebc7366edb2f0317,3043,body-v3.10/sim/v38_ref/walk_v3_eff.json
body-v3.21/sim/v39_ref/arm_heat_v3.json,07b5df779e4043a927a2b4d6fb21639a,4222,body-v3.10/sim/arm_heat_v3.json
body-v3.21/sim/v39_ref/results_v3.json,6603ecb5509ca86206a169ce15811895,7824,body-v3.10/sim/v39_ref/results_v3.json
body-v3.21/sim/v39_ref/walk_v3.json,8fc65df0a06c89e667c1c6d739d66c3c,3033,body-v3.10/sim/v39_ref/walk_v3.json
body-v3.21/sim/v39_ref/walk_v3_eff.json,79767a0ef34301f4d5f02ac4e2c255bf,3042,body-v3.10/sim/v39_ref/walk_v3_eff.json
body-v3.21/sim/v3_ref/arm_heat_v3.json,24f0f1621b09d575497b233327d5af34,4223,body-v3/sim/arm_heat_v3.json
body-v3.21/sim/v3_ref/results_v3.json,e91a5d8c46c37b6547966407c5d77848,8025,body-v3/sim/results_v3.json
body-v3.21/sim/v3_ref/walk_v3.json,f6dfc33626937c34a72b551e33684da3,3337,body-v3/sim/walk_v3.json
body-v3.21/sim/v3_ref/walk_v3_eff.json,394deba9fbf961cf5d88aae40d78c2e6,3347,body-v3/sim/walk_v3_eff.json
body-v3.22/README.md,65c2e177b5412a5e63ba38b5190edbde,6101,body-v3.10/README.md
body-v3.22/README_v3.md,d5dfb182350ce2de808eda08cc549acc,8398,body-v3/README.md
body-v3.22/README_v31.md,62cf5740b1281b505a1e2bb98d536030,8478,body-v3.1/README.md
body-v3.22/README_v310.md,8da2f237ff36b44d0add847660514f13,3734,body-v3.10/README_v310.md
body-v3.22/README_v311.md,00e8e1e244dfd4deb11e26e2ae98012f,4189,body-v3.11/README_v311.md
body-v3.22/README_v312.md,1661c05da47e75ae5678be1a9513648e,4010,body-v3.12/README_v312.md
body-v3.22/README_v313.md,60beb427e39b3057b625d7c402153ecd,3338,body-v3.13/README_v313.md
body-v3.22/README_v314.md,c06f881a9d452d57268625b05f4b8850,3978,body-v3.14/README_v314.md
body-v3.22/README_v315.md,e6dcd0fd62eb3f59d02bf840e1d59599,2771,body-v3.15/README_v315.md
body-v3.22/README_v316.md,af2d2b48ebd64516bfe0f1dd61b28da7,6517,body-v3.16/README_v316.md
body-v3.22/README_v317.md,08d1cd9d822124621f017e9b62a01692,4494,body-v3.17/README_v317.md
body-v3.22/README_v318.md,0af4e594f70c70c582978e26dba2fd10,4575,body-v3.18/README_v318.md
body-v3.22/README_v319.md,9cab512e2cc660ed2cc713091882f107,5665,body-v3.19/README_v319.md
body-v3.22/README_v32.md,36d5079dfd7d10c4ca271706c936cf5a,12057,body-v3.10/README_v32.md
body-v3.22/README_v320.md,1bd93ec87a4a978fead0c396fc582328,2026,body-v3.20/README_v320.md
body-v3.22/README_v321.md,940bbfbf636a75d9a05673bb9bf46acc,2892,body-v3.21/README_v321.md
body-v3.22/README_v322.md,d0144fa82487f3971e9f5466b74ae3bc,2977,body-v3.22/README_v322.md
body-v3.22/README_v33.md,6752bb01dae32e530a285e330f4d5770,5164,body-v3.10/README_v33.md
body-v3.22/README_v34.md,b512057a38e8cd7dd3ee07219c058e51,2623,body-v3.10/README_v34.md
body-v3.22/README_v35.md,7d8c481c42edc18f57b68b7bcea44345,2418,body-v3.10/README_v35.md
body-v3.22/README_v36.md,756af93fbf80b2ee9e5fee1458509d98,2438,body-v3.10/README_v36.md
body-v3.22/README_v38.md,ed0092856c928668efe6274c4752d7c2,4651,body-v3.10/README_v38.md
body-v3.22/README_v39.md,93f974e23db0965ce50120ba22d3dfaf,4818,body-v3.10/README_v39.md
body-v3.22/armsweep_v316.json,1f5aeabfa91da235aef6d943587fcf20,232,body-v3.16/armsweep_v316.json
body-v3.22/armsweep_v317.json,64745441dcb259065e67e21ae09ffab6,1203,body-v3.17/armsweep_v317.json
body-v3.22/armsweep_v318.json,5ae60717248b7264e1f67c1252ce79a5,1198,body-v3.18/armsweep_v318.json
body-v3.22/armsweep_v319.json,8c6d5a5f572ff5fabd1bbab9856ddf11,1230,body-v3.19/armsweep_v319.json
body-v3.22/armsweep_v320.json,9cf76322dae0716251c9d43d851284dd,992,body-v3.20/armsweep_v320.json
body-v3.22/armsweep_v321.json,185ddf1d621c09dea5d35968652520a9,790,body-v3.21/armsweep_v321.json
body-v3.22/armsweep_v322.json,1c2b3fd30dfdab42e8c6f9655d7801af,990,body-v3.22/armsweep_v322.json
body-v3.22/bom_v35.md,54e414cced6d75762caa12cba76d0d40,1012,body-v3.10/bom_v35.md
body-v3.22/build_report.json,3c08239c078593b51d293cace8ec1a27,19929,body-v3.10/build_report.json
body-v3.22/changed_parts_v36_to_v37.json,a9a41d7c46a2ad62fed49408f90e4b29,1338,body-v3.10/changed_parts_v36_to_v37.json
body-v3.22/changed_parts_v37_to_v38.json,49ae233dc0c85f386397a6f0a52f4f9a,6172,body-v3.10/changed_parts_v37_to_v38.json
body-v3.22/changed_parts_v38_to_v39.json,d3cd5cdf0f50ea6407e39f2225cef809,6381,body-v3.10/changed_parts_v38_to_v39.json
body-v3.22/collide_head_v310.json,e25c6464886e09f567ee551e6f338f74,2142,body-v3.10/collide_head_v310.json
body-v3.22/collide_head_v311.json,e25c6464886e09f567ee551e6f338f74,2142,body-v3.10/collide_head_v310.json
body-v3.22/collide_head_v312.json,e25c6464886e09f567ee551e6f338f74,2142,body-v3.10/collide_head_v310.json
body-v3.22/collide_head_v312_baseline_for_v313.json,9b4637517f3bf949c5067330e618d235,10236,body-v3.13/collide_head_v312_baseline_for_v313.json
body-v3.22/collide_head_v313.json,b49557fdb2e92668b038eff5c1f559b2,10094,body-v3.13/collide_head_v313.json
body-v3.22/collide_head_v314.json,84a15622992a6302ff45de44e07548b2,10324,body-v3.14/collide_head_v314.json
body-v3.22/collide_head_v315.json,3abfd60515fd19ab49ad5e9844607e08,9549,body-v3.15/collide_head_v315.json
body-v3.22/collide_log_v38.txt,9401ea726b306a56955aecbaf3d6525e,4281,body-v3.10/collide_log_v38.txt
body-v3.22/collide_log_v39.txt,9401ea726b306a56955aecbaf3d6525e,4281,body-v3.10/collide_log_v38.txt
body-v3.22/collide_report.json,e6ddd4078834a837f9559a91643465bb,20690,body-v3.10/collide_report.json
body-v3.22/collide_v31_rule_check.json,2cfb89f60ed078067a5b0d563369f90c,129,body-v3.1/collide_v31_rule_check.json
body-v3.22/collide_v32_rule_check.json,005b67a629f7dd1569344a87c0e8df7b,164,body-v3.10/collide_v32_rule_check.json
body-v3.22/crest_valley_v321.json,3f672f077ad7c227637940c3147cf8b7,1542,body-v3.21/crest_valley_v321.json
body-v3.22/crest_valley_v322.json,ace9cd2fe2155ae48ab8593e69f98b44,1392,body-v3.22/crest_valley_v322.json
body-v3.22/fit_v314.json,f8aae41806d01c56389950094ea546d5,320,body-v3.14/fit_v314.json
body-v3.22/grain_report_v37.json,5a4edf3c6aa50baad4295ab4e91f9201,1959,body-v3.22/grain_report_v37.json
body-v3.22/hair_print_report_v313.json,860be9dcc14d271703ad67c23017d1dc,2832,body-v3.13/hair_print_report_v313.json
body-v3.22/hair_print_report_v314.json,a9210bb284841958846ddb4167713788,4794,body-v3.14/hair_print_report_v314.json
body-v3.22/hair_print_report_v315.json,7c5a3f9afea264b52bd3e2841e3c9b82,3652,body-v3.15/hair_print_report_v315.json
body-v3.22/head_print_report.json,79f615cf398723aa2801b3336ef39415,6972,body-v3.10/head_print_report.json
body-v3.22/head_print_report_v315.json,2009b6b02676dc6b96c6dd0d5ffded22,5848,body-v3.15/head_print_report_v315.json
body-v3.22/head_print_report_v316.json,f8e1f5b80ec4e1a19764713305d52d78,3997,body-v3.16/head_print_report_v316.json
body-v3.22/head_print_report_v317.json,fe0ed67ed9be1c640ebe2961c972f159,3397,body-v3.17/head_print_report_v317.json
body-v3.22/head_print_report_v318.json,0c4af57a9b076781b75f49f381e6e2db,3274,body-v3.18/head_print_report_v318.json
body-v3.22/head_print_report_v319.json,19394cee936c19e67eee4e7b4a8bc97a,3164,body-v3.19/head_print_report_v319.json
body-v3.22/head_print_report_v320.json,fc1afe8bee3905b206b2b7456cbb73c3,3165,body-v3.20/head_print_report_v320.json
body-v3.22/head_print_report_v321.json,45ab6961dd3d64dcc06d9b6925a8d9be,3290,body-v3.21/head_print_report_v321.json
body-v3.22/head_print_report_v322.json,40a054a1a377cb70088eb61b6ed08ea3,3312,body-v3.22/head_print_report_v322.json
body-v3.22/head_print_report_v36.json,d33da0d7f147f0bd784709823ca6e9ae,7037,body-v3.10/head_print_report_v36.json
body-v3.22/head_print_report_v37.json,4e0e79baf232a56165080655c08ae618,7733,body-v3.10/head_print_report_v37.json
body-v3.22/head_print_report_v38.json,5d6e16e5fb2414e0bbfca34176d0c3f5,7735,body-v3.10/head_print_report_v38.json
body-v3.22/head_print_report_v39.json,ba2c678786c8b3f4cd8feca3787e75dd,7781,body-v3.10/head_print_report_v39.json
body-v3.22/head_size_v36.json,04f54b55f682598962ff3481a5aba85f,717,body-v3.10/head_size_v36.json
body-v3.22/headrange_v320.json,4d62c8eed17cabb04608f6e91debbee5,916,body-v3.20/headrange_v320.json
body-v3.22/headrange_v320_on_this.json,19e515b29515552d0a4a53fb81da2ac9,913,body-v3.22/headrange_v320_on_this.json
body-v3.22/kilt_check_v316.json,799d097cf52f2f781aee6f772478ae4c,2826,body-v3.16/kilt_check_v316.json
body-v3.22/kilt_check_v316_final_gaits.json,430d99554b945ffe97d090947af9ac02,346,body-v3.16/kilt_check_v316_final_gaits.json
body-v3.22/kilt_print_report_v316.json,7df362561b2ccfefc2eccfe6ae1b03f8,1855,body-v3.16/kilt_print_report_v316.json
body-v3.22/lock_table_v319.md,e055209e989f675cd40a57a2cc4250fc,2047,body-v3.19/lock_table_v319.md
body-v3.22/print_note_hair_v313.md,1e35268b4a671737e912d031e769524e,1665,body-v3.13/print_note_hair_v313.md
body-v3.22/print_note_hair_v314.md,d703f5636f9c988f749d1147171e51e9,2397,body-v3.14/print_note_hair_v314.md
body-v3.22/print_note_hair_v315.md,6a889c9eb945efe71cbd55e83070b248,2211,body-v3.15/print_note_hair_v315.md
body-v3.22/print_note_head_v315.md,b00ab61a458365b15abc38025eeb9024,3040,body-v3.15/print_note_head_v315.md
body-v3.22/print_note_head_v316.md,a4f5d5bc7d9d8ed629a2d852a4c13a00,2664,body-v3.16/print_note_head_v316.md
body-v3.22/print_note_head_v317.md,4688ae5478c06dc314ccd47e767dad95,2703,body-v3.17/print_note_head_v317.md
body-v3.22/print_note_head_v318.md,84654fd7ff87f728f90ca899ef84a8e0,2674,body-v3.18/print_note_head_v318.md
body-v3.22/print_note_head_v319.md,d0467f682f653a81efa0dfad57f3b62c,2611,body-v3.19/print_note_head_v319.md
body-v3.22/print_note_head_v320.md,fb8d40d0d708aecb53cdaab4c505c66a,2785,body-v3.20/print_note_head_v320.md
body-v3.22/print_note_head_v321.md,ed4789b2cfaee2d5338d341f14f4290e,3089,body-v3.21/print_note_head_v321.md
body-v3.22/print_note_head_v322.md,ad4097edd061a164f96d6a5d60ca8ff4,3108,body-v3.22/print_note_head_v322.md
body-v3.22/print_note_kilt_v316.md,0fdb4004cc378b066f170eedf905c93a,3348,body-v3.16/print_note_kilt_v316.md
body-v3.22/print_note_snout_v310.md,8c28ce33c8014e2a35235021cfe421d2,1461,body-v3.10/print_note_snout_v310.md
body-v3.22/print_note_snout_v311.md,9e46a723542d0793ff9f75be43a9b93f,2029,body-v3.11/print_note_snout_v311.md
body-v3.22/print_note_snout_v312.md,c45bac8778b151145198787bdf6e0062,1827,body-v3.12/print_note_snout_v312.md
body-v3.22/print_sheet_body_v38.md,face3494b2f0898c92d4de88aa098edc,6733,body-v3.10/print_sheet_body_v38.md
body-v3.22/print_sheet_head.md,ac0500e69043b84dbd57f7204b995982,3511,body-v3.10/print_sheet_head.md
body-v3.22/print_sheet_head_v36.md,6ac4c2094ed80fd60fd094d5b6ead7f8,3683,body-v3.10/print_sheet_head_v36.md
body-v3.22/print_sheet_head_v37.md,e9fbab93227e450a8c099f93fd6ea65b,5234,body-v3.10/print_sheet_head_v37.md
body-v3.22/print_sheet_head_v38.md,1bd44b955d22ea2e13d00bf05d107d31,5698,body-v3.10/print_sheet_head_v38.md
body-v3.22/print_sheet_head_v39.md,be1e14d15b9f562fb02da2a9853dbef9,5766,body-v3.10/print_sheet_head_v39.md
body-v3.22/servo_choice.md,316473d63f90ad6a5649462db90ee4c3,7062,body-v3.1/servo_choice.md
body-v3.22/snout_print_report_v310.json,4bf50103ac3941a34a8e642e795d6244,1079,body-v3.10/snout_print_report_v310.json
body-v3.22/snout_print_report_v311.json,3a2a461ef0f6fd92fab4a720d1521a76,1010,body-v3.11/snout_print_report_v311.json
body-v3.22/snout_print_report_v312.json,777e230a1c3e92c7a47d5c5b7220e6ad,918,body-v3.12/snout_print_report_v312.json
body-v3.22/torso_env_v34.json,bda31ea296b814d3685d260d29f3e20f,36249,body-v3.10/torso_env_v34.json
body-v3.22/torso_env_v36.json,8b9d02fce005d442335cfb062533af58,54421,body-v3.10/torso_env_v36.json
body-v3.22/torso_env_v38.json,687e14f2e4e89bf21a99087d015075c6,54455,body-v3.10/torso_env_v38.json
body-v3.22/wall_v316_wig_ref.json,da76d2f347b1e63a64657da82a9b63a9,229,body-v3.17/wall_v316_wig_ref.json
body-v3.22/wall_v317.json,9a56d2bc81b85bf45a7a5b2ef12f0c2b,227,body-v3.17/wall_v317.json
body-v3.22/wall_v318.json,8a58771e7725eb91575b2ee5d5f624b9,226,body-v3.18/wall_v318.json
body-v3.22/wall_v319.json,157779f9e5124b4b3dbd7b14b49fd287,226,body-v3.19/wall_v319.json
body-v3.22/wall_v320.json,5dec19b66934cea85dd96c36a283b115,226,body-v3.20/wall_v320.json
body-v3.22/wall_v321.json,a493b5556d52663136969869fdd431dd,228,body-v3.21/wall_v321.json
body-v3.22/wall_v322.json,2aaf6d528fc179661a6ddb5b08e5efa4,222,body-v3.22/wall_v322.json
body-v3.22/measure/photo_measure.json,5832cf5aab493edae31cd598e050fc53,2746,body-v3/measure/photo_measure.json
body-v3.22/measure/snout_taper_v312.json,36dde250b844c6de6e65956251b874de,1330,body-v3.12/measure/snout_taper_v312.json
body-v3.22/measure/targets.json,7b665a9c4ecd33771be6d5312f1cfcdb,5282,body-v3/measure/targets.json
body-v3.22/measure/v31_measure.json,7770567faa6c6ee5ce5e18b1da51c474,1121,body-v3.1/measure/v31_measure.json
body-v3.22/measure/v32_measure.json,852640a3181a17ea81aee224e86ac5f7,979,body-v3.10/measure/v32_measure.json
body-v3.22/measure/v32_neck_scale.json,14486360543aa63b349b95440d1f1729,914,body-v3.10/measure/v32_neck_scale.json
body-v3.22/measure/v33_head_size.json,fc2bb9834c1e56d00aff074751409e63,968,body-v3.10/measure/v33_head_size.json
body-v3.22/measure/v33_head_size_overlay.json,f59662c96f18842e63e50af4d4cb1315,567,body-v3.10/measure/v33_head_size_overlay.json
body-v3.22/measure/v33_neck_scale.json,e40e7e3d179e145a736191fd39b80f52,368,body-v3.10/measure/v33_neck_scale.json
body-v3.22/measure319/iou_v318.json,479e9d0e0a858c996d286c9f83753d7f,801,body-v3.19/measure319/iou_v318.json
body-v3.22/measure319/iou_v319.json,6834cf8c196fae3875b56aec31675659,799,body-v3.19/measure319/iou_v319.json
body-v3.22/measure319/iou_v320.json,359608708d417279476b7ab6976694cd,801,body-v3.20/measure319/iou_v320.json
body-v3.22/measure319/iou_v321.json,b9fe0ae29db8389520bb6955d045764e,801,body-v3.21/measure319/iou_v321.json
body-v3.22/measure319/iou_v322.json,cc10aee573c5504c45e51ca85dd43da1,801,body-v3.22/measure319/iou_v322.json
body-v3.22/measure319/iou_vA.json,7a0678ffa62d4f7d3b23d24593e72f39,800,body-v3.22/measure319/iou_vA.json
body-v3.22/measure319/iou_vB.json,f03ae4d243ab7bba5ac279fceddba748,801,body-v3.22/measure319/iou_vB.json
body-v3.22/measure319/iou_vC.json,2766e9ce9be283d01ca7e57b8648c375,803,body-v3.22/measure319/iou_vC.json
body-v3.22/measure319/iou_vD.json,ce8f99eb22875224d12e1a6602fadcb6,800,body-v3.22/measure319/iou_vD.json
body-v3.22/measure319/iou_vE.json,cc10aee573c5504c45e51ca85dd43da1,801,body-v3.22/measure319/iou_v322.json
body-v3.22/sim/README.md,5a2184fcce272380e8a22600e08816c1,13351,body-v3.10/sim/README.md
body-v3.22/sim/arm_heat_v2.json,bc311c1775b81c9405219b9bbff5ec13,4223,body-v3/sim/arm_heat_v2.json
body-v3.22/sim/arm_heat_v3.json,07b5df779e4043a927a2b4d6fb21639a,4222,body-v3.10/sim/arm_heat_v3.json
body-v3.22/sim/compare_stock_v2_v3.json,0ed3b329d48797a6244eeffa2d5fde08,3805,body-v3/sim/compare_stock_v2_v3.json
body-v3.22/sim/compare_stock_v2_v3.md,895225c90e71fdfa98f1516ec893a8b1,2949,body-v3/sim/compare_stock_v2_v3.md
body-v3.22/sim/compare_v311_v312.json,3473272bc00ed7d7bd1011e4668be807,3275,body-v3.12/sim/compare_v311_v312.json
body-v3.22/sim/compare_v311_v312.md,22edbe199a0bd1aadce75c39aed27780,1921,body-v3.12/sim/compare_v311_v312.md
body-v3.22/sim/compare_v312_v313.json,5dd49cf449e49debec85c42ab559d377,3276,body-v3.13/sim/compare_v312_v313.json
body-v3.22/sim/compare_v312_v313.md,b8d569cdec4a0b4d85e633e1fad8d729,1922,body-v3.13/sim/compare_v312_v313.md
body-v3.22/sim/compare_v313_v314.json,5ee81ca0f77cf165bdf818892ffd6dca,3276,body-v3.14/sim/compare_v313_v314.json
body-v3.22/sim/compare_v313_v314.md,6283c46bebaa7397b4d96d193bfc9c77,1922,body-v3.14/sim/compare_v313_v314.md
body-v3.22/sim/compare_v314_v315.json,ae355b8cf1a564bbec7efc7eb413a87a,3275,body-v3.15/sim/compare_v314_v315.json
body-v3.22/sim/compare_v314_v315.md,5022aaec37e2cbfffaaa0ffda9155353,1921,body-v3.15/sim/compare_v314_v315.md
body-v3.22/sim/compare_v315_v316.json,05b068e032c61b44a735110dd68d824f,3275,body-v3.16/sim/compare_v315_v316.json
body-v3.22/sim/compare_v315_v316.md,7f3d98d608546dfa4b151456866195a1,1921,body-v3.16/sim/compare_v315_v316.md
body-v3.22/sim/compare_v316_v317.json,89fc00addd46ac4183394325d465c0b6,3276,body-v3.17/sim/compare_v316_v317.json
body-v3.22/sim/compare_v316_v317.md,83688af2bb79fc2348ba36b5274ba16a,1922,body-v3.17/sim/compare_v316_v317.md
body-v3.22/sim/compare_v317_v318.json,ad0dc738bc0a716df0978250c0782c47,3276,body-v3.18/sim/compare_v317_v318.json
body-v3.22/sim/compare_v317_v318.md,e48cf4f4e269a3976efa4d3045ee151b,1922,body-v3.18/sim/compare_v317_v318.md
body-v3.22/sim/compare_v318_v319.json,0e65f3737cf34fa7999880e013a7cd91,3274,body-v3.19/sim/compare_v318_v319.json
body-v3.22/sim/compare_v318_v319.md,c4243a4bef93963eaf6f9b4f77832ff6,1920,body-v3.19/sim/compare_v318_v319.md
body-v3.22/sim/compare_v319_v320.json,bab95bb7d04ef783644b5849d6af0ea4,3274,body-v3.20/sim/compare_v319_v320.json
body-v3.22/sim/compare_v319_v320.md,c75a6c9adff1c572d18b39ed317b99e8,1920,body-v3.20/sim/compare_v319_v320.md
body-v3.22/sim/compare_v31_v32.json,c51ae2424f05c1ab5562ee15e9b2965f,3254,body-v3.10/sim/compare_v31_v32.json
body-v3.22/sim/compare_v31_v32.md,644ebfad4fb06dc032148c27094bee2c,1939,body-v3.10/sim/compare_v31_v32.md
body-v3.22/sim/compare_v320_v321.json,7c5080f5760645a1aef606488f8d7e1c,3275,body-v3.21/sim/compare_v320_v321.json
body-v3.22/sim/compare_v320_v321.md,46a012e37a610a9fa3786dc1fb72d54b,1921,body-v3.21/sim/compare_v320_v321.md
body-v3.22/sim/compare_v321_v322.json,6cfba00157bfee31f045cd1f5fb511c4,3275,body-v3.22/sim/compare_v321_v322.json
body-v3.22/sim/compare_v321_v322.md,612869a9d426091336938b142bd604fc,1921,body-v3.22/sim/compare_v321_v322.md
body-v3.22/sim/compare_v32_v33.json,a6b9c313414ce0741dcde7c80ce064a7,3255,body-v3.10/sim/compare_v32_v33.json
body-v3.22/sim/compare_v32_v33.md,de11b2bed04349fe3059fe2af1f01f8d,1861,body-v3.10/sim/compare_v32_v33.md
body-v3.22/sim/compare_v33_v34.json,9970e48ff8444752844c36261fdbc8a7,3255,body-v3.10/sim/compare_v33_v34.json
body-v3.22/sim/compare_v33_v34.md,1bee2d057cf0af55e9285ae39642e0d4,1861,body-v3.10/sim/compare_v33_v34.md
body-v3.22/sim/compare_v34_v35.json,15b209ba528bca78169f2c308cc5a0c0,3263,body-v3.10/sim/compare_v34_v35.json
body-v3.22/sim/compare_v34_v35.md,e7b150ed0f30c20b731c9a2ac12058d0,2289,body-v3.10/sim/compare_v34_v35.md
body-v3.22/sim/compare_v35_v36.json,91ae3e17f2ce269016d61be082636f3e,3272,body-v3.10/sim/compare_v35_v36.json
body-v3.22/sim/compare_v35_v36.md,ada8c03eeb0156deaac729f93149e461,2344,body-v3.10/sim/compare_v35_v36.md
body-v3.22/sim/compare_v36_v37.json,3e11a3460b142718d63652a501df696e,3271,body-v3.10/sim/compare_v36_v37.json
body-v3.22/sim/compare_v36_v37.md,fda6c06c3d45610df1ba016b41b4ba7b,2405,body-v3.10/sim/compare_v36_v37.md
body-v3.22/sim/compare_v37_v38.json,1276986b406e998977d666daa157cf71,3272,body-v3.10/sim/compare_v37_v38.json
body-v3.22/sim/compare_v37_v38.md,f8a800c1b0a12f6fdc9a81f7131ee562,1915,body-v3.10/sim/compare_v37_v38.md
body-v3.22/sim/compare_v38_v39.json,5a057226cca27472ecf7125a724e8082,3274,body-v3.10/sim/compare_v38_v39.json
body-v3.22/sim/compare_v38_v39.md,dc30e35f4edbde2136c3daf04fc04bcc,1917,body-v3.10/sim/compare_v38_v39.md
body-v3.22/sim/compare_v39_v310.json,8d43b630f2580e8ba95a586df3f3d406,3275,body-v3.10/sim/compare_v39_v310.json
body-v3.22/sim/compare_v39_v310.md,03dd6304ccf2ba5f39991cdadfafd6c8,1921,body-v3.10/sim/compare_v39_v310.md
body-v3.22/sim/compare_v39_v311.json,bf0d8a9069f17dfd3c90f0ae651cbc80,3274,body-v3.11/sim/compare_v39_v311.json
body-v3.22/sim/compare_v39_v311.md,504094156e0454adb92ca4e51fd97da2,1920,body-v3.11/sim/compare_v39_v311.md
body-v3.22/sim/compare_v3_v31.json,7e29f9219c9b23c6c5982ab3a1a89db3,2829,body-v3.1/sim/compare_v3_v31.json
body-v3.22/sim/compare_v3_v31.md,175081c021dce15c7e987872af0ac43f,1611,body-v3.1/sim/compare_v3_v31.md
body-v3.22/sim/gen317.log,d1364dfc1ced2a5a433641ee9c86e977,799,body-v3.17/sim/gen317.log
body-v3.22/sim/gen318.log,4b275951c1b9a0045efd57346cbaa4f8,799,body-v3.18/sim/gen318.log
body-v3.22/sim/gen319.log,be94467370eae037352b4abf64edbf77,799,body-v3.19/sim/gen319.log
body-v3.22/sim/gen320.log,01f6e4df684b699877f852a33ff39cd7,799,body-v3.20/sim/gen320.log
body-v3.22/sim/gen322.log,16510f42780f21957b8d809a3deae052,799,body-v3.22/sim/gen322.log
body-v3.22/sim/mass_report_v3.json,f5538044103f7f7d3e34ad31783ca203,13479,body-v3.22/sim/mass_report_v3.json
body-v3.22/sim/plot_compare.png,2457a623d2f320f37f590b6d2c9af28b,58887,body-v3/sim/plot_compare.png
body-v3.22/sim/results_v3.json,6ad0ee2d5d6d53f8b36744fa2ee3242d,7719,body-v3.22/sim/results_v3.json
body-v3.22/sim/results_v3_8pct.json,cb25e47bae840299a65617cae6694f56,7820,body-v3.11/sim/results_v3_8pct.json
body-v3.22/sim/results_v3_snout10pct.json,103a1aed6577f64926a156f4fcbe8328,7823,body-v3.11/sim/results_v3_snout10pct.json
body-v3.22/sim/rt317.log,734339dad8e117eede012b875d819072,2997,body-v3.17/sim/rt317.log
body-v3.22/sim/rt318.log,247bdf8654fc2b7269fc35245609c6e0,2996,body-v3.18/sim/rt318.log
body-v3.22/sim/rt319.log,324a9b3cec0b51d6489bf0504706f4e2,2991,body-v3.19/sim/rt319.log
body-v3.22/sim/rt320.log,bfbbed9c401c39dd1f62267c258aa1e3,2994,body-v3.20/sim/rt320.log
body-v3.22/sim/rt322.log,4056c292613a182c8cc4446cca90f152,2993,body-v3.22/sim/rt322.log
body-v3.22/sim/sweep319.txt,278100be8b4725996bbdeb59fc299feb,345,body-v3.19/sim/sweep319.txt
body-v3.22/sim/sweep322.txt,a9369f3a91cf7155248fccd019054a28,593,body-v3.22/sim/sweep322.txt
body-v3.22/sim/walk_refine_eff_v32.json,c8201391328afc939348d18b9ed6f189,158,body-v3.19/sim/walk_refine_eff_v32.json
body-v3.22/sim/walk_refine_v32.json,e4b90d6799de5bb3a37692f0131ff288,157,body-v3.22/sim/walk_refine_v32.json
body-v3.22/sim/walk_v3.json,7967a3be11fabb980089e5200d649aa6,3033,body-v3.22/sim/walk_v3.json
body-v3.22/sim/walk_v3_eff.json,098c6cd614912b59984aee1711e1acd5,3043,body-v3.22/sim/walk_v3_eff.json
body-v3.22/sim/walk_v3_eff_noref.json,ebaa41acfaaef3b24dc77ab83db09f93,3101,body-v3.10/sim/walk_v3_eff_noref.json
body-v3.22/sim/walk_v3_noref.json,85f5f335181e839cfdc2d627ecca5d32,3095,body-v3.10/sim/walk_v3_noref.json
body-v3.22/sim/walk_v3_prerefine_v310.json,09d03ddff2a0a115af858a30f0934a7e,3038,body-v3.10/sim/walk_v3_prerefine_v310.json
body-v3.22/sim/we317.log,909b74c0ea465803e8271ca953cb24d3,126,body-v3.17/sim/we317.log
body-v3.22/sim/we318.log,cf4768c1657856fc40fa2c919d66ea86,127,body-v3.18/sim/we318.log
body-v3.22/sim/we319.log,3f677b2656f761d6d36a48d6fef04cbf,126,body-v3.19/sim/we319.log
body-v3.22/sim/we320.log,ce08323dee1e373fba90bff4e78c5694,127,body-v3.20/sim/we320.log
body-v3.22/sim/we321b.log,e45662280140f094d9074850f66b1e0c,127,body-v3.21/sim/we321b.log
body-v3.22/sim/we322.log,407e0e99965ade0f7cb2f4186060a3d0,125,body-v3.22/sim/we322.log
body-v3.22/sim/wee317.log,7656cb072a79947613d2fb1b6f43d853,127,body-v3.17/sim/wee317.log
body-v3.22/sim/wee318.log,5190b6cd46b96e2cbaf59dc74937c829,127,body-v3.18/sim/wee318.log
body-v3.22/sim/wee319.log,e1617f52cb38131115c93a6a9b087131,129,body-v3.19/sim/wee319.log
body-v3.22/sim/wee320.log,1ef65b3d0c0e312f23a72c1397253066,128,body-v3.20/sim/wee320.log
body-v3.22/sim/wee322.log,70e4d67b26be70fc24d55061a7dfccb9,128,body-v3.22/sim/wee322.log
body-v3.22/sim/wr317.log,7aabad450d8fee0e5cf88845890bc832,549,body-v3.17/sim/wr317.log
body-v3.22/sim/wr318.log,7e3296c6912b1ea3665e1eecf625a1fa,550,body-v3.18/sim/wr318.log
body-v3.22/sim/wr319.log,ec71d90097784f9358b910a600739de9,546,body-v3.19/sim/wr319.log
body-v3.22/sim/wr321.log,9c5746707350699dfcddcafbe5fa9862,556,body-v3.21/sim/wr321.log
body-v3.22/sim/wr321b.log,6f26a7b15ab047e6ae1b24ac2760b222,549,body-v3.21/sim/wr321b.log
body-v3.22/sim/wr322.log,b5f9a4d5217cff369faf1c7aad137242,539,body-v3.22/sim/wr322.log
body-v3.22/sim/wre319.log,5dc35f4200037d2feeaab949c4f83421,548,body-v3.19/sim/wre319.log
body-v3.22/sim/wre319b.log,27e94bc650d92537dfcb31ffd6dabc89,549,body-v3.19/sim/wre319b.log
body-v3.22/sim/bak_pre_refine_v322/walk_v3.json,77a336e0af806fdba33687ba05f3e63a,3039,body-v3.22/sim/bak_pre_refine_v322/walk_v3.json
body-v3.22/sim/v310_ref/arm_heat_v3.json,07b5df779e4043a927a2b4d6fb21639a,4222,body-v3.10/sim/arm_heat_v3.json
body-v3.22/sim/v310_ref/results_v3.json,2370068638410dd3864dd3c892cd6a3b,7823,body-v3.10/sim/results_v3.json
body-v3.22/sim/v310_ref/walk_v3.json,e9d78c042a9e739225f3023ca5bd64dd,3038,body-v3.10/sim/walk_v3.json
body-v3.22/sim/v310_ref/walk_v3_eff.json,1e744e11cd7023f86b9f07eff160bb5d,3038,body-v3.10/sim/walk_v3_eff.json
body-v3.22/sim/v311_ref/arm_heat_v3.json,07b5df779e4043a927a2b4d6fb21639a,4222,body-v3.10/sim/arm_heat_v3.json
body-v3.22/sim/v311_ref/results_v3.json,859125992a19eb68d7b6dfc8772bce89,7823,body-v3.11/sim/results_v3.json
body-v3.22/sim/v311_ref/walk_v3.json,4af9789103d25cb741517657b5fde163,3031,body-v3.11/sim/walk_v3.json
body-v3.22/sim/v311_ref/walk_v3_eff.json,90de5e2d159d49e1a165ee89674e8272,3049,body-v3.11/sim/walk_v3_eff.json
body-v3.22/sim/v312_ref/arm_heat_v3.json,07b5df779e4043a927a2b4d6fb21639a,4222,body-v3.10/sim/arm_heat_v3.json
body-v3.22/sim/v312_ref/results_v3.json,5424004f332c0e8e99cd9a8ec70d033e,7823,body-v3.12/sim/results_v3.json
body-v3.22/sim/v312_ref/walk_v3.json,6813456c6d543b75d9ce3378cc7ec76d,3035,body-v3.12/sim/walk_v3.json
body-v3.22/sim/v312_ref/walk_v3_eff.json,da1bc95efaa4f87cffc8d4173df08fb6,3048,body-v3.12/sim/walk_v3_eff.json
body-v3.22/sim/v314_ref/arm_heat_v3.json,07b5df779e4043a927a2b4d6fb21639a,4222,body-v3.10/sim/arm_heat_v3.json
body-v3.22/sim/v314_ref/results_v3.json,5ff19fd27ab58cd5229b75f149e29603,7823,body-v3.14/sim/results_v3.json
body-v3.22/sim/v314_ref/walk_v3.json,1e30876edb5e0bee39df59123740079d,3036,body-v3.14/sim/walk_v3.json
body-v3.22/sim/v314_ref/walk_v3_eff.json,c116a8d3fe477f01a98b8bb54dabfa7f,3045,body-v3.14/sim/walk_v3_eff.json
body-v3.22/sim/v315_ref/arm_heat_v3.json,07b5df779e4043a927a2b4d6fb21639a,4222,body-v3.10/sim/arm_heat_v3.json
body-v3.22/sim/v315_ref/results_v3.json,b313775a19af5f0e29ea8d9ae9575fe6,7822,body-v3.15/sim/results_v3.json
body-v3.22/sim/v315_ref/walk_v3.json,c985f9e94b78a0fe370d07b3b066741c,3031,body-v3.15/sim/walk_v3.json
body-v3.22/sim/v315_ref/walk_v3_eff.json,ffd36628ae1263713261beaf6e10d638,3039,body-v3.15/sim/walk_v3_eff.json
body-v3.22/sim/v316_ref/arm_heat_v3.json,07b5df779e4043a927a2b4d6fb21639a,4222,body-v3.10/sim/arm_heat_v3.json
body-v3.22/sim/v316_ref/results_v3.json,24e44ae5ede579cf27e9c59f3e91a5de,7775,body-v3.16/sim/results_v3.json
body-v3.22/sim/v316_ref/walk_v3.json,204d18347ae73d7c7dea42312c01ae3f,3036,body-v3.16/sim/walk_v3.json
body-v3.22/sim/v316_ref/walk_v3_eff.json,fbf1db72d2d067b3cd3d9ac1219e6d20,3040,body-v3.16/sim/walk_v3_eff.json
body-v3.22/sim/v317_ref/arm_heat_v3.json,07b5df779e4043a927a2b4d6fb21639a,4222,body-v3.10/sim/arm_heat_v3.json
body-v3.22/sim/v317_ref/results_v3.json,935d6addfe550f20e12c8b793636fe96,7778,body-v3.17/sim/results_v3.json
body-v3.22/sim/v317_ref/walk_v3.json,0514cc614c854751602a29fa12e9d12f,3035,body-v3.17/sim/walk_v3.json
body-v3.22/sim/v317_ref/walk_v3_eff.json,bf910ab795ecc5688ba847d99747c920,3035,body-v3.17/sim/walk_v3_eff.json
body-v3.22/sim/v318_ref/arm_heat_v3.json,07b5df779e4043a927a2b4d6fb21639a,4222,body-v3.10/sim/arm_heat_v3.json
body-v3.22/sim/v318_ref/results_v3.json,b574dd55b92c2a33487ba4df1b2c8382,7730,body-v3.18/sim/results_v3.json
body-v3.22/sim/v318_ref/walk_v3.json,33e5b5229a31a9aab20310892ef2c5a7,3033,body-v3.18/sim/walk_v3.json
body-v3.22/sim/v318_ref/walk_v3_eff.json,b7f747d38a4ab2f7f6855d9d19724dda,3041,body-v3.18/sim/walk_v3_eff.json
body-v3.22/sim/v319_ref/arm_heat_v3.json,07b5df779e4043a927a2b4d6fb21639a,4222,body-v3.10/sim/arm_heat_v3.json
body-v3.22/sim/v319_ref/results_v3.json,b6381dfeaa6b0f3c7fda067dc519bbf6,7719,body-v3.19/sim/results_v3.json
body-v3.22/sim/v319_ref/walk_v3.json,2befac91b8fb900a116412d9eb360ef1,3040,body-v3.19/sim/walk_v3.json
body-v3.22/sim/v319_ref/walk_v3_eff.json,958b7e2ebedc49ce3e3f984ed44e4648,3043,body-v3.19/sim/walk_v3_eff.json
body-v3.22/sim/v31_ref/arm_heat_v3.json,2126fcc62fd7d3c396dcb7770419204a,4220,body-v3.1/sim/arm_heat_v3.json
body-v3.22/sim/v31_ref/mass_report_v3.json,b22177cef249a8bc99fcb2f57bb05878,12902,body-v3.1/sim/mass_report_v3.json
body-v3.22/sim/v31_ref/results_v3.json,510d1456468455e8152b440555672307,8029,body-v3.1/sim/results_v3.json
body-v3.22/sim/v31_ref/walk_v3.json,21a198ab40b540b4e3398bd7bdd66988,3094,body-v3.1/sim/walk_v3.json
body-v3.22/sim/v31_ref/walk_v3_eff.json,031ec90a823c37124efb0f9b271545e0,3102,body-v3.1/sim/walk_v3_eff.json
body-v3.22/sim/v320_ref/arm_heat_v3.json,07b5df779e4043a927a2b4d6fb21639a,4222,body-v3.10/sim/arm_heat_v3.json
body-v3.22/sim/v320_ref/results_v3.json,a3f76d9df0efa840ce3eedc394c67c25,7725,body-v3.20/sim/results_v3.json
body-v3.22/sim/v320_ref/walk_v3.json,3c60ae1fab664f989b79e69f90a262b8,3041,body-v3.20/sim/walk_v3.json
body-v3.22/sim/v320_ref/walk_v3_eff.json,03eb5773b7046ab0d35d27298ebcb3a6,3042,body-v3.20/sim/walk_v3_eff.json
body-v3.22/sim/v321_ref/arm_heat_v3.json,07b5df779e4043a927a2b4d6fb21639a,4222,body-v3.10/sim/arm_heat_v3.json
body-v3.22/sim/v321_ref/results_v3.json,9376232a72512e604ebf34cf3b0762df,7731,body-v3.21/sim/results_v3.json
body-v3.22/sim/v321_ref/walk_v3.json,01446e40422c7d46429c72ec2607530b,3036,body-v3.21/sim/walk_v3.json
body-v3.22/sim/v321_ref/walk_v3_eff.json,3ce6d50a38fd9906f253a17dd746cce3,3047,body-v3.21/sim/walk_v3_eff.json
body-v3.22/sim/v32_ref/arm_heat_v3.json,07b5df779e4043a927a2b4d6fb21639a,4222,body-v3.10/sim/arm_heat_v3.json
body-v3.22/sim/v32_ref/results_v3.json,691b926aea221e63317388971ca903f7,8023,body-v3.10/sim/v32_ref/results_v3.json
body-v3.22/sim/v32_ref/walk_refine_v32.json,0648267fc7b09edeaa65985c0b4db260,157,body-v3.10/sim/v32_ref/walk_refine_v32.json
body-v3.22/sim/v32_ref/walk_v3.json,120423616b57938b7fd7672da7ad00f6,3165,body-v3.10/sim/v32_ref/walk_v3.json
body-v3.22/sim/v32_ref/walk_v3_eff.json,0860666c2fb00c61803ca5cf38d8cf2e,3103,body-v3.10/sim/v32_ref/walk_v3_eff.json
body-v3.22/sim/v33_ref/arm_heat_v3.json,07b5df779e4043a927a2b4d6fb21639a,4222,body-v3.10/sim/arm_heat_v3.json
body-v3.22/sim/v33_ref/results_v3.json,1f5b949f70ea6f2d2ca68c339ea885bb,8028,body-v3.10/sim/v33_ref/results_v3.json
body-v3.22/sim/v33_ref/walk_v3.json,135fd3eba247694b2d0455b05c2b1ed0,3154,body-v3.10/sim/v33_ref/walk_v3.json
body-v3.22/sim/v33_ref/walk_v3_eff.json,07f206d2b718406f84a80514363a0894,3163,body-v3.10/sim/v33_ref/walk_v3_eff.json
body-v3.22/sim/v34_ref/arm_heat_v3.json,07b5df779e4043a927a2b4d6fb21639a,4222,body-v3.10/sim/arm_heat_v3.json
body-v3.22/sim/v34_ref/results_v3.json,daa3ef05a96a0d46bbace841296e31c6,8020,body-v3.10/sim/v34_ref/results_v3.json
body-v3.22/sim/v34_ref/walk_v3.json,7f1ce820d388e0e41ba3dfc2c5faba4a,3155,body-v3.10/sim/v34_ref/walk_v3.json
body-v3.22/sim/v34_ref/walk_v3_eff.json,4ea2b63d0b9eba2faa54ba882cf92f93,3160,body-v3.10/sim/v34_ref/walk_v3_eff.json
body-v3.22/sim/v36_ref/arm_heat_v3.json,07b5df779e4043a927a2b4d6fb21639a,4222,body-v3.10/sim/arm_heat_v3.json
body-v3.22/sim/v36_ref/results_v3.json,6d09c34dcdbeb0ab1721a3015ed869a3,7773,body-v3.10/sim/v36_ref/results_v3.json
body-v3.22/sim/v36_ref/walk_v3.json,38bcf54acd4ca8bbf675993d585329f0,3039,body-v3.10/sim/v36_ref/walk_v3.json
body-v3.22/sim/v36_ref/walk_v3_eff.json,31b8a828b14afc9f5d317ef29cfbe9a9,3042,body-v3.10/sim/v36_ref/walk_v3_eff.json
body-v3.22/sim/v37_ref/arm_heat_v3.json,07b5df779e4043a927a2b4d6fb21639a,4222,body-v3.10/sim/arm_heat_v3.json
body-v3.22/sim/v37_ref/results_v3.json,e28526abee73fc3f1f2ce8a8893f87ae,7780,body-v3.10/sim/v37_ref/results_v3.json
body-v3.22/sim/v37_ref/walk_v3.json,33671a750fd7dce386401bce59f686a8,3032,body-v3.10/sim/v37_ref/walk_v3.json
body-v3.22/sim/v37_ref/walk_v3_eff.json,7be0f1960d01f0a3b80fb0f12f58de19,3043,body-v3.10/sim/v37_ref/walk_v3_eff.json
body-v3.22/sim/v38_ref/arm_heat_v3.json,07b5df779e4043a927a2b4d6fb21639a,4222,body-v3.10/sim/arm_heat_v3.json
body-v3.22/sim/v38_ref/results_v3.json,db7c5b8b22483b4f91eb46d530353928,7824,body-v3.10/sim/v38_ref/results_v3.json
body-v3.22/sim/v38_ref/walk_v3.json,fee45989bdaf3ab94dcabed25b50e7bb,3039,body-v3.10/sim/v38_ref/walk_v3.json
body-v3.22/sim/v38_ref/walk_v3_eff.json,228f2964c6705f80ebc7366edb2f0317,3043,body-v3.10/sim/v38_ref/walk_v3_eff.json
body-v3.22/sim/v39_ref/arm_heat_v3.json,07b5df779e4043a927a2b4d6fb21639a,4222,body-v3.10/sim/arm_heat_v3.json
body-v3.22/sim/v39_ref/results_v3.json,6603ecb5509ca86206a169ce15811895,7824,body-v3.10/sim/v39_ref/results_v3.json
body-v3.22/sim/v39_ref/walk_v3.json,8fc65df0a06c89e667c1c6d739d66c3c,3033,body-v3.10/sim/v39_ref/walk_v3.json
body-v3.22/sim/v39_ref/walk_v3_eff.json,79767a0ef34301f4d5f02ac4e2c255bf,3042,body-v3.10/sim/v39_ref/walk_v3_eff.json
body-v3.22/sim/v3_ref/arm_heat_v3.json,24f0f1621b09d575497b233327d5af34,4223,body-v3/sim/arm_heat_v3.json
body-v3.22/sim/v3_ref/results_v3.json,e91a5d8c46c37b6547966407c5d77848,8025,body-v3/sim/results_v3.json
body-v3.22/sim/v3_ref/walk_v3.json,f6dfc33626937c34a72b551e33684da3,3337,body-v3/sim/walk_v3.json
body-v3.22/sim/v3_ref/walk_v3_eff.json,394deba9fbf961cf5d88aae40d78c2e6,3347,body-v3/sim/walk_v3_eff.json
body-v3.23/README.md,65c2e177b5412a5e63ba38b5190edbde,6101,body-v3.10/README.md
body-v3.23/README_v3.md,d5dfb182350ce2de808eda08cc549acc,8398,body-v3/README.md
body-v3.23/README_v31.md,62cf5740b1281b505a1e2bb98d536030,8478,body-v3.1/README.md
body-v3.23/README_v310.md,8da2f237ff36b44d0add847660514f13,3734,body-v3.10/README_v310.md
body-v3.23/README_v311.md,00e8e1e244dfd4deb11e26e2ae98012f,4189,body-v3.11/README_v311.md
body-v3.23/README_v312.md,1661c05da47e75ae5678be1a9513648e,4010,body-v3.12/README_v312.md
body-v3.23/README_v313.md,60beb427e39b3057b625d7c402153ecd,3338,body-v3.13/README_v313.md
body-v3.23/README_v314.md,c06f881a9d452d57268625b05f4b8850,3978,body-v3.14/README_v314.md
body-v3.23/README_v315.md,e6dcd0fd62eb3f59d02bf840e1d59599,2771,body-v3.15/README_v315.md
body-v3.23/README_v316.md,af2d2b48ebd64516bfe0f1dd61b28da7,6517,body-v3.16/README_v316.md
body-v3.23/README_v317.md,08d1cd9d822124621f017e9b62a01692,4494,body-v3.17/README_v317.md
body-v3.23/README_v318.md,0af4e594f70c70c582978e26dba2fd10,4575,body-v3.18/README_v318.md
body-v3.23/README_v319.md,9cab512e2cc660ed2cc713091882f107,5665,body-v3.19/README_v319.md
body-v3.23/README_v32.md,36d5079dfd7d10c4ca271706c936cf5a,12057,body-v3.10/README_v32.md
body-v3.23/README_v320.md,1bd93ec87a4a978fead0c396fc582328,2026,body-v3.20/README_v320.md
body-v3.23/README_v321.md,940bbfbf636a75d9a05673bb9bf46acc,2892,body-v3.21/README_v321.md
body-v3.23/README_v322.md,d0144fa82487f3971e9f5466b74ae3bc,2977,body-v3.22/README_v322.md
body-v3.23/README_v323.md,df34bd7544101bab120e1f7f5eb2446e,2404,body-v3.23/README_v323.md
body-v3.23/README_v33.md,6752bb01dae32e530a285e330f4d5770,5164,body-v3.10/README_v33.md
body-v3.23/README_v34.md,b512057a38e8cd7dd3ee07219c058e51,2623,body-v3.10/README_v34.md
body-v3.23/README_v35.md,7d8c481c42edc18f57b68b7bcea44345,2418,body-v3.10/README_v35.md
body-v3.23/README_v36.md,756af93fbf80b2ee9e5fee1458509d98,2438,body-v3.10/README_v36.md
body-v3.23/README_v38.md,ed0092856c928668efe6274c4752d7c2,4651,body-v3.10/README_v38.md
body-v3.23/README_v39.md,93f974e23db0965ce50120ba22d3dfaf,4818,body-v3.10/README_v39.md
body-v3.23/armsweep_v316.json,1f5aeabfa91da235aef6d943587fcf20,232,body-v3.16/armsweep_v316.json
body-v3.23/armsweep_v317.json,64745441dcb259065e67e21ae09ffab6,1203,body-v3.17/armsweep_v317.json
body-v3.23/armsweep_v318.json,5ae60717248b7264e1f67c1252ce79a5,1198,body-v3.18/armsweep_v318.json
body-v3.23/armsweep_v319.json,8c6d5a5f572ff5fabd1bbab9856ddf11,1230,body-v3.19/armsweep_v319.json
body-v3.23/armsweep_v320.json,9cf76322dae0716251c9d43d851284dd,992,body-v3.20/armsweep_v320.json
body-v3.23/armsweep_v321.json,185ddf1d621c09dea5d35968652520a9,790,body-v3.21/armsweep_v321.json
body-v3.23/armsweep_v322.json,1c2b3fd30dfdab42e8c6f9655d7801af,990,body-v3.22/armsweep_v322.json
body-v3.23/armsweep_v323_on_this.json,cc1d45898859189c26dfa9af89931450,1090,body-v3.23/armsweep_v323_on_this.json
body-v3.23/bom_v35.md,54e414cced6d75762caa12cba76d0d40,1012,body-v3.10/bom_v35.md
body-v3.23/build_report.json,3c08239c078593b51d293cace8ec1a27,19929,body-v3.10/build_report.json
body-v3.23/changed_parts_v36_to_v37.json,a9a41d7c46a2ad62fed49408f90e4b29,1338,body-v3.10/changed_parts_v36_to_v37.json
body-v3.23/changed_parts_v37_to_v38.json,49ae233dc0c85f386397a6f0a52f4f9a,6172,body-v3.10/changed_parts_v37_to_v38.json
body-v3.23/changed_parts_v38_to_v39.json,d3cd5cdf0f50ea6407e39f2225cef809,6381,body-v3.10/changed_parts_v38_to_v39.json
body-v3.23/collide_head_v310.json,e25c6464886e09f567ee551e6f338f74,2142,body-v3.10/collide_head_v310.json
body-v3.23/collide_head_v311.json,e25c6464886e09f567ee551e6f338f74,2142,body-v3.10/collide_head_v310.json
body-v3.23/collide_head_v312.json,e25c6464886e09f567ee551e6f338f74,2142,body-v3.10/collide_head_v310.json
body-v3.23/collide_head_v312_baseline_for_v313.json,9b4637517f3bf949c5067330e618d235,10236,body-v3.13/collide_head_v312_baseline_for_v313.json
body-v3.23/collide_head_v313.json,b49557fdb2e92668b038eff5c1f559b2,10094,body-v3.13/collide_head_v313.json
body-v3.23/collide_head_v314.json,84a15622992a6302ff45de44e07548b2,10324,body-v3.14/collide_head_v314.json
body-v3.23/collide_head_v315.json,3abfd60515fd19ab49ad5e9844607e08,9549,body-v3.15/collide_head_v315.json
body-v3.23/collide_log_v38.txt,9401ea726b306a56955aecbaf3d6525e,4281,body-v3.10/collide_log_v38.txt
body-v3.23/collide_log_v39.txt,9401ea726b306a56955aecbaf3d6525e,4281,body-v3.10/collide_log_v38.txt
body-v3.23/collide_report.json,e6ddd4078834a837f9559a91643465bb,20690,body-v3.10/collide_report.json
body-v3.23/collide_v31_rule_check.json,2cfb89f60ed078067a5b0d563369f90c,129,body-v3.1/collide_v31_rule_check.json
body-v3.23/collide_v32_rule_check.json,005b67a629f7dd1569344a87c0e8df7b,164,body-v3.10/collide_v32_rule_check.json
body-v3.23/crest_valley_v321.json,3f672f077ad7c227637940c3147cf8b7,1542,body-v3.21/crest_valley_v321.json
body-v3.23/crest_valley_v322.json,ace9cd2fe2155ae48ab8593e69f98b44,1392,body-v3.22/crest_valley_v322.json
body-v3.23/fit_v314.json,f8aae41806d01c56389950094ea546d5,320,body-v3.14/fit_v314.json
body-v3.23/grain_report_v37.json,7f5b0afa34403ff0f5c40f582213e004,1960,body-v3.23/grain_report_v37.json
body-v3.23/hair_print_report_v313.json,860be9dcc14d271703ad67c23017d1dc,2832,body-v3.13/hair_print_report_v313.json
body-v3.23/hair_print_report_v314.json,a9210bb284841958846ddb4167713788,4794,body-v3.14/hair_print_report_v314.json
body-v3.23/hair_print_report_v315.json,7c5a3f9afea264b52bd3e2841e3c9b82,3652,body-v3.15/hair_print_report_v315.json
body-v3.23/head_print_report.json,79f615cf398723aa2801b3336ef39415,6972,body-v3.10/head_print_report.json
body-v3.23/head_print_report_v315.json,2009b6b02676dc6b96c6dd0d5ffded22,5848,body-v3.15/head_print_report_v315.json
body-v3.23/head_print_report_v316.json,f8e1f5b80ec4e1a19764713305d52d78,3997,body-v3.16/head_print_report_v316.json
body-v3.23/head_print_report_v317.json,fe0ed67ed9be1c640ebe2961c972f159,3397,body-v3.17/head_print_report_v317.json
body-v3.23/head_print_report_v318.json,0c4af57a9b076781b75f49f381e6e2db,3274,body-v3.18/head_print_report_v318.json
body-v3.23/head_print_report_v319.json,19394cee936c19e67eee4e7b4a8bc97a,3164,body-v3.19/head_print_report_v319.json
body-v3.23/head_print_report_v320.json,fc1afe8bee3905b206b2b7456cbb73c3,3165,body-v3.20/head_print_report_v320.json
body-v3.23/head_print_report_v321.json,45ab6961dd3d64dcc06d9b6925a8d9be,3290,body-v3.21/head_print_report_v321.json
body-v3.23/head_print_report_v322.json,40a054a1a377cb70088eb61b6ed08ea3,3312,body-v3.22/head_print_report_v322.json
body-v3.23/head_print_report_v323.json,3e2871c80dabcd440fcd72c46185e909,3244,body-v3.23/head_print_report_v323.json
body-v3.23/head_print_report_v36.json,d33da0d7f147f0bd784709823ca6e9ae,7037,body-v3.10/head_print_report_v36.json
body-v3.23/head_print_report_v37.json,4e0e79baf232a56165080655c08ae618,7733,body-v3.10/head_print_report_v37.json
body-v3.23/head_print_report_v38.json,5d6e16e5fb2414e0bbfca34176d0c3f5,7735,body-v3.10/head_print_report_v38.json
body-v3.23/head_print_report_v39.json,ba2c678786c8b3f4cd8feca3787e75dd,7781,body-v3.10/head_print_report_v39.json
body-v3.23/head_size_v36.json,04f54b55f682598962ff3481a5aba85f,717,body-v3.10/head_size_v36.json
body-v3.23/headrange_v320.json,4d62c8eed17cabb04608f6e91debbee5,916,body-v3.20/headrange_v320.json
body-v3.23/headrange_v320_on_this.json,6bfacba1186647be733a6390759c9b97,912,body-v3.23/headrange_v320_on_this.json
body-v3.23/kilt_check_v316.json,799d097cf52f2f781aee6f772478ae4c,2826,body-v3.16/kilt_check_v316.json
body-v3.23/kilt_check_v316_final_gaits.json,430d99554b945ffe97d090947af9ac02,346,body-v3.16/kilt_check_v316_final_gaits.json
body-v3.23/kilt_print_report_v316.json,7df362561b2ccfefc2eccfe6ae1b03f8,1855,body-v3.16/kilt_print_report_v316.json
body-v3.23/lock_table_v319.md,e055209e989f675cd40a57a2cc4250fc,2047,body-v3.19/lock_table_v319.md
body-v3.23/print_note_hair_v313.md,1e35268b4a671737e912d031e769524e,1665,body-v3.13/print_note_hair_v313.md
body-v3.23/print_note_hair_v314.md,d703f5636f9c988f749d1147171e51e9,2397,body-v3.14/print_note_hair_v314.md
body-v3.23/print_note_hair_v315.md,6a889c9eb945efe71cbd55e83070b248,2211,body-v3.15/print_note_hair_v315.md
body-v3.23/print_note_head_v315.md,b00ab61a458365b15abc38025eeb9024,3040,body-v3.15/print_note_head_v315.md
body-v3.23/print_note_head_v316.md,a4f5d5bc7d9d8ed629a2d852a4c13a00,2664,body-v3.16/print_note_head_v316.md
body-v3.23/print_note_head_v317.md,4688ae5478c06dc314ccd47e767dad95,2703,body-v3.17/print_note_head_v317.md
body-v3.23/print_note_head_v318.md,84654fd7ff87f728f90ca899ef84a8e0,2674,body-v3.18/print_note_head_v318.md
body-v3.23/print_note_head_v319.md,d0467f682f653a81efa0dfad57f3b62c,2611,body-v3.19/print_note_head_v319.md
body-v3.23/print_note_head_v320.md,fb8d40d0d708aecb53cdaab4c505c66a,2785,body-v3.20/print_note_head_v320.md
body-v3.23/print_note_head_v321.md,ed4789b2cfaee2d5338d341f14f4290e,3089,body-v3.21/print_note_head_v321.md
body-v3.23/print_note_head_v322.md,ad4097edd061a164f96d6a5d60ca8ff4,3108,body-v3.22/print_note_head_v322.md
body-v3.23/print_note_head_v323.md,5bc5d802a84be4fac02ed4256de40358,3214,body-v3.23/print_note_head_v323.md
body-v3.23/print_note_kilt_v316.md,0fdb4004cc378b066f170eedf905c93a,3348,body-v3.16/print_note_kilt_v316.md
body-v3.23/print_note_snout_v310.md,8c28ce33c8014e2a35235021cfe421d2,1461,body-v3.10/print_note_snout_v310.md
body-v3.23/print_note_snout_v311.md,9e46a723542d0793ff9f75be43a9b93f,2029,body-v3.11/print_note_snout_v311.md
body-v3.23/print_note_snout_v312.md,c45bac8778b151145198787bdf6e0062,1827,body-v3.12/print_note_snout_v312.md
body-v3.23/print_sheet_body_v38.md,face3494b2f0898c92d4de88aa098edc,6733,body-v3.10/print_sheet_body_v38.md
body-v3.23/print_sheet_head.md,ac0500e69043b84dbd57f7204b995982,3511,body-v3.10/print_sheet_head.md
body-v3.23/print_sheet_head_v36.md,6ac4c2094ed80fd60fd094d5b6ead7f8,3683,body-v3.10/print_sheet_head_v36.md
body-v3.23/print_sheet_head_v37.md,e9fbab93227e450a8c099f93fd6ea65b,5234,body-v3.10/print_sheet_head_v37.md
body-v3.23/print_sheet_head_v38.md,1bd44b955d22ea2e13d00bf05d107d31,5698,body-v3.10/print_sheet_head_v38.md
body-v3.23/print_sheet_head_v39.md,be1e14d15b9f562fb02da2a9853dbef9,5766,body-v3.10/print_sheet_head_v39.md
body-v3.23/servo_choice.md,316473d63f90ad6a5649462db90ee4c3,7062,body-v3.1/servo_choice.md
body-v3.23/snout_print_report_v310.json,4bf50103ac3941a34a8e642e795d6244,1079,body-v3.10/snout_print_report_v310.json
body-v3.23/snout_print_report_v311.json,3a2a461ef0f6fd92fab4a720d1521a76,1010,body-v3.11/snout_print_report_v311.json
body-v3.23/snout_print_report_v312.json,777e230a1c3e92c7a47d5c5b7220e6ad,918,body-v3.12/snout_print_report_v312.json
body-v3.23/torso_env_v34.json,bda31ea296b814d3685d260d29f3e20f,36249,body-v3.10/torso_env_v34.json
body-v3.23/torso_env_v36.json,8b9d02fce005d442335cfb062533af58,54421,body-v3.10/torso_env_v36.json
body-v3.23/torso_env_v38.json,687e14f2e4e89bf21a99087d015075c6,54455,body-v3.10/torso_env_v38.json
body-v3.23/wall_v316_wig_ref.json,da76d2f347b1e63a64657da82a9b63a9,229,body-v3.17/wall_v316_wig_ref.json
body-v3.23/wall_v317.json,9a56d2bc81b85bf45a7a5b2ef12f0c2b,227,body-v3.17/wall_v317.json
body-v3.23/wall_v318.json,8a58771e7725eb91575b2ee5d5f624b9,226,body-v3.18/wall_v318.json
body-v3.23/wall_v319.json,157779f9e5124b4b3dbd7b14b49fd287,226,body-v3.19/wall_v319.json
body-v3.23/wall_v320.json,5dec19b66934cea85dd96c36a283b115,226,body-v3.20/wall_v320.json
body-v3.23/wall_v321.json,a493b5556d52663136969869fdd431dd,228,body-v3.21/wall_v321.json
body-v3.23/wall_v322.json,2aaf6d528fc179661a6ddb5b08e5efa4,222,body-v3.22/wall_v322.json
body-v3.23/wall_v323.json,3dffa10c6b233c74f3061a182e64b2d7,225,body-v3.23/wall_v323.json
body-v3.23/measure/photo_measure.json,5832cf5aab493edae31cd598e050fc53,2746,body-v3/measure/photo_measure.json
body-v3.23/measure/snout_taper_v312.json,36dde250b844c6de6e65956251b874de,1330,body-v3.12/measure/snout_taper_v312.json
body-v3.23/measure/targets.json,7b665a9c4ecd33771be6d5312f1cfcdb,5282,body-v3/measure/targets.json
body-v3.23/measure/v31_measure.json,7770567faa6c6ee5ce5e18b1da51c474,1121,body-v3.1/measure/v31_measure.json
body-v3.23/measure/v32_measure.json,852640a3181a17ea81aee224e86ac5f7,979,body-v3.10/measure/v32_measure.json
body-v3.23/measure/v32_neck_scale.json,14486360543aa63b349b95440d1f1729,914,body-v3.10/measure/v32_neck_scale.json
body-v3.23/measure/v33_head_size.json,fc2bb9834c1e56d00aff074751409e63,968,body-v3.10/measure/v33_head_size.json
body-v3.23/measure/v33_head_size_overlay.json,f59662c96f18842e63e50af4d4cb1315,567,body-v3.10/measure/v33_head_size_overlay.json
body-v3.23/measure/v33_neck_scale.json,e40e7e3d179e145a736191fd39b80f52,368,body-v3.10/measure/v33_neck_scale.json
body-v3.23/measure319/iou_v318.json,479e9d0e0a858c996d286c9f83753d7f,801,body-v3.19/measure319/iou_v318.json
body-v3.23/measure319/iou_v319.json,6834cf8c196fae3875b56aec31675659,799,body-v3.19/measure319/iou_v319.json
body-v3.23/measure319/iou_v320.json,359608708d417279476b7ab6976694cd,801,body-v3.20/measure319/iou_v320.json
body-v3.23/measure319/iou_v321.json,b9fe0ae29db8389520bb6955d045764e,801,body-v3.21/measure319/iou_v321.json
body-v3.23/measure319/iou_v322.json,cc10aee573c5504c45e51ca85dd43da1,801,body-v3.22/measure319/iou_v322.json
body-v3.23/measure319/iou_v323.json,bbe2e688de35efe13bf1d10463fdc8a0,800,body-v3.23/measure319/iou_v323.json
body-v3.23/measure319/iou_vA.json,8a0fdb44451e8e02236f704eadde71f2,801,body-v3.23/measure319/iou_vA.json
body-v3.23/measure319/iou_vB.json,522a6af83873165328ba309d918fe12b,798,body-v3.23/measure319/iou_vB.json
body-v3.23/measure319/iou_vC.json,1c0d88467bc3a102217bd6c8438b9f23,801,body-v3.23/measure319/iou_vC.json
body-v3.23/sim/README.md,5a2184fcce272380e8a22600e08816c1,13351,body-v3.10/sim/README.md
body-v3.23/sim/arm_heat_v2.json,bc311c1775b81c9405219b9bbff5ec13,4223,body-v3/sim/arm_heat_v2.json
body-v3.23/sim/arm_heat_v3.json,07b5df779e4043a927a2b4d6fb21639a,4222,body-v3.10/sim/arm_heat_v3.json
body-v3.23/sim/compare_stock_v2_v3.json,0ed3b329d48797a6244eeffa2d5fde08,3805,body-v3/sim/compare_stock_v2_v3.json
body-v3.23/sim/compare_stock_v2_v3.md,895225c90e71fdfa98f1516ec893a8b1,2949,body-v3/sim/compare_stock_v2_v3.md
body-v3.23/sim/compare_v311_v312.json,3473272bc00ed7d7bd1011e4668be807,3275,body-v3.12/sim/compare_v311_v312.json
body-v3.23/sim/compare_v311_v312.md,22edbe199a0bd1aadce75c39aed27780,1921,body-v3.12/sim/compare_v311_v312.md
body-v3.23/sim/compare_v312_v313.json,5dd49cf449e49debec85c42ab559d377,3276,body-v3.13/sim/compare_v312_v313.json
body-v3.23/sim/compare_v312_v313.md,b8d569cdec4a0b4d85e633e1fad8d729,1922,body-v3.13/sim/compare_v312_v313.md
body-v3.23/sim/compare_v313_v314.json,5ee81ca0f77cf165bdf818892ffd6dca,3276,body-v3.14/sim/compare_v313_v314.json
body-v3.23/sim/compare_v313_v314.md,6283c46bebaa7397b4d96d193bfc9c77,1922,body-v3.14/sim/compare_v313_v314.md
body-v3.23/sim/compare_v314_v315.json,ae355b8cf1a564bbec7efc7eb413a87a,3275,body-v3.15/sim/compare_v314_v315.json
body-v3.23/sim/compare_v314_v315.md,5022aaec37e2cbfffaaa0ffda9155353,1921,body-v3.15/sim/compare_v314_v315.md
body-v3.23/sim/compare_v315_v316.json,05b068e032c61b44a735110dd68d824f,3275,body-v3.16/sim/compare_v315_v316.json
body-v3.23/sim/compare_v315_v316.md,7f3d98d608546dfa4b151456866195a1,1921,body-v3.16/sim/compare_v315_v316.md
body-v3.23/sim/compare_v316_v317.json,89fc00addd46ac4183394325d465c0b6,3276,body-v3.17/sim/compare_v316_v317.json
body-v3.23/sim/compare_v316_v317.md,83688af2bb79fc2348ba36b5274ba16a,1922,body-v3.17/sim/compare_v316_v317.md
body-v3.23/sim/compare_v317_v318.json,ad0dc738bc0a716df0978250c0782c47,3276,body-v3.18/sim/compare_v317_v318.json
body-v3.23/sim/compare_v317_v318.md,e48cf4f4e269a3976efa4d3045ee151b,1922,body-v3.18/sim/compare_v317_v318.md
body-v3.23/sim/compare_v318_v319.json,0e65f3737cf34fa7999880e013a7cd91,3274,body-v3.19/sim/compare_v318_v319.json
body-v3.23/sim/compare_v318_v319.md,c4243a4bef93963eaf6f9b4f77832ff6,1920,body-v3.19/sim/compare_v318_v319.md
body-v3.23/sim/compare_v319_v320.json,bab95bb7d04ef783644b5849d6af0ea4,3274,body-v3.20/sim/compare_v319_v320.json
body-v3.23/sim/compare_v319_v320.md,c75a6c9adff1c572d18b39ed317b99e8,1920,body-v3.20/sim/compare_v319_v320.md
body-v3.23/sim/compare_v31_v32.json,c51ae2424f05c1ab5562ee15e9b2965f,3254,body-v3.10/sim/compare_v31_v32.json
body-v3.23/sim/compare_v31_v32.md,644ebfad4fb06dc032148c27094bee2c,1939,body-v3.10/sim/compare_v31_v32.md
body-v3.23/sim/compare_v320_v321.json,7c5080f5760645a1aef606488f8d7e1c,3275,body-v3.21/sim/compare_v320_v321.json
body-v3.23/sim/compare_v320_v321.md,46a012e37a610a9fa3786dc1fb72d54b,1921,body-v3.21/sim/compare_v320_v321.md
body-v3.23/sim/compare_v321_v322.json,6cfba00157bfee31f045cd1f5fb511c4,3275,body-v3.22/sim/compare_v321_v322.json
body-v3.23/sim/compare_v321_v322.md,612869a9d426091336938b142bd604fc,1921,body-v3.22/sim/compare_v321_v322.md
body-v3.23/sim/compare_v322_v323.json,4b06bad9663207db1f5e6ae12259e9c4,3275,body-v3.23/sim/compare_v322_v323.json
body-v3.23/sim/compare_v322_v323.md,c74ddd392bf5f3aaf3d22b57f9397102,1921,body-v3.23/sim/compare_v322_v323.md
body-v3.23/sim/compare_v32_v33.json,a6b9c313414ce0741dcde7c80ce064a7,3255,body-v3.10/sim/compare_v32_v33.json
body-v3.23/sim/compare_v32_v33.md,de11b2bed04349fe3059fe2af1f01f8d,1861,body-v3.10/sim/compare_v32_v33.md
body-v3.23/sim/compare_v33_v34.json,9970e48ff8444752844c36261fdbc8a7,3255,body-v3.10/sim/compare_v33_v34.json
body-v3.23/sim/compare_v33_v34.md,1bee2d057cf0af55e9285ae39642e0d4,1861,body-v3.10/sim/compare_v33_v34.md
body-v3.23/sim/compare_v34_v35.json,15b209ba528bca78169f2c308cc5a0c0,3263,body-v3.10/sim/compare_v34_v35.json
body-v3.23/sim/compare_v34_v35.md,e7b150ed0f30c20b731c9a2ac12058d0,2289,body-v3.10/sim/compare_v34_v35.md
body-v3.23/sim/compare_v35_v36.json,91ae3e17f2ce269016d61be082636f3e,3272,body-v3.10/sim/compare_v35_v36.json
body-v3.23/sim/compare_v35_v36.md,ada8c03eeb0156deaac729f93149e461,2344,body-v3.10/sim/compare_v35_v36.md
body-v3.23/sim/compare_v36_v37.json,3e11a3460b142718d63652a501df696e,3271,body-v3.10/sim/compare_v36_v37.json
body-v3.23/sim/compare_v36_v37.md,fda6c06c3d45610df1ba016b41b4ba7b,2405,body-v3.10/sim/compare_v36_v37.md
body-v3.23/sim/compare_v37_v38.json,1276986b406e998977d666daa157cf71,3272,body-v3.10/sim/compare_v37_v38.json
body-v3.23/sim/compare_v37_v38.md,f8a800c1b0a12f6fdc9a81f7131ee562,1915,body-v3.10/sim/compare_v37_v38.md
body-v3.23/sim/compare_v38_v39.json,5a057226cca27472ecf7125a724e8082,3274,body-v3.10/sim/compare_v38_v39.json
body-v3.23/sim/compare_v38_v39.md,dc30e35f4edbde2136c3daf04fc04bcc,1917,body-v3.10/sim/compare_v38_v39.md
body-v3.23/sim/compare_v39_v310.json,8d43b630f2580e8ba95a586df3f3d406,3275,body-v3.10/sim/compare_v39_v310.json
body-v3.23/sim/compare_v39_v310.md,03dd6304ccf2ba5f39991cdadfafd6c8,1921,body-v3.10/sim/compare_v39_v310.md
body-v3.23/sim/compare_v39_v311.json,bf0d8a9069f17dfd3c90f0ae651cbc80,3274,body-v3.11/sim/compare_v39_v311.json
body-v3.23/sim/compare_v39_v311.md,504094156e0454adb92ca4e51fd97da2,1920,body-v3.11/sim/compare_v39_v311.md
body-v3.23/sim/compare_v3_v31.json,7e29f9219c9b23c6c5982ab3a1a89db3,2829,body-v3.1/sim/compare_v3_v31.json
body-v3.23/sim/compare_v3_v31.md,175081c021dce15c7e987872af0ac43f,1611,body-v3.1/sim/compare_v3_v31.md
body-v3.23/sim/gen317.log,d1364dfc1ced2a5a433641ee9c86e977,799,body-v3.17/sim/gen317.log
body-v3.23/sim/gen318.log,4b275951c1b9a0045efd57346cbaa4f8,799,body-v3.18/sim/gen318.log
body-v3.23/sim/gen319.log,be94467370eae037352b4abf64edbf77,799,body-v3.19/sim/gen319.log
body-v3.23/sim/gen320.log,01f6e4df684b699877f852a33ff39cd7,799,body-v3.20/sim/gen320.log
body-v3.23/sim/gen322.log,16510f42780f21957b8d809a3deae052,799,body-v3.22/sim/gen322.log
body-v3.23/sim/gen323.log,977ac1c0307f32f8ddc6b7ff0863b72d,799,body-v3.23/sim/gen323.log
body-v3.23/sim/mass_report_v3.json,6f41ddf63e118b94bfe87a7b70d591ba,13479,body-v3.23/sim/mass_report_v3.json
body-v3.23/sim/plot_compare.png,2457a623d2f320f37f590b6d2c9af28b,58887,body-v3/sim/plot_compare.png
body-v3.23/sim/results_v3.json,8d437b38b13edee42f6213c5b73acaba,7723,body-v3.23/sim/results_v3.json
body-v3.23/sim/results_v3_8pct.json,cb25e47bae840299a65617cae6694f56,7820,body-v3.11/sim/results_v3_8pct.json
body-v3.23/sim/results_v3_snout10pct.json,103a1aed6577f64926a156f4fcbe8328,7823,body-v3.11/sim/results_v3_snout10pct.json
body-v3.23/sim/rt317.log,734339dad8e117eede012b875d819072,2997,body-v3.17/sim/rt317.log
body-v3.23/sim/rt318.log,247bdf8654fc2b7269fc35245609c6e0,2996,body-v3.18/sim/rt318.log
body-v3.23/sim/rt319.log,324a9b3cec0b51d6489bf0504706f4e2,2991,body-v3.19/sim/rt319.log
body-v3.23/sim/rt320.log,bfbbed9c401c39dd1f62267c258aa1e3,2994,body-v3.20/sim/rt320.log
body-v3.23/sim/rt322.log,4056c292613a182c8cc4446cca90f152,2993,body-v3.22/sim/rt322.log
body-v3.23/sim/rt323.log,a7659744cf7ee25b5132c56a89dc1e79,2995,body-v3.23/sim/rt323.log
body-v3.23/sim/sweep319.txt,278100be8b4725996bbdeb59fc299feb,345,body-v3.19/sim/sweep319.txt
body-v3.23/sim/sweep322.txt,a9369f3a91cf7155248fccd019054a28,593,body-v3.22/sim/sweep322.txt
body-v3.23/sim/sweep323.txt,70d6d4ea8f1e5c890e96da9a63831f53,535,body-v3.23/sim/sweep323.txt
body-v3.23/sim/walk_refine_eff_v32.json,c16511f9d50b2474cee6257db0d85351,157,body-v3.23/sim/walk_refine_eff_v32.json
body-v3.23/sim/walk_refine_v32.json,e4b90d6799de5bb3a37692f0131ff288,157,body-v3.22/sim/walk_refine_v32.json
body-v3.23/sim/walk_v3.json,5d86ba253d556f0c4e06a6b6a6ee3b16,3035,body-v3.23/sim/walk_v3.json
body-v3.23/sim/walk_v3_eff.json,b809785c839b19be78d9cac4f267cc4a,3044,body-v3.23/sim/walk_v3_eff.json
body-v3.23/sim/walk_v3_eff_noref.json,ebaa41acfaaef3b24dc77ab83db09f93,3101,body-v3.10/sim/walk_v3_eff_noref.json
body-v3.23/sim/walk_v3_noref.json,85f5f335181e839cfdc2d627ecca5d32,3095,body-v3.10/sim/walk_v3_noref.json
body-v3.23/sim/walk_v3_prerefine_v310.json,09d03ddff2a0a115af858a30f0934a7e,3038,body-v3.10/sim/walk_v3_prerefine_v310.json
body-v3.23/sim/we317.log,909b74c0ea465803e8271ca953cb24d3,126,body-v3.17/sim/we317.log
body-v3.23/sim/we318.log,cf4768c1657856fc40fa2c919d66ea86,127,body-v3.18/sim/we318.log
body-v3.23/sim/we319.log,3f677b2656f761d6d36a48d6fef04cbf,126,body-v3.19/sim/we319.log
body-v3.23/sim/we320.log,ce08323dee1e373fba90bff4e78c5694,127,body-v3.20/sim/we320.log
body-v3.23/sim/we321b.log,e45662280140f094d9074850f66b1e0c,127,body-v3.21/sim/we321b.log
body-v3.23/sim/we322.log,407e0e99965ade0f7cb2f4186060a3d0,125,body-v3.22/sim/we322.log
body-v3.23/sim/we323.log,cde16558d70b04c25b7adf3b0969e050,125,body-v3.23/sim/we323.log
body-v3.23/sim/wee317.log,7656cb072a79947613d2fb1b6f43d853,127,body-v3.17/sim/wee317.log
body-v3.23/sim/wee318.log,5190b6cd46b96e2cbaf59dc74937c829,127,body-v3.18/sim/wee318.log
body-v3.23/sim/wee319.log,e1617f52cb38131115c93a6a9b087131,129,body-v3.19/sim/wee319.log
body-v3.23/sim/wee320.log,1ef65b3d0c0e312f23a72c1397253066,128,body-v3.20/sim/wee320.log
body-v3.23/sim/wee322.log,70e4d67b26be70fc24d55061a7dfccb9,128,body-v3.22/sim/wee322.log
body-v3.23/sim/wee323.log,4266b6265524378564c2dc06c5dd19b1,128,body-v3.23/sim/wee323.log
body-v3.23/sim/wr317.log,7aabad450d8fee0e5cf88845890bc832,549,body-v3.17/sim/wr317.log
body-v3.23/sim/wr318.log,7e3296c6912b1ea3665e1eecf625a1fa,550,body-v3.18/sim/wr318.log
body-v3.23/sim/wr319.log,ec71d90097784f9358b910a600739de9,546,body-v3.19/sim/wr319.log
body-v3.23/sim/wr321.log,9c5746707350699dfcddcafbe5fa9862,556,body-v3.21/sim/wr321.log
body-v3.23/sim/wr321b.log,6f26a7b15ab047e6ae1b24ac2760b222,549,body-v3.21/sim/wr321b.log
body-v3.23/sim/wr322.log,b5f9a4d5217cff369faf1c7aad137242,539,body-v3.22/sim/wr322.log
body-v3.23/sim/wre319.log,5dc35f4200037d2feeaab949c4f83421,548,body-v3.19/sim/wre319.log
body-v3.23/sim/wre319b.log,27e94bc650d92537dfcb31ffd6dabc89,549,body-v3.19/sim/wre319b.log
body-v3.23/sim/wre323.log,13900173b09c52a190bfc13d54fab539,546,body-v3.23/sim/wre323.log
body-v3.23/sim/wre323b.log,e86f9c63be2ec9ad4d431aa2a45d64c1,546,body-v3.23/sim/wre323b.log
body-v3.23/sim/wre323c.log,4e2a1d0c084021ffa7bf77f1d3d00bb6,544,body-v3.23/sim/wre323c.log
body-v3.23/sim/bak_pre_refine_v323/walk_v3_eff.json,b2efa2b2ba6f159fc5162672a5423484,3047,body-v3.23/sim/bak_pre_refine_v323/walk_v3_eff.json
body-v3.23/sim/v310_ref/arm_heat_v3.json,07b5df779e4043a927a2b4d6fb21639a,4222,body-v3.10/sim/arm_heat_v3.json
body-v3.23/sim/v310_ref/results_v3.json,2370068638410dd3864dd3c892cd6a3b,7823,body-v3.10/sim/results_v3.json
body-v3.23/sim/v310_ref/walk_v3.json,e9d78c042a9e739225f3023ca5bd64dd,3038,body-v3.10/sim/walk_v3.json
body-v3.23/sim/v310_ref/walk_v3_eff.json,1e744e11cd7023f86b9f07eff160bb5d,3038,body-v3.10/sim/walk_v3_eff.json
body-v3.23/sim/v311_ref/arm_heat_v3.json,07b5df779e4043a927a2b4d6fb21639a,4222,body-v3.10/sim/arm_heat_v3.json
body-v3.23/sim/v311_ref/results_v3.json,859125992a19eb68d7b6dfc8772bce89,7823,body-v3.11/sim/results_v3.json
body-v3.23/sim/v311_ref/walk_v3.json,4af9789103d25cb741517657b5fde163,3031,body-v3.11/sim/walk_v3.json
body-v3.23/sim/v311_ref/walk_v3_eff.json,90de5e2d159d49e1a165ee89674e8272,3049,body-v3.11/sim/walk_v3_eff.json
body-v3.23/sim/v312_ref/arm_heat_v3.json,07b5df779e4043a927a2b4d6fb21639a,4222,body-v3.10/sim/arm_heat_v3.json
body-v3.23/sim/v312_ref/results_v3.json,5424004f332c0e8e99cd9a8ec70d033e,7823,body-v3.12/sim/results_v3.json
body-v3.23/sim/v312_ref/walk_v3.json,6813456c6d543b75d9ce3378cc7ec76d,3035,body-v3.12/sim/walk_v3.json
body-v3.23/sim/v312_ref/walk_v3_eff.json,da1bc95efaa4f87cffc8d4173df08fb6,3048,body-v3.12/sim/walk_v3_eff.json
body-v3.23/sim/v314_ref/arm_heat_v3.json,07b5df779e4043a927a2b4d6fb21639a,4222,body-v3.10/sim/arm_heat_v3.json
body-v3.23/sim/v314_ref/results_v3.json,5ff19fd27ab58cd5229b75f149e29603,7823,body-v3.14/sim/results_v3.json
body-v3.23/sim/v314_ref/walk_v3.json,1e30876edb5e0bee39df59123740079d,3036,body-v3.14/sim/walk_v3.json
body-v3.23/sim/v314_ref/walk_v3_eff.json,c116a8d3fe477f01a98b8bb54dabfa7f,3045,body-v3.14/sim/walk_v3_eff.json
body-v3.23/sim/v315_ref/arm_heat_v3.json,07b5df779e4043a927a2b4d6fb21639a,4222,body-v3.10/sim/arm_heat_v3.json
body-v3.23/sim/v315_ref/results_v3.json,b313775a19af5f0e29ea8d9ae9575fe6,7822,body-v3.15/sim/results_v3.json
body-v3.23/sim/v315_ref/walk_v3.json,c985f9e94b78a0fe370d07b3b066741c,3031,body-v3.15/sim/walk_v3.json
body-v3.23/sim/v315_ref/walk_v3_eff.json,ffd36628ae1263713261beaf6e10d638,3039,body-v3.15/sim/walk_v3_eff.json
body-v3.23/sim/v316_ref/arm_heat_v3.json,07b5df779e4043a927a2b4d6fb21639a,4222,body-v3.10/sim/arm_heat_v3.json
body-v3.23/sim/v316_ref/results_v3.json,24e44ae5ede579cf27e9c59f3e91a5de,7775,body-v3.16/sim/results_v3.json
body-v3.23/sim/v316_ref/walk_v3.json,204d18347ae73d7c7dea42312c01ae3f,3036,body-v3.16/sim/walk_v3.json
body-v3.23/sim/v316_ref/walk_v3_eff.json,fbf1db72d2d067b3cd3d9ac1219e6d20,3040,body-v3.16/sim/walk_v3_eff.json
body-v3.23/sim/v317_ref/arm_heat_v3.json,07b5df779e4043a927a2b4d6fb21639a,4222,body-v3.10/sim/arm_heat_v3.json
body-v3.23/sim/v317_ref/results_v3.json,935d6addfe550f20e12c8b793636fe96,7778,body-v3.17/sim/results_v3.json
body-v3.23/sim/v317_ref/walk_v3.json,0514cc614c854751602a29fa12e9d12f,3035,body-v3.17/sim/walk_v3.json
body-v3.23/sim/v317_ref/walk_v3_eff.json,bf910ab795ecc5688ba847d99747c920,3035,body-v3.17/sim/walk_v3_eff.json
body-v3.23/sim/v318_ref/arm_heat_v3.json,07b5df779e4043a927a2b4d6fb21639a,4222,body-v3.10/sim/arm_heat_v3.json
body-v3.23/sim/v318_ref/results_v3.json,b574dd55b92c2a33487ba4df1b2c8382,7730,body-v3.18/sim/results_v3.json
body-v3.23/sim/v318_ref/walk_v3.json,33e5b5229a31a9aab20310892ef2c5a7,3033,body-v3.18/sim/walk_v3.json
body-v3.23/sim/v318_ref/walk_v3_eff.json,b7f747d38a4ab2f7f6855d9d19724dda,3041,body-v3.18/sim/walk_v3_eff.json
body-v3.23/sim/v319_ref/arm_heat_v3.json,07b5df779e4043a927a2b4d6fb21639a,4222,body-v3.10/sim/arm_heat_v3.json
body-v3.23/sim/v319_ref/results_v3.json,b6381dfeaa6b0f3c7fda067dc519bbf6,7719,body-v3.19/sim/results_v3.json
body-v3.23/sim/v319_ref/walk_v3.json,2befac91b8fb900a116412d9eb360ef1,3040,body-v3.19/sim/walk_v3.json
body-v3.23/sim/v319_ref/walk_v3_eff.json,958b7e2ebedc49ce3e3f984ed44e4648,3043,body-v3.19/sim/walk_v3_eff.json
body-v3.23/sim/v31_ref/arm_heat_v3.json,2126fcc62fd7d3c396dcb7770419204a,4220,body-v3.1/sim/arm_heat_v3.json
body-v3.23/sim/v31_ref/mass_report_v3.json,b22177cef249a8bc99fcb2f57bb05878,12902,body-v3.1/sim/mass_report_v3.json
body-v3.23/sim/v31_ref/results_v3.json,510d1456468455e8152b440555672307,8029,body-v3.1/sim/results_v3.json
body-v3.23/sim/v31_ref/walk_v3.json,21a198ab40b540b4e3398bd7bdd66988,3094,body-v3.1/sim/walk_v3.json
body-v3.23/sim/v31_ref/walk_v3_eff.json,031ec90a823c37124efb0f9b271545e0,3102,body-v3.1/sim/walk_v3_eff.json
body-v3.23/sim/v320_ref/arm_heat_v3.json,07b5df779e4043a927a2b4d6fb21639a,4222,body-v3.10/sim/arm_heat_v3.json
body-v3.23/sim/v320_ref/results_v3.json,a3f76d9df0efa840ce3eedc394c67c25,7725,body-v3.20/sim/results_v3.json
body-v3.23/sim/v320_ref/walk_v3.json,3c60ae1fab664f989b79e69f90a262b8,3041,body-v3.20/sim/walk_v3.json
body-v3.23/sim/v320_ref/walk_v3_eff.json,03eb5773b7046ab0d35d27298ebcb3a6,3042,body-v3.20/sim/walk_v3_eff.json
body-v3.23/sim/v321_ref/arm_heat_v3.json,07b5df779e4043a927a2b4d6fb21639a,4222,body-v3.10/sim/arm_heat_v3.json
body-v3.23/sim/v321_ref/results_v3.json,9376232a72512e604ebf34cf3b0762df,7731,body-v3.21/sim/results_v3.json
body-v3.23/sim/v321_ref/walk_v3.json,01446e40422c7d46429c72ec2607530b,3036,body-v3.21/sim/walk_v3.json
body-v3.23/sim/v321_ref/walk_v3_eff.json,3ce6d50a38fd9906f253a17dd746cce3,3047,body-v3.21/sim/walk_v3_eff.json
body-v3.23/sim/v322_ref/arm_heat_v3.json,07b5df779e4043a927a2b4d6fb21639a,4222,body-v3.10/sim/arm_heat_v3.json
body-v3.23/sim/v322_ref/results_v3.json,6ad0ee2d5d6d53f8b36744fa2ee3242d,7719,body-v3.22/sim/results_v3.json
body-v3.23/sim/v322_ref/walk_v3.json,7967a3be11fabb980089e5200d649aa6,3033,body-v3.22/sim/walk_v3.json
body-v3.23/sim/v322_ref/walk_v3_eff.json,098c6cd614912b59984aee1711e1acd5,3043,body-v3.22/sim/walk_v3_eff.json
body-v3.23/sim/v32_ref/arm_heat_v3.json,07b5df779e4043a927a2b4d6fb21639a,4222,body-v3.10/sim/arm_heat_v3.json
body-v3.23/sim/v32_ref/results_v3.json,691b926aea221e63317388971ca903f7,8023,body-v3.10/sim/v32_ref/results_v3.json
body-v3.23/sim/v32_ref/walk_refine_v32.json,0648267fc7b09edeaa65985c0b4db260,157,body-v3.10/sim/v32_ref/walk_refine_v32.json
body-v3.23/sim/v32_ref/walk_v3.json,120423616b57938b7fd7672da7ad00f6,3165,body-v3.10/sim/v32_ref/walk_v3.json
body-v3.23/sim/v32_ref/walk_v3_eff.json,0860666c2fb00c61803ca5cf38d8cf2e,3103,body-v3.10/sim/v32_ref/walk_v3_eff.json
body-v3.23/sim/v33_ref/arm_heat_v3.json,07b5df779e4043a927a2b4d6fb21639a,4222,body-v3.10/sim/arm_heat_v3.json
body-v3.23/sim/v33_ref/results_v3.json,1f5b949f70ea6f2d2ca68c339ea885bb,8028,body-v3.10/sim/v33_ref/results_v3.json
body-v3.23/sim/v33_ref/walk_v3.json,135fd3eba247694b2d0455b05c2b1ed0,3154,body-v3.10/sim/v33_ref/walk_v3.json
body-v3.23/sim/v33_ref/walk_v3_eff.json,07f206d2b718406f84a80514363a0894,3163,body-v3.10/sim/v33_ref/walk_v3_eff.json
body-v3.23/sim/v34_ref/arm_heat_v3.json,07b5df779e4043a927a2b4d6fb21639a,4222,body-v3.10/sim/arm_heat_v3.json
body-v3.23/sim/v34_ref/results_v3.json,daa3ef05a96a0d46bbace841296e31c6,8020,body-v3.10/sim/v34_ref/results_v3.json
body-v3.23/sim/v34_ref/walk_v3.json,7f1ce820d388e0e41ba3dfc2c5faba4a,3155,body-v3.10/sim/v34_ref/walk_v3.json
body-v3.23/sim/v34_ref/walk_v3_eff.json,4ea2b63d0b9eba2faa54ba882cf92f93,3160,body-v3.10/sim/v34_ref/walk_v3_eff.json
body-v3.23/sim/v36_ref/arm_heat_v3.json,07b5df779e4043a927a2b4d6fb21639a,4222,body-v3.10/sim/arm_heat_v3.json
body-v3.23/sim/v36_ref/results_v3.json,6d09c34dcdbeb0ab1721a3015ed869a3,7773,body-v3.10/sim/v36_ref/results_v3.json
body-v3.23/sim/v36_ref/walk_v3.json,38bcf54acd4ca8bbf675993d585329f0,3039,body-v3.10/sim/v36_ref/walk_v3.json
body-v3.23/sim/v36_ref/walk_v3_eff.json,31b8a828b14afc9f5d317ef29cfbe9a9,3042,body-v3.10/sim/v36_ref/walk_v3_eff.json
body-v3.23/sim/v37_ref/arm_heat_v3.json,07b5df779e4043a927a2b4d6fb21639a,4222,body-v3.10/sim/arm_heat_v3.json
body-v3.23/sim/v37_ref/results_v3.json,e28526abee73fc3f1f2ce8a8893f87ae,7780,body-v3.10/sim/v37_ref/results_v3.json
body-v3.23/sim/v37_ref/walk_v3.json,33671a750fd7dce386401bce59f686a8,3032,body-v3.10/sim/v37_ref/walk_v3.json
body-v3.23/sim/v37_ref/walk_v3_eff.json,7be0f1960d01f0a3b80fb0f12f58de19,3043,body-v3.10/sim/v37_ref/walk_v3_eff.json
body-v3.23/sim/v38_ref/arm_heat_v3.json,07b5df779e4043a927a2b4d6fb21639a,4222,body-v3.10/sim/arm_heat_v3.json
body-v3.23/sim/v38_ref/results_v3.json,db7c5b8b22483b4f91eb46d530353928,7824,body-v3.10/sim/v38_ref/results_v3.json
body-v3.23/sim/v38_ref/walk_v3.json,fee45989bdaf3ab94dcabed25b50e7bb,3039,body-v3.10/sim/v38_ref/walk_v3.json
body-v3.23/sim/v38_ref/walk_v3_eff.json,228f2964c6705f80ebc7366edb2f0317,3043,body-v3.10/sim/v38_ref/walk_v3_eff.json
body-v3.23/sim/v39_ref/arm_heat_v3.json,07b5df779e4043a927a2b4d6fb21639a,4222,body-v3.10/sim/arm_heat_v3.json
body-v3.23/sim/v39_ref/results_v3.json,6603ecb5509ca86206a169ce15811895,7824,body-v3.10/sim/v39_ref/results_v3.json
body-v3.23/sim/v39_ref/walk_v3.json,8fc65df0a06c89e667c1c6d739d66c3c,3033,body-v3.10/sim/v39_ref/walk_v3.json
body-v3.23/sim/v39_ref/walk_v3_eff.json,79767a0ef34301f4d5f02ac4e2c255bf,3042,body-v3.10/sim/v39_ref/walk_v3_eff.json
body-v3.23/sim/v3_ref/arm_heat_v3.json,24f0f1621b09d575497b233327d5af34,4223,body-v3/sim/arm_heat_v3.json
body-v3.23/sim/v3_ref/results_v3.json,e91a5d8c46c37b6547966407c5d77848,8025,body-v3/sim/results_v3.json
body-v3.23/sim/v3_ref/walk_v3.json,f6dfc33626937c34a72b551e33684da3,3337,body-v3/sim/walk_v3.json
body-v3.23/sim/v3_ref/walk_v3_eff.json,394deba9fbf961cf5d88aae40d78c2e6,3347,body-v3/sim/walk_v3_eff.json
body-v3.24/README.md,65c2e177b5412a5e63ba38b5190edbde,6101,body-v3.10/README.md
body-v3.24/README_v3.md,d5dfb182350ce2de808eda08cc549acc,8398,body-v3/README.md
body-v3.24/README_v31.md,62cf5740b1281b505a1e2bb98d536030,8478,body-v3.1/README.md
body-v3.24/README_v310.md,8da2f237ff36b44d0add847660514f13,3734,body-v3.10/README_v310.md
body-v3.24/README_v311.md,00e8e1e244dfd4deb11e26e2ae98012f,4189,body-v3.11/README_v311.md
body-v3.24/README_v312.md,1661c05da47e75ae5678be1a9513648e,4010,body-v3.12/README_v312.md
body-v3.24/README_v313.md,60beb427e39b3057b625d7c402153ecd,3338,body-v3.13/README_v313.md
body-v3.24/README_v314.md,c06f881a9d452d57268625b05f4b8850,3978,body-v3.14/README_v314.md
body-v3.24/README_v315.md,e6dcd0fd62eb3f59d02bf840e1d59599,2771,body-v3.15/README_v315.md
body-v3.24/README_v316.md,af2d2b48ebd64516bfe0f1dd61b28da7,6517,body-v3.16/README_v316.md
body-v3.24/README_v317.md,08d1cd9d822124621f017e9b62a01692,4494,body-v3.17/README_v317.md
body-v3.24/README_v318.md,0af4e594f70c70c582978e26dba2fd10,4575,body-v3.18/README_v318.md
body-v3.24/README_v319.md,9cab512e2cc660ed2cc713091882f107,5665,body-v3.19/README_v319.md
body-v3.24/README_v32.md,36d5079dfd7d10c4ca271706c936cf5a,12057,body-v3.10/README_v32.md
body-v3.24/README_v320.md,1bd93ec87a4a978fead0c396fc582328,2026,body-v3.20/README_v320.md
body-v3.24/README_v321.md,940bbfbf636a75d9a05673bb9bf46acc,2892,body-v3.21/README_v321.md
body-v3.24/README_v322.md,d0144fa82487f3971e9f5466b74ae3bc,2977,body-v3.22/README_v322.md
body-v3.24/README_v324.md,ee9085e42330da4fb75666549430eb07,2460,body-v3.24/README_v324.md
body-v3.24/README_v33.md,6752bb01dae32e530a285e330f4d5770,5164,body-v3.10/README_v33.md
body-v3.24/README_v34.md,b512057a38e8cd7dd3ee07219c058e51,2623,body-v3.10/README_v34.md
body-v3.24/README_v35.md,7d8c481c42edc18f57b68b7bcea44345,2418,body-v3.10/README_v35.md
body-v3.24/README_v36.md,756af93fbf80b2ee9e5fee1458509d98,2438,body-v3.10/README_v36.md
body-v3.24/README_v38.md,ed0092856c928668efe6274c4752d7c2,4651,body-v3.10/README_v38.md
body-v3.24/README_v39.md,93f974e23db0965ce50120ba22d3dfaf,4818,body-v3.10/README_v39.md
body-v3.24/armsweep_v316.json,1f5aeabfa91da235aef6d943587fcf20,232,body-v3.16/armsweep_v316.json
body-v3.24/armsweep_v317.json,64745441dcb259065e67e21ae09ffab6,1203,body-v3.17/armsweep_v317.json
body-v3.24/armsweep_v318.json,5ae60717248b7264e1f67c1252ce79a5,1198,body-v3.18/armsweep_v318.json
body-v3.24/armsweep_v319.json,8c6d5a5f572ff5fabd1bbab9856ddf11,1230,body-v3.19/armsweep_v319.json
body-v3.24/armsweep_v320.json,9cf76322dae0716251c9d43d851284dd,992,body-v3.20/armsweep_v320.json
body-v3.24/armsweep_v321.json,185ddf1d621c09dea5d35968652520a9,790,body-v3.21/armsweep_v321.json
body-v3.24/armsweep_v322.json,1c2b3fd30dfdab42e8c6f9655d7801af,990,body-v3.22/armsweep_v322.json
body-v3.24/armsweep_v323_on_this.json,cc1d45898859189c26dfa9af89931450,1090,body-v3.23/armsweep_v323_on_this.json
body-v3.24/armsweep_v324.json,da76ca344a4ed4b0207c31572c35376a,990,body-v3.24/armsweep_v324.json
body-v3.24/bom_v35.md,54e414cced6d75762caa12cba76d0d40,1012,body-v3.10/bom_v35.md
body-v3.24/build_report.json,3c08239c078593b51d293cace8ec1a27,19929,body-v3.10/build_report.json
body-v3.24/changed_parts_v36_to_v37.json,a9a41d7c46a2ad62fed49408f90e4b29,1338,body-v3.10/changed_parts_v36_to_v37.json
body-v3.24/changed_parts_v37_to_v38.json,49ae233dc0c85f386397a6f0a52f4f9a,6172,body-v3.10/changed_parts_v37_to_v38.json
body-v3.24/changed_parts_v38_to_v39.json,d3cd5cdf0f50ea6407e39f2225cef809,6381,body-v3.10/changed_parts_v38_to_v39.json
body-v3.24/collide_head_v310.json,e25c6464886e09f567ee551e6f338f74,2142,body-v3.10/collide_head_v310.json
body-v3.24/collide_head_v311.json,e25c6464886e09f567ee551e6f338f74,2142,body-v3.10/collide_head_v310.json
body-v3.24/collide_head_v312.json,e25c6464886e09f567ee551e6f338f74,2142,body-v3.10/collide_head_v310.json
body-v3.24/collide_head_v312_baseline_for_v313.json,9b4637517f3bf949c5067330e618d235,10236,body-v3.13/collide_head_v312_baseline_for_v313.json
body-v3.24/collide_head_v313.json,b49557fdb2e92668b038eff5c1f559b2,10094,body-v3.13/collide_head_v313.json
body-v3.24/collide_head_v314.json,84a15622992a6302ff45de44e07548b2,10324,body-v3.14/collide_head_v314.json
body-v3.24/collide_head_v315.json,3abfd60515fd19ab49ad5e9844607e08,9549,body-v3.15/collide_head_v315.json
body-v3.24/collide_log_v38.txt,9401ea726b306a56955aecbaf3d6525e,4281,body-v3.10/collide_log_v38.txt
body-v3.24/collide_log_v39.txt,9401ea726b306a56955aecbaf3d6525e,4281,body-v3.10/collide_log_v38.txt
body-v3.24/collide_report.json,e6ddd4078834a837f9559a91643465bb,20690,body-v3.10/collide_report.json
body-v3.24/collide_v31_rule_check.json,2cfb89f60ed078067a5b0d563369f90c,129,body-v3.1/collide_v31_rule_check.json
body-v3.24/collide_v32_rule_check.json,005b67a629f7dd1569344a87c0e8df7b,164,body-v3.10/collide_v32_rule_check.json
body-v3.24/crest_valley_v321.json,3f672f077ad7c227637940c3147cf8b7,1542,body-v3.21/crest_valley_v321.json
body-v3.24/crest_valley_v322.json,ace9cd2fe2155ae48ab8593e69f98b44,1392,body-v3.22/crest_valley_v322.json
body-v3.24/fit_v314.json,f8aae41806d01c56389950094ea546d5,320,body-v3.14/fit_v314.json
body-v3.24/grain_report_v37.json,52e2a27dd5a2ad4627d83db7a4f9578a,1961,body-v3.24/grain_report_v37.json
body-v3.24/hair_print_report_v313.json,860be9dcc14d271703ad67c23017d1dc,2832,body-v3.13/hair_print_report_v313.json
body-v3.24/hair_print_report_v314.json,a9210bb284841958846ddb4167713788,4794,body-v3.14/hair_print_report_v314.json
body-v3.24/hair_print_report_v315.json,7c5a3f9afea264b52bd3e2841e3c9b82,3652,body-v3.15/hair_print_report_v315.json
body-v3.24/head_print_report.json,79f615cf398723aa2801b3336ef39415,6972,body-v3.10/head_print_report.json
body-v3.24/head_print_report_v315.json,2009b6b02676dc6b96c6dd0d5ffded22,5848,body-v3.15/head_print_report_v315.json
body-v3.24/head_print_report_v316.json,f8e1f5b80ec4e1a19764713305d52d78,3997,body-v3.16/head_print_report_v316.json
body-v3.24/head_print_report_v317.json,fe0ed67ed9be1c640ebe2961c972f159,3397,body-v3.17/head_print_report_v317.json
body-v3.24/head_print_report_v318.json,0c4af57a9b076781b75f49f381e6e2db,3274,body-v3.18/head_print_report_v318.json
body-v3.24/head_print_report_v319.json,19394cee936c19e67eee4e7b4a8bc97a,3164,body-v3.19/head_print_report_v319.json
body-v3.24/head_print_report_v320.json,fc1afe8bee3905b206b2b7456cbb73c3,3165,body-v3.20/head_print_report_v320.json
body-v3.24/head_print_report_v321.json,45ab6961dd3d64dcc06d9b6925a8d9be,3290,body-v3.21/head_print_report_v321.json
body-v3.24/head_print_report_v322.json,40a054a1a377cb70088eb61b6ed08ea3,3312,body-v3.22/head_print_report_v322.json
body-v3.24/head_print_report_v323.json,3e2871c80dabcd440fcd72c46185e909,3244,body-v3.23/head_print_report_v323.json
body-v3.24/head_print_report_v324.json,8783d5355568fb44b8e83f285cdfbbc4,3406,body-v3.24/head_print_report_v324.json
body-v3.24/head_print_report_v36.json,d33da0d7f147f0bd784709823ca6e9ae,7037,body-v3.10/head_print_report_v36.json
body-v3.24/head_print_report_v37.json,4e0e79baf232a56165080655c08ae618,7733,body-v3.10/head_print_report_v37.json
body-v3.24/head_print_report_v38.json,5d6e16e5fb2414e0bbfca34176d0c3f5,7735,body-v3.10/head_print_report_v38.json
body-v3.24/head_print_report_v39.json,ba2c678786c8b3f4cd8feca3787e75dd,7781,body-v3.10/head_print_report_v39.json
body-v3.24/head_size_v36.json,04f54b55f682598962ff3481a5aba85f,717,body-v3.10/head_size_v36.json
body-v3.24/headrange_v320.json,4d62c8eed17cabb04608f6e91debbee5,916,body-v3.20/headrange_v320.json
body-v3.24/headrange_v320_on_this.json,f5ed0ad80edd35f59d6827a28d4a668a,955,body-v3.24/headrange_v320_on_this.json
body-v3.24/kilt_check_v316.json,799d097cf52f2f781aee6f772478ae4c,2826,body-v3.16/kilt_check_v316.json
body-v3.24/kilt_check_v316_final_gaits.json,430d99554b945ffe97d090947af9ac02,346,body-v3.16/kilt_check_v316_final_gaits.json
body-v3.24/kilt_print_report_v316.json,7df362561b2ccfefc2eccfe6ae1b03f8,1855,body-v3.16/kilt_print_report_v316.json
body-v3.24/lock_table_v319.md,e055209e989f675cd40a57a2cc4250fc,2047,body-v3.19/lock_table_v319.md
body-v3.24/print_note_hair_v313.md,1e35268b4a671737e912d031e769524e,1665,body-v3.13/print_note_hair_v313.md
body-v3.24/print_note_hair_v314.md,d703f5636f9c988f749d1147171e51e9,2397,body-v3.14/print_note_hair_v314.md
body-v3.24/print_note_hair_v315.md,6a889c9eb945efe71cbd55e83070b248,2211,body-v3.15/print_note_hair_v315.md
body-v3.24/print_note_head_v315.md,b00ab61a458365b15abc38025eeb9024,3040,body-v3.15/print_note_head_v315.md
body-v3.24/print_note_head_v316.md,a4f5d5bc7d9d8ed629a2d852a4c13a00,2664,body-v3.16/print_note_head_v316.md
body-v3.24/print_note_head_v317.md,4688ae5478c06dc314ccd47e767dad95,2703,body-v3.17/print_note_head_v317.md
body-v3.24/print_note_head_v318.md,84654fd7ff87f728f90ca899ef84a8e0,2674,body-v3.18/print_note_head_v318.md
body-v3.24/print_note_head_v319.md,d0467f682f653a81efa0dfad57f3b62c,2611,body-v3.19/print_note_head_v319.md
body-v3.24/print_note_head_v320.md,fb8d40d0d708aecb53cdaab4c505c66a,2785,body-v3.20/print_note_head_v320.md
body-v3.24/print_note_head_v321.md,ed4789b2cfaee2d5338d341f14f4290e,3089,body-v3.21/print_note_head_v321.md
body-v3.24/print_note_head_v322.md,ad4097edd061a164f96d6a5d60ca8ff4,3108,body-v3.22/print_note_head_v322.md
body-v3.24/print_note_head_v323.md,5bc5d802a84be4fac02ed4256de40358,3214,body-v3.23/print_note_head_v323.md
body-v3.24/print_note_head_v324.md,aebc8c225ff6c8acad7e87fec2a8d757,3643,body-v3.24/print_note_head_v324.md
body-v3.24/print_note_kilt_v316.md,0fdb4004cc378b066f170eedf905c93a,3348,body-v3.16/print_note_kilt_v316.md
body-v3.24/print_note_snout_v310.md,8c28ce33c8014e2a35235021cfe421d2,1461,body-v3.10/print_note_snout_v310.md
body-v3.24/print_note_snout_v311.md,9e46a723542d0793ff9f75be43a9b93f,2029,body-v3.11/print_note_snout_v311.md
body-v3.24/print_note_snout_v312.md,c45bac8778b151145198787bdf6e0062,1827,body-v3.12/print_note_snout_v312.md
body-v3.24/print_sheet_body_v38.md,face3494b2f0898c92d4de88aa098edc,6733,body-v3.10/print_sheet_body_v38.md
body-v3.24/print_sheet_head.md,ac0500e69043b84dbd57f7204b995982,3511,body-v3.10/print_sheet_head.md
body-v3.24/print_sheet_head_v36.md,6ac4c2094ed80fd60fd094d5b6ead7f8,3683,body-v3.10/print_sheet_head_v36.md
body-v3.24/print_sheet_head_v37.md,e9fbab93227e450a8c099f93fd6ea65b,5234,body-v3.10/print_sheet_head_v37.md
body-v3.24/print_sheet_head_v38.md,1bd44b955d22ea2e13d00bf05d107d31,5698,body-v3.10/print_sheet_head_v38.md
body-v3.24/print_sheet_head_v39.md,be1e14d15b9f562fb02da2a9853dbef9,5766,body-v3.10/print_sheet_head_v39.md
body-v3.24/servo_choice.md,316473d63f90ad6a5649462db90ee4c3,7062,body-v3.1/servo_choice.md
body-v3.24/snout_print_report_v310.json,4bf50103ac3941a34a8e642e795d6244,1079,body-v3.10/snout_print_report_v310.json
body-v3.24/snout_print_report_v311.json,3a2a461ef0f6fd92fab4a720d1521a76,1010,body-v3.11/snout_print_report_v311.json
body-v3.24/snout_print_report_v312.json,777e230a1c3e92c7a47d5c5b7220e6ad,918,body-v3.12/snout_print_report_v312.json
body-v3.24/torso_env_v34.json,bda31ea296b814d3685d260d29f3e20f,36249,body-v3.10/torso_env_v34.json
body-v3.24/torso_env_v36.json,8b9d02fce005d442335cfb062533af58,54421,body-v3.10/torso_env_v36.json
body-v3.24/torso_env_v38.json,687e14f2e4e89bf21a99087d015075c6,54455,body-v3.10/torso_env_v38.json
body-v3.24/wall_v316_wig_ref.json,da76d2f347b1e63a64657da82a9b63a9,229,body-v3.17/wall_v316_wig_ref.json
body-v3.24/wall_v317.json,9a56d2bc81b85bf45a7a5b2ef12f0c2b,227,body-v3.17/wall_v317.json
body-v3.24/wall_v318.json,8a58771e7725eb91575b2ee5d5f624b9,226,body-v3.18/wall_v318.json
body-v3.24/wall_v319.json,157779f9e5124b4b3dbd7b14b49fd287,226,body-v3.19/wall_v319.json
body-v3.24/wall_v320.json,5dec19b66934cea85dd96c36a283b115,226,body-v3.20/wall_v320.json
body-v3.24/wall_v321.json,a493b5556d52663136969869fdd431dd,228,body-v3.21/wall_v321.json
body-v3.24/wall_v322.json,2aaf6d528fc179661a6ddb5b08e5efa4,222,body-v3.22/wall_v322.json
body-v3.24/wall_v323.json,3dffa10c6b233c74f3061a182e64b2d7,225,body-v3.23/wall_v323.json
body-v3.24/wall_v324.json,c231902a905aea6ab387914d89fe37c4,225,body-v3.24/wall_v324.json
body-v3.24/measure/photo_measure.json,5832cf5aab493edae31cd598e050fc53,2746,body-v3/measure/photo_measure.json
body-v3.24/measure/snout_taper_v312.json,36dde250b844c6de6e65956251b874de,1330,body-v3.12/measure/snout_taper_v312.json
body-v3.24/measure/targets.json,7b665a9c4ecd33771be6d5312f1cfcdb,5282,body-v3/measure/targets.json
body-v3.24/measure/v31_measure.json,7770567faa6c6ee5ce5e18b1da51c474,1121,body-v3.1/measure/v31_measure.json
body-v3.24/measure/v32_measure.json,852640a3181a17ea81aee224e86ac5f7,979,body-v3.10/measure/v32_measure.json
body-v3.24/measure/v32_neck_scale.json,14486360543aa63b349b95440d1f1729,914,body-v3.10/measure/v32_neck_scale.json
body-v3.24/measure/v33_head_size.json,fc2bb9834c1e56d00aff074751409e63,968,body-v3.10/measure/v33_head_size.json
body-v3.24/measure/v33_head_size_overlay.json,f59662c96f18842e63e50af4d4cb1315,567,body-v3.10/measure/v33_head_size_overlay.json
body-v3.24/measure/v33_neck_scale.json,e40e7e3d179e145a736191fd39b80f52,368,body-v3.10/measure/v33_neck_scale.json
body-v3.24/measure319/iou_A.json,0196455b7d66126ec1003dc6fd137162,802,body-v3.24/measure319/iou_A.json
body-v3.24/measure319/iou_B.json,115e09abd572f9ec69f67caa3452dd50,799,body-v3.24/measure319/iou_B.json
body-v3.24/measure319/iou_C.json,f67911df81f587d1510ce65ab8ea4118,800,body-v3.24/measure319/iou_C.json
body-v3.24/measure319/iou_D.json,4bac5763c51a99fa8e493b0ab394d907,803,body-v3.24/measure319/iou_D.json
body-v3.24/measure319/iou_E.json,3c0d71686dbb6c164ddad497b16733ea,801,body-v3.24/measure319/iou_E.json
body-v3.24/measure319/iou_F.json,e53f64be0390257677894da01a1c14ee,801,body-v3.24/measure319/iou_F.json
body-v3.24/measure319/iou_G.json,c2338bcb126db3a0da98ccdd6d31a14a,801,body-v3.24/measure319/iou_G.json
body-v3.24/measure319/iou_H.json,64b7a85a38fd4f47e391556fd6f7aef2,801,body-v3.24/measure319/iou_H.json
body-v3.24/measure319/iou_I.json,8405f68cb8762e821ee5e859f6dde756,801,body-v3.24/measure319/iou_I.json
body-v3.24/measure319/iou_J.json,f4bef05c0d2f52460bda58acca97a2e7,801,body-v3.24/measure319/iou_J.json
body-v3.24/measure319/iou_K.json,1bdd5cd10d229b6959c46baf9b902582,800,body-v3.24/measure319/iou_K.json
body-v3.24/measure319/iou_L.json,f0d00290aafdbc550ebf64b482d3996c,801,body-v3.24/measure319/iou_L.json
body-v3.24/measure319/iou_base.json,bbe2e688de35efe13bf1d10463fdc8a0,800,body-v3.23/measure319/iou_v323.json
body-v3.24/measure319/iou_v318.json,479e9d0e0a858c996d286c9f83753d7f,801,body-v3.19/measure319/iou_v318.json
body-v3.24/measure319/iou_v319.json,6834cf8c196fae3875b56aec31675659,799,body-v3.19/measure319/iou_v319.json
body-v3.24/measure319/iou_v320.json,359608708d417279476b7ab6976694cd,801,body-v3.20/measure319/iou_v320.json
body-v3.24/measure319/iou_v321.json,b9fe0ae29db8389520bb6955d045764e,801,body-v3.21/measure319/iou_v321.json
body-v3.24/measure319/iou_v322.json,cc10aee573c5504c45e51ca85dd43da1,801,body-v3.22/measure319/iou_v322.json
body-v3.24/measure319/iou_v323.json,bbe2e688de35efe13bf1d10463fdc8a0,800,body-v3.23/measure319/iou_v323.json
body-v3.24/measure319/iou_v324.json,e3d7226399c0d8a3322e223db6b54210,801,body-v3.24/measure319/iou_v324.json
body-v3.24/measure319/iou_vA.json,8a0fdb44451e8e02236f704eadde71f2,801,body-v3.23/measure319/iou_vA.json
body-v3.24/measure319/iou_vB.json,522a6af83873165328ba309d918fe12b,798,body-v3.23/measure319/iou_vB.json
body-v3.24/measure319/iou_vC.json,1c0d88467bc3a102217bd6c8438b9f23,801,body-v3.23/measure319/iou_vC.json
body-v3.24/sim/README.md,5a2184fcce272380e8a22600e08816c1,13351,body-v3.10/sim/README.md
body-v3.24/sim/arm_heat_v2.json,bc311c1775b81c9405219b9bbff5ec13,4223,body-v3/sim/arm_heat_v2.json
body-v3.24/sim/arm_heat_v3.json,07b5df779e4043a927a2b4d6fb21639a,4222,body-v3.10/sim/arm_heat_v3.json
body-v3.24/sim/compare_stock_v2_v3.json,0ed3b329d48797a6244eeffa2d5fde08,3805,body-v3/sim/compare_stock_v2_v3.json
body-v3.24/sim/compare_stock_v2_v3.md,895225c90e71fdfa98f1516ec893a8b1,2949,body-v3/sim/compare_stock_v2_v3.md
body-v3.24/sim/compare_v311_v312.json,3473272bc00ed7d7bd1011e4668be807,3275,body-v3.12/sim/compare_v311_v312.json
body-v3.24/sim/compare_v311_v312.md,22edbe199a0bd1aadce75c39aed27780,1921,body-v3.12/sim/compare_v311_v312.md
body-v3.24/sim/compare_v312_v313.json,5dd49cf449e49debec85c42ab559d377,3276,body-v3.13/sim/compare_v312_v313.json
body-v3.24/sim/compare_v312_v313.md,b8d569cdec4a0b4d85e633e1fad8d729,1922,body-v3.13/sim/compare_v312_v313.md
body-v3.24/sim/compare_v313_v314.json,5ee81ca0f77cf165bdf818892ffd6dca,3276,body-v3.14/sim/compare_v313_v314.json
body-v3.24/sim/compare_v313_v314.md,6283c46bebaa7397b4d96d193bfc9c77,1922,body-v3.14/sim/compare_v313_v314.md
body-v3.24/sim/compare_v314_v315.json,ae355b8cf1a564bbec7efc7eb413a87a,3275,body-v3.15/sim/compare_v314_v315.json
body-v3.24/sim/compare_v314_v315.md,5022aaec37e2cbfffaaa0ffda9155353,1921,body-v3.15/sim/compare_v314_v315.md
body-v3.24/sim/compare_v315_v316.json,05b068e032c61b44a735110dd68d824f,3275,body-v3.16/sim/compare_v315_v316.json
body-v3.24/sim/compare_v315_v316.md,7f3d98d608546dfa4b151456866195a1,1921,body-v3.16/sim/compare_v315_v316.md
body-v3.24/sim/compare_v316_v317.json,89fc00addd46ac4183394325d465c0b6,3276,body-v3.17/sim/compare_v316_v317.json
body-v3.24/sim/compare_v316_v317.md,83688af2bb79fc2348ba36b5274ba16a,1922,body-v3.17/sim/compare_v316_v317.md
body-v3.24/sim/compare_v317_v318.json,ad0dc738bc0a716df0978250c0782c47,3276,body-v3.18/sim/compare_v317_v318.json
body-v3.24/sim/compare_v317_v318.md,e48cf4f4e269a3976efa4d3045ee151b,1922,body-v3.18/sim/compare_v317_v318.md
body-v3.24/sim/compare_v318_v319.json,0e65f3737cf34fa7999880e013a7cd91,3274,body-v3.19/sim/compare_v318_v319.json
body-v3.24/sim/compare_v318_v319.md,c4243a4bef93963eaf6f9b4f77832ff6,1920,body-v3.19/sim/compare_v318_v319.md
body-v3.24/sim/compare_v319_v320.json,bab95bb7d04ef783644b5849d6af0ea4,3274,body-v3.20/sim/compare_v319_v320.json
body-v3.24/sim/compare_v319_v320.md,c75a6c9adff1c572d18b39ed317b99e8,1920,body-v3.20/sim/compare_v319_v320.md
body-v3.24/sim/compare_v31_v32.json,c51ae2424f05c1ab5562ee15e9b2965f,3254,body-v3.10/sim/compare_v31_v32.json
body-v3.24/sim/compare_v31_v32.md,644ebfad4fb06dc032148c27094bee2c,1939,body-v3.10/sim/compare_v31_v32.md
body-v3.24/sim/compare_v320_v321.json,7c5080f5760645a1aef606488f8d7e1c,3275,body-v3.21/sim/compare_v320_v321.json
body-v3.24/sim/compare_v320_v321.md,46a012e37a610a9fa3786dc1fb72d54b,1921,body-v3.21/sim/compare_v320_v321.md
body-v3.24/sim/compare_v321_v322.json,6cfba00157bfee31f045cd1f5fb511c4,3275,body-v3.22/sim/compare_v321_v322.json
body-v3.24/sim/compare_v321_v322.md,612869a9d426091336938b142bd604fc,1921,body-v3.22/sim/compare_v321_v322.md
body-v3.24/sim/compare_v322_v323.json,4b06bad9663207db1f5e6ae12259e9c4,3275,body-v3.23/sim/compare_v322_v323.json
body-v3.24/sim/compare_v322_v323.md,c74ddd392bf5f3aaf3d22b57f9397102,1921,body-v3.23/sim/compare_v322_v323.md
body-v3.24/sim/compare_v323_v324.json,d221b0638f841ab63d8cb1311374ed68,3275,body-v3.24/sim/compare_v323_v324.json
body-v3.24/sim/compare_v323_v324.md,d5a778e5955913bf22ba75fe34098cb7,1921,body-v3.24/sim/compare_v323_v324.md
body-v3.24/sim/compare_v32_v33.json,a6b9c313414ce0741dcde7c80ce064a7,3255,body-v3.10/sim/compare_v32_v33.json
body-v3.24/sim/compare_v32_v33.md,de11b2bed04349fe3059fe2af1f01f8d,1861,body-v3.10/sim/compare_v32_v33.md
body-v3.24/sim/compare_v33_v34.json,9970e48ff8444752844c36261fdbc8a7,3255,body-v3.10/sim/compare_v33_v34.json
body-v3.24/sim/compare_v33_v34.md,1bee2d057cf0af55e9285ae39642e0d4,1861,body-v3.10/sim/compare_v33_v34.md
body-v3.24/sim/compare_v34_v35.json,15b209ba528bca78169f2c308cc5a0c0,3263,body-v3.10/sim/compare_v34_v35.json
body-v3.24/sim/compare_v34_v35.md,e7b150ed0f30c20b731c9a2ac12058d0,2289,body-v3.10/sim/compare_v34_v35.md
body-v3.24/sim/compare_v35_v36.json,91ae3e17f2ce269016d61be082636f3e,3272,body-v3.10/sim/compare_v35_v36.json
body-v3.24/sim/compare_v35_v36.md,ada8c03eeb0156deaac729f93149e461,2344,body-v3.10/sim/compare_v35_v36.md
body-v3.24/sim/compare_v36_v37.json,3e11a3460b142718d63652a501df696e,3271,body-v3.10/sim/compare_v36_v37.json
body-v3.24/sim/compare_v36_v37.md,fda6c06c3d45610df1ba016b41b4ba7b,2405,body-v3.10/sim/compare_v36_v37.md
body-v3.24/sim/compare_v37_v38.json,1276986b406e998977d666daa157cf71,3272,body-v3.10/sim/compare_v37_v38.json
body-v3.24/sim/compare_v37_v38.md,f8a800c1b0a12f6fdc9a81f7131ee562,1915,body-v3.10/sim/compare_v37_v38.md
body-v3.24/sim/compare_v38_v39.json,5a057226cca27472ecf7125a724e8082,3274,body-v3.10/sim/compare_v38_v39.json
body-v3.24/sim/compare_v38_v39.md,dc30e35f4edbde2136c3daf04fc04bcc,1917,body-v3.10/sim/compare_v38_v39.md
body-v3.24/sim/compare_v39_v310.json,8d43b630f2580e8ba95a586df3f3d406,3275,body-v3.10/sim/compare_v39_v310.json
body-v3.24/sim/compare_v39_v310.md,03dd6304ccf2ba5f39991cdadfafd6c8,1921,body-v3.10/sim/compare_v39_v310.md
body-v3.24/sim/compare_v39_v311.json,bf0d8a9069f17dfd3c90f0ae651cbc80,3274,body-v3.11/sim/compare_v39_v311.json
body-v3.24/sim/compare_v39_v311.md,504094156e0454adb92ca4e51fd97da2,1920,body-v3.11/sim/compare_v39_v311.md
body-v3.24/sim/compare_v3_v31.json,7e29f9219c9b23c6c5982ab3a1a89db3,2829,body-v3.1/sim/compare_v3_v31.json
body-v3.24/sim/compare_v3_v31.md,175081c021dce15c7e987872af0ac43f,1611,body-v3.1/sim/compare_v3_v31.md
body-v3.24/sim/gen317.log,d1364dfc1ced2a5a433641ee9c86e977,799,body-v3.17/sim/gen317.log
body-v3.24/sim/gen318.log,4b275951c1b9a0045efd57346cbaa4f8,799,body-v3.18/sim/gen318.log
body-v3.24/sim/gen319.log,be94467370eae037352b4abf64edbf77,799,body-v3.19/sim/gen319.log
body-v3.24/sim/gen320.log,01f6e4df684b699877f852a33ff39cd7,799,body-v3.20/sim/gen320.log
body-v3.24/sim/gen322.log,16510f42780f21957b8d809a3deae052,799,body-v3.22/sim/gen322.log
body-v3.24/sim/gen323.log,977ac1c0307f32f8ddc6b7ff0863b72d,799,body-v3.23/sim/gen323.log
body-v3.24/sim/gen324.log,e10c1214fa25ba1ce60615dbd1f3ab48,799,body-v3.24/sim/gen324.log
body-v3.24/sim/mass_report_v3.json,a477065a855772240184854545987573,13479,body-v3.24/sim/mass_report_v3.json
body-v3.24/sim/plot_compare.png,2457a623d2f320f37f590b6d2c9af28b,58887,body-v3/sim/plot_compare.png
body-v3.24/sim/results_v3.json,c2d2ee2856647249a3c0edef466fd442,7733,body-v3.24/sim/results_v3.json
body-v3.24/sim/results_v3_8pct.json,cb25e47bae840299a65617cae6694f56,7820,body-v3.11/sim/results_v3_8pct.json
body-v3.24/sim/results_v3_snout10pct.json,103a1aed6577f64926a156f4fcbe8328,7823,body-v3.11/sim/results_v3_snout10pct.json
body-v3.24/sim/rt317.log,734339dad8e117eede012b875d819072,2997,body-v3.17/sim/rt317.log
body-v3.24/sim/rt318.log,247bdf8654fc2b7269fc35245609c6e0,2996,body-v3.18/sim/rt318.log
body-v3.24/sim/rt319.log,324a9b3cec0b51d6489bf0504706f4e2,2991,body-v3.19/sim/rt319.log
body-v3.24/sim/rt320.log,bfbbed9c401c39dd1f62267c258aa1e3,2994,body-v3.20/sim/rt320.log
body-v3.24/sim/rt322.log,4056c292613a182c8cc4446cca90f152,2993,body-v3.22/sim/rt322.log
body-v3.24/sim/rt323.log,a7659744cf7ee25b5132c56a89dc1e79,2995,body-v3.23/sim/rt323.log
body-v3.24/sim/rt324.log,002359ba599ec119b71e5966331c76dd,2999,body-v3.24/sim/rt324.log
body-v3.24/sim/sweep319.txt,278100be8b4725996bbdeb59fc299feb,345,body-v3.19/sim/sweep319.txt
body-v3.24/sim/sweep322.txt,a9369f3a91cf7155248fccd019054a28,593,body-v3.22/sim/sweep322.txt
body-v3.24/sim/sweep323.txt,70d6d4ea8f1e5c890e96da9a63831f53,535,body-v3.23/sim/sweep323.txt
body-v3.24/sim/sweep324.txt,cfd4222ae0c7676c3e2007af218ed7f1,734,body-v3.24/sim/sweep324.txt
body-v3.24/sim/walk_refine_eff_v32.json,c16511f9d50b2474cee6257db0d85351,157,body-v3.23/sim/walk_refine_eff_v32.json
body-v3.24/sim/walk_refine_v32.json,e4b90d6799de5bb3a37692f0131ff288,157,body-v3.22/sim/walk_refine_v32.json
body-v3.24/sim/walk_v3.json,77e520cc6fba6e96027e334d719150a5,3024,body-v3.24/sim/walk_v3.json
body-v3.24/sim/walk_v3_eff.json,2bb82f6d7a4c038ecb38c57e67604e13,3046,body-v3.24/sim/walk_v3_eff.json
body-v3.24/sim/walk_v3_eff_noref.json,ebaa41acfaaef3b24dc77ab83db09f93,3101,body-v3.10/sim/walk_v3_eff_noref.json
body-v3.24/sim/walk_v3_noref.json,85f5f335181e839cfdc2d627ecca5d32,3095,body-v3.10/sim/walk_v3_noref.json
body-v3.24/sim/walk_v3_prerefine_v310.json,09d03ddff2a0a115af858a30f0934a7e,3038,body-v3.10/sim/walk_v3_prerefine_v310.json
body-v3.24/sim/we317.log,909b74c0ea465803e8271ca953cb24d3,126,body-v3.17/sim/we317.log
body-v3.24/sim/we318.log,cf4768c1657856fc40fa2c919d66ea86,127,body-v3.18/sim/we318.log
body-v3.24/sim/we319.log,3f677b2656f761d6d36a48d6fef04cbf,126,body-v3.19/sim/we319.log
body-v3.24/sim/we320.log,ce08323dee1e373fba90bff4e78c5694,127,body-v3.20/sim/we320.log
body-v3.24/sim/we321b.log,e45662280140f094d9074850f66b1e0c,127,body-v3.21/sim/we321b.log
body-v3.24/sim/we322.log,407e0e99965ade0f7cb2f4186060a3d0,125,body-v3.22/sim/we322.log
body-v3.24/sim/we323.log,cde16558d70b04c25b7adf3b0969e050,125,body-v3.23/sim/we323.log
body-v3.24/sim/we324.log,0f6e6d7e6bac13e7e866e1d6d21aedf1,125,body-v3.24/sim/we324.log
body-v3.24/sim/wee317.log,7656cb072a79947613d2fb1b6f43d853,127,body-v3.17/sim/wee317.log
body-v3.24/sim/wee318.log,5190b6cd46b96e2cbaf59dc74937c829,127,body-v3.18/sim/wee318.log
body-v3.24/sim/wee319.log,e1617f52cb38131115c93a6a9b087131,129,body-v3.19/sim/wee319.log
body-v3.24/sim/wee320.log,1ef65b3d0c0e312f23a72c1397253066,128,body-v3.20/sim/wee320.log
body-v3.24/sim/wee322.log,70e4d67b26be70fc24d55061a7dfccb9,128,body-v3.22/sim/wee322.log
body-v3.24/sim/wee323.log,4266b6265524378564c2dc06c5dd19b1,128,body-v3.23/sim/wee323.log
body-v3.24/sim/wee324.log,c8d8924e457d570fa7dab2bae59f97e0,128,body-v3.24/sim/wee324.log
body-v3.24/sim/wr317.log,7aabad450d8fee0e5cf88845890bc832,549,body-v3.17/sim/wr317.log
body-v3.24/sim/wr318.log,7e3296c6912b1ea3665e1eecf625a1fa,550,body-v3.18/sim/wr318.log
body-v3.24/sim/wr319.log,ec71d90097784f9358b910a600739de9,546,body-v3.19/sim/wr319.log
body-v3.24/sim/wr321.log,9c5746707350699dfcddcafbe5fa9862,556,body-v3.21/sim/wr321.log
body-v3.24/sim/wr321b.log,6f26a7b15ab047e6ae1b24ac2760b222,549,body-v3.21/sim/wr321b.log
body-v3.24/sim/wr322.log,b5f9a4d5217cff369faf1c7aad137242,539,body-v3.22/sim/wr322.log
body-v3.24/sim/wre319.log,5dc35f4200037d2feeaab949c4f83421,548,body-v3.19/sim/wre319.log
body-v3.24/sim/wre319b.log,27e94bc650d92537dfcb31ffd6dabc89,549,body-v3.19/sim/wre319b.log
body-v3.24/sim/wre323.log,13900173b09c52a190bfc13d54fab539,546,body-v3.23/sim/wre323.log
body-v3.24/sim/wre323b.log,e86f9c63be2ec9ad4d431aa2a45d64c1,546,body-v3.23/sim/wre323b.log
body-v3.24/sim/wre323c.log,4e2a1d0c084021ffa7bf77f1d3d00bb6,544,body-v3.23/sim/wre323c.log
body-v3.24/sim/bak_pre_refine_v323/walk_v3_eff.json,b2efa2b2ba6f159fc5162672a5423484,3047,body-v3.23/sim/bak_pre_refine_v323/walk_v3_eff.json
body-v3.24/sim/v310_ref/arm_heat_v3.json,07b5df779e4043a927a2b4d6fb21639a,4222,body-v3.10/sim/arm_heat_v3.json
body-v3.24/sim/v310_ref/results_v3.json,2370068638410dd3864dd3c892cd6a3b,7823,body-v3.10/sim/results_v3.json
body-v3.24/sim/v310_ref/walk_v3.json,e9d78c042a9e739225f3023ca5bd64dd,3038,body-v3.10/sim/walk_v3.json
body-v3.24/sim/v310_ref/walk_v3_eff.json,1e744e11cd7023f86b9f07eff160bb5d,3038,body-v3.10/sim/walk_v3_eff.json
body-v3.24/sim/v311_ref/arm_heat_v3.json,07b5df779e4043a927a2b4d6fb21639a,4222,body-v3.10/sim/arm_heat_v3.json
body-v3.24/sim/v311_ref/results_v3.json,859125992a19eb68d7b6dfc8772bce89,7823,body-v3.11/sim/results_v3.json
body-v3.24/sim/v311_ref/walk_v3.json,4af9789103d25cb741517657b5fde163,3031,body-v3.11/sim/walk_v3.json
body-v3.24/sim/v311_ref/walk_v3_eff.json,90de5e2d159d49e1a165ee89674e8272,3049,body-v3.11/sim/walk_v3_eff.json
body-v3.24/sim/v312_ref/arm_heat_v3.json,07b5df779e4043a927a2b4d6fb21639a,4222,body-v3.10/sim/arm_heat_v3.json
body-v3.24/sim/v312_ref/results_v3.json,5424004f332c0e8e99cd9a8ec70d033e,7823,body-v3.12/sim/results_v3.json
body-v3.24/sim/v312_ref/walk_v3.json,6813456c6d543b75d9ce3378cc7ec76d,3035,body-v3.12/sim/walk_v3.json
body-v3.24/sim/v312_ref/walk_v3_eff.json,da1bc95efaa4f87cffc8d4173df08fb6,3048,body-v3.12/sim/walk_v3_eff.json
body-v3.24/sim/v314_ref/arm_heat_v3.json,07b5df779e4043a927a2b4d6fb21639a,4222,body-v3.10/sim/arm_heat_v3.json
body-v3.24/sim/v314_ref/results_v3.json,5ff19fd27ab58cd5229b75f149e29603,7823,body-v3.14/sim/results_v3.json
body-v3.24/sim/v314_ref/walk_v3.json,1e30876edb5e0bee39df59123740079d,3036,body-v3.14/sim/walk_v3.json
body-v3.24/sim/v314_ref/walk_v3_eff.json,c116a8d3fe477f01a98b8bb54dabfa7f,3045,body-v3.14/sim/walk_v3_eff.json
body-v3.24/sim/v315_ref/arm_heat_v3.json,07b5df779e4043a927a2b4d6fb21639a,4222,body-v3.10/sim/arm_heat_v3.json
body-v3.24/sim/v315_ref/results_v3.json,b313775a19af5f0e29ea8d9ae9575fe6,7822,body-v3.15/sim/results_v3.json
body-v3.24/sim/v315_ref/walk_v3.json,c985f9e94b78a0fe370d07b3b066741c,3031,body-v3.15/sim/walk_v3.json
body-v3.24/sim/v315_ref/walk_v3_eff.json,ffd36628ae1263713261beaf6e10d638,3039,body-v3.15/sim/walk_v3_eff.json
body-v3.24/sim/v316_ref/arm_heat_v3.json,07b5df779e4043a927a2b4d6fb21639a,4222,body-v3.10/sim/arm_heat_v3.json
body-v3.24/sim/v316_ref/results_v3.json,24e44ae5ede579cf27e9c59f3e91a5de,7775,body-v3.16/sim/results_v3.json
body-v3.24/sim/v316_ref/walk_v3.json,204d18347ae73d7c7dea42312c01ae3f,3036,body-v3.16/sim/walk_v3.json
body-v3.24/sim/v316_ref/walk_v3_eff.json,fbf1db72d2d067b3cd3d9ac1219e6d20,3040,body-v3.16/sim/walk_v3_eff.json
body-v3.24/sim/v317_ref/arm_heat_v3.json,07b5df779e4043a927a2b4d6fb21639a,4222,body-v3.10/sim/arm_heat_v3.json
body-v3.24/sim/v317_ref/results_v3.json,935d6addfe550f20e12c8b793636fe96,7778,body-v3.17/sim/results_v3.json
body-v3.24/sim/v317_ref/walk_v3.json,0514cc614c854751602a29fa12e9d12f,3035,body-v3.17/sim/walk_v3.json
body-v3.24/sim/v317_ref/walk_v3_eff.json,bf910ab795ecc5688ba847d99747c920,3035,body-v3.17/sim/walk_v3_eff.json
body-v3.24/sim/v318_ref/arm_heat_v3.json,07b5df779e4043a927a2b4d6fb21639a,4222,body-v3.10/sim/arm_heat_v3.json
body-v3.24/sim/v318_ref/results_v3.json,b574dd55b92c2a33487ba4df1b2c8382,7730,body-v3.18/sim/results_v3.json
body-v3.24/sim/v318_ref/walk_v3.json,33e5b5229a31a9aab20310892ef2c5a7,3033,body-v3.18/sim/walk_v3.json
body-v3.24/sim/v318_ref/walk_v3_eff.json,b7f747d38a4ab2f7f6855d9d19724dda,3041,body-v3.18/sim/walk_v3_eff.json
body-v3.24/sim/v319_ref/arm_heat_v3.json,07b5df779e4043a927a2b4d6fb21639a,4222,body-v3.10/sim/arm_heat_v3.json
body-v3.24/sim/v319_ref/results_v3.json,b6381dfeaa6b0f3c7fda067dc519bbf6,7719,body-v3.19/sim/results_v3.json
body-v3.24/sim/v319_ref/walk_v3.json,2befac91b8fb900a116412d9eb360ef1,3040,body-v3.19/sim/walk_v3.json
body-v3.24/sim/v319_ref/walk_v3_eff.json,958b7e2ebedc49ce3e3f984ed44e4648,3043,body-v3.19/sim/walk_v3_eff.json
body-v3.24/sim/v31_ref/arm_heat_v3.json,2126fcc62fd7d3c396dcb7770419204a,4220,body-v3.1/sim/arm_heat_v3.json
body-v3.24/sim/v31_ref/mass_report_v3.json,b22177cef249a8bc99fcb2f57bb05878,12902,body-v3.1/sim/mass_report_v3.json
body-v3.24/sim/v31_ref/results_v3.json,510d1456468455e8152b440555672307,8029,body-v3.1/sim/results_v3.json
body-v3.24/sim/v31_ref/walk_v3.json,21a198ab40b540b4e3398bd7bdd66988,3094,body-v3.1/sim/walk_v3.json
body-v3.24/sim/v31_ref/walk_v3_eff.json,031ec90a823c37124efb0f9b271545e0,3102,body-v3.1/sim/walk_v3_eff.json
body-v3.24/sim/v320_ref/arm_heat_v3.json,07b5df779e4043a927a2b4d6fb21639a,4222,body-v3.10/sim/arm_heat_v3.json
body-v3.24/sim/v320_ref/results_v3.json,a3f76d9df0efa840ce3eedc394c67c25,7725,body-v3.20/sim/results_v3.json
body-v3.24/sim/v320_ref/walk_v3.json,3c60ae1fab664f989b79e69f90a262b8,3041,body-v3.20/sim/walk_v3.json
body-v3.24/sim/v320_ref/walk_v3_eff.json,03eb5773b7046ab0d35d27298ebcb3a6,3042,body-v3.20/sim/walk_v3_eff.json
body-v3.24/sim/v321_ref/arm_heat_v3.json,07b5df779e4043a927a2b4d6fb21639a,4222,body-v3.10/sim/arm_heat_v3.json
body-v3.24/sim/v321_ref/results_v3.json,9376232a72512e604ebf34cf3b0762df,7731,body-v3.21/sim/results_v3.json
body-v3.24/sim/v321_ref/walk_v3.json,01446e40422c7d46429c72ec2607530b,3036,body-v3.21/sim/walk_v3.json
body-v3.24/sim/v321_ref/walk_v3_eff.json,3ce6d50a38fd9906f253a17dd746cce3,3047,body-v3.21/sim/walk_v3_eff.json
body-v3.24/sim/v322_ref/arm_heat_v3.json,07b5df779e4043a927a2b4d6fb21639a,4222,body-v3.10/sim/arm_heat_v3.json
body-v3.24/sim/v322_ref/results_v3.json,6ad0ee2d5d6d53f8b36744fa2ee3242d,7719,body-v3.22/sim/results_v3.json
body-v3.24/sim/v322_ref/walk_v3.json,7967a3be11fabb980089e5200d649aa6,3033,body-v3.22/sim/walk_v3.json
body-v3.24/sim/v322_ref/walk_v3_eff.json,098c6cd614912b59984aee1711e1acd5,3043,body-v3.22/sim/walk_v3_eff.json
body-v3.24/sim/v323_ref/arm_heat_v3.json,07b5df779e4043a927a2b4d6fb21639a,4222,body-v3.10/sim/arm_heat_v3.json
body-v3.24/sim/v323_ref/results_v3.json,8d437b38b13edee42f6213c5b73acaba,7723,body-v3.23/sim/results_v3.json
body-v3.24/sim/v323_ref/walk_v3.json,5d86ba253d556f0c4e06a6b6a6ee3b16,3035,body-v3.23/sim/walk_v3.json
body-v3.24/sim/v323_ref/walk_v3_eff.json,b809785c839b19be78d9cac4f267cc4a,3044,body-v3.23/sim/walk_v3_eff.json
body-v3.24/sim/v32_ref/arm_heat_v3.json,07b5df779e4043a927a2b4d6fb21639a,4222,body-v3.10/sim/arm_heat_v3.json
body-v3.24/sim/v32_ref/results_v3.json,691b926aea221e63317388971ca903f7,8023,body-v3.10/sim/v32_ref/results_v3.json
body-v3.24/sim/v32_ref/walk_refine_v32.json,0648267fc7b09edeaa65985c0b4db260,157,body-v3.10/sim/v32_ref/walk_refine_v32.json
body-v3.24/sim/v32_ref/walk_v3.json,120423616b57938b7fd7672da7ad00f6,3165,body-v3.10/sim/v32_ref/walk_v3.json
body-v3.24/sim/v32_ref/walk_v3_eff.json,0860666c2fb00c61803ca5cf38d8cf2e,3103,body-v3.10/sim/v32_ref/walk_v3_eff.json
body-v3.24/sim/v33_ref/arm_heat_v3.json,07b5df779e4043a927a2b4d6fb21639a,4222,body-v3.10/sim/arm_heat_v3.json
body-v3.24/sim/v33_ref/results_v3.json,1f5b949f70ea6f2d2ca68c339ea885bb,8028,body-v3.10/sim/v33_ref/results_v3.json
body-v3.24/sim/v33_ref/walk_v3.json,135fd3eba247694b2d0455b05c2b1ed0,3154,body-v3.10/sim/v33_ref/walk_v3.json
body-v3.24/sim/v33_ref/walk_v3_eff.json,07f206d2b718406f84a80514363a0894,3163,body-v3.10/sim/v33_ref/walk_v3_eff.json
body-v3.24/sim/v34_ref/arm_heat_v3.json,07b5df779e4043a927a2b4d6fb21639a,4222,body-v3.10/sim/arm_heat_v3.json
body-v3.24/sim/v34_ref/results_v3.json,daa3ef05a96a0d46bbace841296e31c6,8020,body-v3.10/sim/v34_ref/results_v3.json
body-v3.24/sim/v34_ref/walk_v3.json,7f1ce820d388e0e41ba3dfc2c5faba4a,3155,body-v3.10/sim/v34_ref/walk_v3.json
body-v3.24/sim/v34_ref/walk_v3_eff.json,4ea2b63d0b9eba2faa54ba882cf92f93,3160,body-v3.10/sim/v34_ref/walk_v3_eff.json
body-v3.24/sim/v36_ref/arm_heat_v3.json,07b5df779e4043a927a2b4d6fb21639a,4222,body-v3.10/sim/arm_heat_v3.json
body-v3.24/sim/v36_ref/results_v3.json,6d09c34dcdbeb0ab1721a3015ed869a3,7773,body-v3.10/sim/v36_ref/results_v3.json
body-v3.24/sim/v36_ref/walk_v3.json,38bcf54acd4ca8bbf675993d585329f0,3039,body-v3.10/sim/v36_ref/walk_v3.json
body-v3.24/sim/v36_ref/walk_v3_eff.json,31b8a828b14afc9f5d317ef29cfbe9a9,3042,body-v3.10/sim/v36_ref/walk_v3_eff.json
body-v3.24/sim/v37_ref/arm_heat_v3.json,07b5df779e4043a927a2b4d6fb21639a,4222,body-v3.10/sim/arm_heat_v3.json
body-v3.24/sim/v37_ref/results_v3.json,e28526abee73fc3f1f2ce8a8893f87ae,7780,body-v3.10/sim/v37_ref/results_v3.json
body-v3.24/sim/v37_ref/walk_v3.json,33671a750fd7dce386401bce59f686a8,3032,body-v3.10/sim/v37_ref/walk_v3.json
body-v3.24/sim/v37_ref/walk_v3_eff.json,7be0f1960d01f0a3b80fb0f12f58de19,3043,body-v3.10/sim/v37_ref/walk_v3_eff.json
body-v3.24/sim/v38_ref/arm_heat_v3.json,07b5df779e4043a927a2b4d6fb21639a,4222,body-v3.10/sim/arm_heat_v3.json
body-v3.24/sim/v38_ref/results_v3.json,db7c5b8b22483b4f91eb46d530353928,7824,body-v3.10/sim/v38_ref/results_v3.json
body-v3.24/sim/v38_ref/walk_v3.json,fee45989bdaf3ab94dcabed25b50e7bb,3039,body-v3.10/sim/v38_ref/walk_v3.json
body-v3.24/sim/v38_ref/walk_v3_eff.json,228f2964c6705f80ebc7366edb2f0317,3043,body-v3.10/sim/v38_ref/walk_v3_eff.json
body-v3.24/sim/v39_ref/arm_heat_v3.json,07b5df779e4043a927a2b4d6fb21639a,4222,body-v3.10/sim/arm_heat_v3.json
body-v3.24/sim/v39_ref/results_v3.json,6603ecb5509ca86206a169ce15811895,7824,body-v3.10/sim/v39_ref/results_v3.json
body-v3.24/sim/v39_ref/walk_v3.json,8fc65df0a06c89e667c1c6d739d66c3c,3033,body-v3.10/sim/v39_ref/walk_v3.json
body-v3.24/sim/v39_ref/walk_v3_eff.json,79767a0ef34301f4d5f02ac4e2c255bf,3042,body-v3.10/sim/v39_ref/walk_v3_eff.json
body-v3.24/sim/v3_ref/arm_heat_v3.json,24f0f1621b09d575497b233327d5af34,4223,body-v3/sim/arm_heat_v3.json
body-v3.24/sim/v3_ref/results_v3.json,e91a5d8c46c37b6547966407c5d77848,8025,body-v3/sim/results_v3.json
body-v3.24/sim/v3_ref/walk_v3.json,f6dfc33626937c34a72b551e33684da3,3337,body-v3/sim/walk_v3.json
body-v3.24/sim/v3_ref/walk_v3_eff.json,394deba9fbf961cf5d88aae40d78c2e6,3347,body-v3/sim/walk_v3_eff.json
body-v3.25/README.md,65c2e177b5412a5e63ba38b5190edbde,6101,body-v3.10/README.md
body-v3.25/README_v3.md,d5dfb182350ce2de808eda08cc549acc,8398,body-v3/README.md
body-v3.25/README_v31.md,62cf5740b1281b505a1e2bb98d536030,8478,body-v3.1/README.md
body-v3.25/README_v310.md,8da2f237ff36b44d0add847660514f13,3734,body-v3.10/README_v310.md
body-v3.25/README_v311.md,00e8e1e244dfd4deb11e26e2ae98012f,4189,body-v3.11/README_v311.md
body-v3.25/README_v312.md,1661c05da47e75ae5678be1a9513648e,4010,body-v3.12/README_v312.md
body-v3.25/README_v313.md,60beb427e39b3057b625d7c402153ecd,3338,body-v3.13/README_v313.md
body-v3.25/README_v314.md,c06f881a9d452d57268625b05f4b8850,3978,body-v3.14/README_v314.md
body-v3.25/README_v315.md,e6dcd0fd62eb3f59d02bf840e1d59599,2771,body-v3.15/README_v315.md
body-v3.25/README_v316.md,af2d2b48ebd64516bfe0f1dd61b28da7,6517,body-v3.16/README_v316.md
body-v3.25/README_v317.md,08d1cd9d822124621f017e9b62a01692,4494,body-v3.17/README_v317.md
body-v3.25/README_v318.md,0af4e594f70c70c582978e26dba2fd10,4575,body-v3.18/README_v318.md
body-v3.25/README_v319.md,9cab512e2cc660ed2cc713091882f107,5665,body-v3.19/README_v319.md
body-v3.25/README_v32.md,36d5079dfd7d10c4ca271706c936cf5a,12057,body-v3.10/README_v32.md
body-v3.25/README_v320.md,1bd93ec87a4a978fead0c396fc582328,2026,body-v3.20/README_v320.md
body-v3.25/README_v321.md,940bbfbf636a75d9a05673bb9bf46acc,2892,body-v3.21/README_v321.md
body-v3.25/README_v322.md,d0144fa82487f3971e9f5466b74ae3bc,2977,body-v3.22/README_v322.md
body-v3.25/README_v325.md,a379286ec6183414a02e9a99e42b6097,3027,body-v3.25/README_v325.md
body-v3.25/README_v33.md,6752bb01dae32e530a285e330f4d5770,5164,body-v3.10/README_v33.md
body-v3.25/README_v34.md,b512057a38e8cd7dd3ee07219c058e51,2623,body-v3.10/README_v34.md
body-v3.25/README_v35.md,7d8c481c42edc18f57b68b7bcea44345,2418,body-v3.10/README_v35.md
body-v3.25/README_v36.md,756af93fbf80b2ee9e5fee1458509d98,2438,body-v3.10/README_v36.md
body-v3.25/README_v38.md,ed0092856c928668efe6274c4752d7c2,4651,body-v3.10/README_v38.md
body-v3.25/README_v39.md,93f974e23db0965ce50120ba22d3dfaf,4818,body-v3.10/README_v39.md
body-v3.25/armsweep_v316.json,1f5aeabfa91da235aef6d943587fcf20,232,body-v3.16/armsweep_v316.json
body-v3.25/armsweep_v317.json,64745441dcb259065e67e21ae09ffab6,1203,body-v3.17/armsweep_v317.json
body-v3.25/armsweep_v318.json,5ae60717248b7264e1f67c1252ce79a5,1198,body-v3.18/armsweep_v318.json
body-v3.25/armsweep_v319.json,8c6d5a5f572ff5fabd1bbab9856ddf11,1230,body-v3.19/armsweep_v319.json
body-v3.25/armsweep_v320.json,9cf76322dae0716251c9d43d851284dd,992,body-v3.20/armsweep_v320.json
body-v3.25/armsweep_v321.json,185ddf1d621c09dea5d35968652520a9,790,body-v3.21/armsweep_v321.json
body-v3.25/armsweep_v322.json,1c2b3fd30dfdab42e8c6f9655d7801af,990,body-v3.22/armsweep_v322.json
body-v3.25/armsweep_v323_on_this.json,cc1d45898859189c26dfa9af89931450,1090,body-v3.23/armsweep_v323_on_this.json
body-v3.25/armsweep_v324.json,da76ca344a4ed4b0207c31572c35376a,990,body-v3.24/armsweep_v324.json
body-v3.25/armsweep_v325.json,da76ca344a4ed4b0207c31572c35376a,990,body-v3.24/armsweep_v324.json
body-v3.25/bom_v35.md,54e414cced6d75762caa12cba76d0d40,1012,body-v3.10/bom_v35.md
body-v3.25/build_report.json,3c08239c078593b51d293cace8ec1a27,19929,body-v3.10/build_report.json
body-v3.25/changed_parts_v36_to_v37.json,a9a41d7c46a2ad62fed49408f90e4b29,1338,body-v3.10/changed_parts_v36_to_v37.json
body-v3.25/changed_parts_v37_to_v38.json,49ae233dc0c85f386397a6f0a52f4f9a,6172,body-v3.10/changed_parts_v37_to_v38.json
body-v3.25/changed_parts_v38_to_v39.json,d3cd5cdf0f50ea6407e39f2225cef809,6381,body-v3.10/changed_parts_v38_to_v39.json
body-v3.25/collide_head_v310.json,e25c6464886e09f567ee551e6f338f74,2142,body-v3.10/collide_head_v310.json
body-v3.25/collide_head_v311.json,e25c6464886e09f567ee551e6f338f74,2142,body-v3.10/collide_head_v310.json
body-v3.25/collide_head_v312.json,e25c6464886e09f567ee551e6f338f74,2142,body-v3.10/collide_head_v310.json
body-v3.25/collide_head_v312_baseline_for_v313.json,9b4637517f3bf949c5067330e618d235,10236,body-v3.13/collide_head_v312_baseline_for_v313.json
body-v3.25/collide_head_v313.json,b49557fdb2e92668b038eff5c1f559b2,10094,body-v3.13/collide_head_v313.json
body-v3.25/collide_head_v314.json,84a15622992a6302ff45de44e07548b2,10324,body-v3.14/collide_head_v314.json
body-v3.25/collide_head_v315.json,3abfd60515fd19ab49ad5e9844607e08,9549,body-v3.15/collide_head_v315.json
body-v3.25/collide_log_v38.txt,9401ea726b306a56955aecbaf3d6525e,4281,body-v3.10/collide_log_v38.txt
body-v3.25/collide_log_v39.txt,9401ea726b306a56955aecbaf3d6525e,4281,body-v3.10/collide_log_v38.txt
body-v3.25/collide_report.json,e6ddd4078834a837f9559a91643465bb,20690,body-v3.10/collide_report.json
body-v3.25/collide_v31_rule_check.json,2cfb89f60ed078067a5b0d563369f90c,129,body-v3.1/collide_v31_rule_check.json
body-v3.25/collide_v32_rule_check.json,005b67a629f7dd1569344a87c0e8df7b,164,body-v3.10/collide_v32_rule_check.json
body-v3.25/crest_valley_v321.json,3f672f077ad7c227637940c3147cf8b7,1542,body-v3.21/crest_valley_v321.json
body-v3.25/crest_valley_v322.json,ace9cd2fe2155ae48ab8593e69f98b44,1392,body-v3.22/crest_valley_v322.json
body-v3.25/fit_v314.json,f8aae41806d01c56389950094ea546d5,320,body-v3.14/fit_v314.json
body-v3.25/grain_report_v37.json,bb93aa8156e35630b1b5617b87d68c5d,1959,body-v3.25/grain_report_v37.json
body-v3.25/hair_print_report_v313.json,860be9dcc14d271703ad67c23017d1dc,2832,body-v3.13/hair_print_report_v313.json
body-v3.25/hair_print_report_v314.json,a9210bb284841958846ddb4167713788,4794,body-v3.14/hair_print_report_v314.json
body-v3.25/hair_print_report_v315.json,7c5a3f9afea264b52bd3e2841e3c9b82,3652,body-v3.15/hair_print_report_v315.json
body-v3.25/head_print_report.json,79f615cf398723aa2801b3336ef39415,6972,body-v3.10/head_print_report.json
body-v3.25/head_print_report_v315.json,2009b6b02676dc6b96c6dd0d5ffded22,5848,body-v3.15/head_print_report_v315.json
body-v3.25/head_print_report_v316.json,f8e1f5b80ec4e1a19764713305d52d78,3997,body-v3.16/head_print_report_v316.json
body-v3.25/head_print_report_v317.json,fe0ed67ed9be1c640ebe2961c972f159,3397,body-v3.17/head_print_report_v317.json
body-v3.25/head_print_report_v318.json,0c4af57a9b076781b75f49f381e6e2db,3274,body-v3.18/head_print_report_v318.json
body-v3.25/head_print_report_v319.json,19394cee936c19e67eee4e7b4a8bc97a,3164,body-v3.19/head_print_report_v319.json
body-v3.25/head_print_report_v320.json,fc1afe8bee3905b206b2b7456cbb73c3,3165,body-v3.20/head_print_report_v320.json
body-v3.25/head_print_report_v321.json,45ab6961dd3d64dcc06d9b6925a8d9be,3290,body-v3.21/head_print_report_v321.json
body-v3.25/head_print_report_v322.json,40a054a1a377cb70088eb61b6ed08ea3,3312,body-v3.22/head_print_report_v322.json
body-v3.25/head_print_report_v323.json,3e2871c80dabcd440fcd72c46185e909,3244,body-v3.23/head_print_report_v323.json
body-v3.25/head_print_report_v324.json,8783d5355568fb44b8e83f285cdfbbc4,3406,body-v3.24/head_print_report_v324.json
body-v3.25/head_print_report_v325.json,c713d2096a945d0a6e12eb087fb47bba,3244,body-v3.25/head_print_report_v325.json
body-v3.25/head_print_report_v36.json,d33da0d7f147f0bd784709823ca6e9ae,7037,body-v3.10/head_print_report_v36.json
body-v3.25/head_print_report_v37.json,4e0e79baf232a56165080655c08ae618,7733,body-v3.10/head_print_report_v37.json
body-v3.25/head_print_report_v38.json,5d6e16e5fb2414e0bbfca34176d0c3f5,7735,body-v3.10/head_print_report_v38.json
body-v3.25/head_print_report_v39.json,ba2c678786c8b3f4cd8feca3787e75dd,7781,body-v3.10/head_print_report_v39.json
body-v3.25/head_size_v36.json,04f54b55f682598962ff3481a5aba85f,717,body-v3.10/head_size_v36.json
body-v3.25/headrange_v320.json,4d62c8eed17cabb04608f6e91debbee5,916,body-v3.20/headrange_v320.json
body-v3.25/headrange_v320_on_this.json,aba6277e544f952dce94308febb8101b,913,body-v3.25/headrange_v320_on_this.json
body-v3.25/kilt_check_v316.json,799d097cf52f2f781aee6f772478ae4c,2826,body-v3.16/kilt_check_v316.json
body-v3.25/kilt_check_v316_final_gaits.json,430d99554b945ffe97d090947af9ac02,346,body-v3.16/kilt_check_v316_final_gaits.json
body-v3.25/kilt_print_report_v316.json,7df362561b2ccfefc2eccfe6ae1b03f8,1855,body-v3.16/kilt_print_report_v316.json
body-v3.25/lock_table_v319.md,e055209e989f675cd40a57a2cc4250fc,2047,body-v3.19/lock_table_v319.md
body-v3.25/print_note_hair_v313.md,1e35268b4a671737e912d031e769524e,1665,body-v3.13/print_note_hair_v313.md
body-v3.25/print_note_hair_v314.md,d703f5636f9c988f749d1147171e51e9,2397,body-v3.14/print_note_hair_v314.md
body-v3.25/print_note_hair_v315.md,6a889c9eb945efe71cbd55e83070b248,2211,body-v3.15/print_note_hair_v315.md
body-v3.25/print_note_head_v315.md,b00ab61a458365b15abc38025eeb9024,3040,body-v3.15/print_note_head_v315.md
body-v3.25/print_note_head_v316.md,a4f5d5bc7d9d8ed629a2d852a4c13a00,2664,body-v3.16/print_note_head_v316.md
body-v3.25/print_note_head_v317.md,4688ae5478c06dc314ccd47e767dad95,2703,body-v3.17/print_note_head_v317.md
body-v3.25/print_note_head_v318.md,84654fd7ff87f728f90ca899ef84a8e0,2674,body-v3.18/print_note_head_v318.md
body-v3.25/print_note_head_v319.md,d0467f682f653a81efa0dfad57f3b62c,2611,body-v3.19/print_note_head_v319.md
body-v3.25/print_note_head_v320.md,fb8d40d0d708aecb53cdaab4c505c66a,2785,body-v3.20/print_note_head_v320.md
body-v3.25/print_note_head_v321.md,ed4789b2cfaee2d5338d341f14f4290e,3089,body-v3.21/print_note_head_v321.md
body-v3.25/print_note_head_v322.md,ad4097edd061a164f96d6a5d60ca8ff4,3108,body-v3.22/print_note_head_v322.md
body-v3.25/print_note_head_v323.md,5bc5d802a84be4fac02ed4256de40358,3214,body-v3.23/print_note_head_v323.md
body-v3.25/print_note_head_v324.md,aebc8c225ff6c8acad7e87fec2a8d757,3643,body-v3.24/print_note_head_v324.md
body-v3.25/print_note_head_v325.md,a69acec014ec68e7f6c61b97201d56ef,3371,body-v3.25/print_note_head_v325.md
body-v3.25/print_note_kilt_v316.md,0fdb4004cc378b066f170eedf905c93a,3348,body-v3.16/print_note_kilt_v316.md
body-v3.25/print_note_snout_v310.md,8c28ce33c8014e2a35235021cfe421d2,1461,body-v3.10/print_note_snout_v310.md
body-v3.25/print_note_snout_v311.md,9e46a723542d0793ff9f75be43a9b93f,2029,body-v3.11/print_note_snout_v311.md
body-v3.25/print_note_snout_v312.md,c45bac8778b151145198787bdf6e0062,1827,body-v3.12/print_note_snout_v312.md
body-v3.25/print_sheet_body_v38.md,face3494b2f0898c92d4de88aa098edc,6733,body-v3.10/print_sheet_body_v38.md
body-v3.25/print_sheet_head.md,ac0500e69043b84dbd57f7204b995982,3511,body-v3.10/print_sheet_head.md
body-v3.25/print_sheet_head_v36.md,6ac4c2094ed80fd60fd094d5b6ead7f8,3683,body-v3.10/print_sheet_head_v36.md
body-v3.25/print_sheet_head_v37.md,e9fbab93227e450a8c099f93fd6ea65b,5234,body-v3.10/print_sheet_head_v37.md
body-v3.25/print_sheet_head_v38.md,1bd44b955d22ea2e13d00bf05d107d31,5698,body-v3.10/print_sheet_head_v38.md
body-v3.25/print_sheet_head_v39.md,be1e14d15b9f562fb02da2a9853dbef9,5766,body-v3.10/print_sheet_head_v39.md
body-v3.25/servo_choice.md,316473d63f90ad6a5649462db90ee4c3,7062,body-v3.1/servo_choice.md
body-v3.25/snout_print_report_v310.json,4bf50103ac3941a34a8e642e795d6244,1079,body-v3.10/snout_print_report_v310.json
body-v3.25/snout_print_report_v311.json,3a2a461ef0f6fd92fab4a720d1521a76,1010,body-v3.11/snout_print_report_v311.json
body-v3.25/snout_print_report_v312.json,777e230a1c3e92c7a47d5c5b7220e6ad,918,body-v3.12/snout_print_report_v312.json
body-v3.25/torso_env_v34.json,bda31ea296b814d3685d260d29f3e20f,36249,body-v3.10/torso_env_v34.json
body-v3.25/torso_env_v36.json,8b9d02fce005d442335cfb062533af58,54421,body-v3.10/torso_env_v36.json
body-v3.25/torso_env_v38.json,687e14f2e4e89bf21a99087d015075c6,54455,body-v3.10/torso_env_v38.json
body-v3.25/wall_v316_wig_ref.json,da76d2f347b1e63a64657da82a9b63a9,229,body-v3.17/wall_v316_wig_ref.json
body-v3.25/wall_v317.json,9a56d2bc81b85bf45a7a5b2ef12f0c2b,227,body-v3.17/wall_v317.json
body-v3.25/wall_v318.json,8a58771e7725eb91575b2ee5d5f624b9,226,body-v3.18/wall_v318.json
body-v3.25/wall_v319.json,157779f9e5124b4b3dbd7b14b49fd287,226,body-v3.19/wall_v319.json
body-v3.25/wall_v320.json,5dec19b66934cea85dd96c36a283b115,226,body-v3.20/wall_v320.json
body-v3.25/wall_v321.json,a493b5556d52663136969869fdd431dd,228,body-v3.21/wall_v321.json
body-v3.25/wall_v322.json,2aaf6d528fc179661a6ddb5b08e5efa4,222,body-v3.22/wall_v322.json
body-v3.25/wall_v323.json,3dffa10c6b233c74f3061a182e64b2d7,225,body-v3.23/wall_v323.json
body-v3.25/wall_v324.json,c231902a905aea6ab387914d89fe37c4,225,body-v3.24/wall_v324.json
body-v3.25/wall_v325.json,34efe9e675f226588484db0a70b003d4,226,body-v3.25/wall_v325.json
body-v3.25/measure/photo_measure.json,5832cf5aab493edae31cd598e050fc53,2746,body-v3/measure/photo_measure.json
body-v3.25/measure/snout_taper_v312.json,36dde250b844c6de6e65956251b874de,1330,body-v3.12/measure/snout_taper_v312.json
body-v3.25/measure/targets.json,7b665a9c4ecd33771be6d5312f1cfcdb,5282,body-v3/measure/targets.json
body-v3.25/measure/v31_measure.json,7770567faa6c6ee5ce5e18b1da51c474,1121,body-v3.1/measure/v31_measure.json
body-v3.25/measure/v32_measure.json,852640a3181a17ea81aee224e86ac5f7,979,body-v3.10/measure/v32_measure.json
body-v3.25/measure/v32_neck_scale.json,14486360543aa63b349b95440d1f1729,914,body-v3.10/measure/v32_neck_scale.json
body-v3.25/measure/v33_head_size.json,fc2bb9834c1e56d00aff074751409e63,968,body-v3.10/measure/v33_head_size.json
body-v3.25/measure/v33_head_size_overlay.json,f59662c96f18842e63e50af4d4cb1315,567,body-v3.10/measure/v33_head_size_overlay.json
body-v3.25/measure/v33_neck_scale.json,e40e7e3d179e145a736191fd39b80f52,368,body-v3.10/measure/v33_neck_scale.json
body-v3.25/measure319/iou_A.json,a53b8af60c7310f64edc0c90bad014e1,799,body-v3.25/measure319/iou_A.json
body-v3.25/measure319/iou_B.json,15431077d6dab59dece464a676fe8062,800,body-v3.25/measure319/iou_B.json
body-v3.25/measure319/iou_C.json,d9275f04de95c8aa0994aa9fdf41230f,799,body-v3.25/measure319/iou_C.json
body-v3.25/measure319/iou_D.json,1891da0713e09192611b768638222d2a,799,body-v3.25/measure319/iou_D.json
body-v3.25/measure319/iou_E.json,8abc4c59bf40ba383c3e9c8232bec0b2,799,body-v3.25/measure319/iou_E.json
body-v3.25/measure319/iou_F.json,aed8d2e124808dabe1eeee8d7ed32100,798,body-v3.25/measure319/iou_F.json
body-v3.25/measure319/iou_G.json,86fda9089532c69032a9e93eca79172b,798,body-v3.25/measure319/iou_G.json
body-v3.25/measure319/iou_H.json,155a701c29a717da5049c0234799403c,800,body-v3.25/measure319/iou_H.json
body-v3.25/measure319/iou_I.json,8ee817f6f022b735aca5d1eb5adbeffd,799,body-v3.25/measure319/iou_I.json
body-v3.25/measure319/iou_J.json,ceee2907a25b2a4e70f5fc00eac7cd69,800,body-v3.25/measure319/iou_J.json
body-v3.25/measure319/iou_K.json,71c9060dea40f02317cbd765d78b5223,799,body-v3.25/measure319/iou_K.json
body-v3.25/measure319/iou_L.json,5777c963b6506f974ef62e9e80c0bae7,799,body-v3.25/measure319/iou_L.json
body-v3.25/measure319/iou_M.json,a8f331b975360a2f107c3ad14f02de49,799,body-v3.25/measure319/iou_M.json
body-v3.25/measure319/iou_N.json,1a288a23263f2c4af637167df5de4526,801,body-v3.25/measure319/iou_N.json
body-v3.25/measure319/iou_O.json,5f7fa2f892975d2eb03484a282cf1ef8,801,body-v3.25/measure319/iou_O.json
body-v3.25/measure319/iou_P.json,e21ac3c0409beb681754d2477b4c657c,800,body-v3.25/measure319/iou_P.json
body-v3.25/measure319/iou_Q.json,e116b7b2c2ef83e64b24716af334dd57,800,body-v3.25/measure319/iou_Q.json
body-v3.25/measure319/iou_R.json,98464f443079957d0548700870ea6646,798,body-v3.25/measure319/iou_R.json
body-v3.25/measure319/iou_S.json,2519d020428329f82ba99e2ee58cc5d0,800,body-v3.25/measure319/iou_S.json
body-v3.25/measure319/iou_T.json,bc45e15ac25f7246ca27bf55439a5e22,800,body-v3.25/measure319/iou_T.json
body-v3.25/measure319/iou_U.json,43051ac5b419d9299c0bf9cc48f0d603,801,body-v3.25/measure319/iou_U.json
body-v3.25/measure319/iou_V.json,f06e6cb94383c4b6efafeb33ba8aa9e9,798,body-v3.25/measure319/iou_V.json
body-v3.25/measure319/iou_W.json,27fc5b75f0766397eac0a3a1b142f148,798,body-v3.25/measure319/iou_W.json
body-v3.25/measure319/iou_X.json,b49a09a68124ffbfbdd9bf6249242e2a,801,body-v3.25/measure319/iou_X.json
body-v3.25/measure319/iou_Y.json,98847a6efb52f6dd8638b6b86d0411a7,800,body-v3.25/measure319/iou_Y.json
body-v3.25/measure319/iou_Z.json,4195d638e067eb15c193f8ce0f047d83,795,body-v3.25/measure319/iou_Z.json
body-v3.25/measure319/iou_base.json,e3d7226399c0d8a3322e223db6b54210,801,body-v3.24/measure319/iou_v324.json
body-v3.25/measure319/iou_v318.json,479e9d0e0a858c996d286c9f83753d7f,801,body-v3.19/measure319/iou_v318.json
body-v3.25/measure319/iou_v319.json,6834cf8c196fae3875b56aec31675659,799,body-v3.19/measure319/iou_v319.json
body-v3.25/measure319/iou_v320.json,359608708d417279476b7ab6976694cd,801,body-v3.20/measure319/iou_v320.json
body-v3.25/measure319/iou_v321.json,b9fe0ae29db8389520bb6955d045764e,801,body-v3.21/measure319/iou_v321.json
body-v3.25/measure319/iou_v322.json,cc10aee573c5504c45e51ca85dd43da1,801,body-v3.22/measure319/iou_v322.json
body-v3.25/measure319/iou_v323.json,bbe2e688de35efe13bf1d10463fdc8a0,800,body-v3.23/measure319/iou_v323.json
body-v3.25/measure319/iou_v324.json,e3d7226399c0d8a3322e223db6b54210,801,body-v3.24/measure319/iou_v324.json
body-v3.25/measure319/iou_v325.json,4195d638e067eb15c193f8ce0f047d83,795,body-v3.25/measure319/iou_Z.json
body-v3.25/measure319/iou_vA.json,8a0fdb44451e8e02236f704eadde71f2,801,body-v3.23/measure319/iou_vA.json
body-v3.25/measure319/iou_vB.json,522a6af83873165328ba309d918fe12b,798,body-v3.23/measure319/iou_vB.json
body-v3.25/measure319/iou_vC.json,1c0d88467bc3a102217bd6c8438b9f23,801,body-v3.23/measure319/iou_vC.json
body-v3.25/sim/README.md,5a2184fcce272380e8a22600e08816c1,13351,body-v3.10/sim/README.md
body-v3.25/sim/arm_heat_v2.json,bc311c1775b81c9405219b9bbff5ec13,4223,body-v3/sim/arm_heat_v2.json
body-v3.25/sim/arm_heat_v3.json,07b5df779e4043a927a2b4d6fb21639a,4222,body-v3.10/sim/arm_heat_v3.json
body-v3.25/sim/compare_stock_v2_v3.json,0ed3b329d48797a6244eeffa2d5fde08,3805,body-v3/sim/compare_stock_v2_v3.json
body-v3.25/sim/compare_stock_v2_v3.md,895225c90e71fdfa98f1516ec893a8b1,2949,body-v3/sim/compare_stock_v2_v3.md
body-v3.25/sim/compare_v311_v312.json,3473272bc00ed7d7bd1011e4668be807,3275,body-v3.12/sim/compare_v311_v312.json
body-v3.25/sim/compare_v311_v312.md,22edbe199a0bd1aadce75c39aed27780,1921,body-v3.12/sim/compare_v311_v312.md
body-v3.25/sim/compare_v312_v313.json,5dd49cf449e49debec85c42ab559d377,3276,body-v3.13/sim/compare_v312_v313.json
body-v3.25/sim/compare_v312_v313.md,b8d569cdec4a0b4d85e633e1fad8d729,1922,body-v3.13/sim/compare_v312_v313.md
body-v3.25/sim/compare_v313_v314.json,5ee81ca0f77cf165bdf818892ffd6dca,3276,body-v3.14/sim/compare_v313_v314.json
body-v3.25/sim/compare_v313_v314.md,6283c46bebaa7397b4d96d193bfc9c77,1922,body-v3.14/sim/compare_v313_v314.md
body-v3.25/sim/compare_v314_v315.json,ae355b8cf1a564bbec7efc7eb413a87a,3275,body-v3.15/sim/compare_v314_v315.json
body-v3.25/sim/compare_v314_v315.md,5022aaec37e2cbfffaaa0ffda9155353,1921,body-v3.15/sim/compare_v314_v315.md
body-v3.25/sim/compare_v315_v316.json,05b068e032c61b44a735110dd68d824f,3275,body-v3.16/sim/compare_v315_v316.json
body-v3.25/sim/compare_v315_v316.md,7f3d98d608546dfa4b151456866195a1,1921,body-v3.16/sim/compare_v315_v316.md
body-v3.25/sim/compare_v316_v317.json,89fc00addd46ac4183394325d465c0b6,3276,body-v3.17/sim/compare_v316_v317.json
body-v3.25/sim/compare_v316_v317.md,83688af2bb79fc2348ba36b5274ba16a,1922,body-v3.17/sim/compare_v316_v317.md
body-v3.25/sim/compare_v317_v318.json,ad0dc738bc0a716df0978250c0782c47,3276,body-v3.18/sim/compare_v317_v318.json
body-v3.25/sim/compare_v317_v318.md,e48cf4f4e269a3976efa4d3045ee151b,1922,body-v3.18/sim/compare_v317_v318.md
body-v3.25/sim/compare_v318_v319.json,0e65f3737cf34fa7999880e013a7cd91,3274,body-v3.19/sim/compare_v318_v319.json
body-v3.25/sim/compare_v318_v319.md,c4243a4bef93963eaf6f9b4f77832ff6,1920,body-v3.19/sim/compare_v318_v319.md
body-v3.25/sim/compare_v319_v320.json,bab95bb7d04ef783644b5849d6af0ea4,3274,body-v3.20/sim/compare_v319_v320.json
body-v3.25/sim/compare_v319_v320.md,c75a6c9adff1c572d18b39ed317b99e8,1920,body-v3.20/sim/compare_v319_v320.md
body-v3.25/sim/compare_v31_v32.json,c51ae2424f05c1ab5562ee15e9b2965f,3254,body-v3.10/sim/compare_v31_v32.json
body-v3.25/sim/compare_v31_v32.md,644ebfad4fb06dc032148c27094bee2c,1939,body-v3.10/sim/compare_v31_v32.md
body-v3.25/sim/compare_v320_v321.json,7c5080f5760645a1aef606488f8d7e1c,3275,body-v3.21/sim/compare_v320_v321.json
body-v3.25/sim/compare_v320_v321.md,46a012e37a610a9fa3786dc1fb72d54b,1921,body-v3.21/sim/compare_v320_v321.md
body-v3.25/sim/compare_v321_v322.json,6cfba00157bfee31f045cd1f5fb511c4,3275,body-v3.22/sim/compare_v321_v322.json
body-v3.25/sim/compare_v321_v322.md,612869a9d426091336938b142bd604fc,1921,body-v3.22/sim/compare_v321_v322.md
body-v3.25/sim/compare_v322_v323.json,4b06bad9663207db1f5e6ae12259e9c4,3275,body-v3.23/sim/compare_v322_v323.json
body-v3.25/sim/compare_v322_v323.md,c74ddd392bf5f3aaf3d22b57f9397102,1921,body-v3.23/sim/compare_v322_v323.md
body-v3.25/sim/compare_v323_v324.json,d221b0638f841ab63d8cb1311374ed68,3275,body-v3.24/sim/compare_v323_v324.json
body-v3.25/sim/compare_v323_v324.md,d5a778e5955913bf22ba75fe34098cb7,1921,body-v3.24/sim/compare_v323_v324.md
body-v3.25/sim/compare_v324_v325.json,9cfa71e95360471aa3b03b16912dbda5,3275,body-v3.25/sim/compare_v324_v325.json
body-v3.25/sim/compare_v324_v325.md,d6e821f4ecd9c226804d8a0ba6d7791b,1921,body-v3.25/sim/compare_v324_v325.md
body-v3.25/sim/compare_v32_v33.json,a6b9c313414ce0741dcde7c80ce064a7,3255,body-v3.10/sim/compare_v32_v33.json
body-v3.25/sim/compare_v32_v33.md,de11b2bed04349fe3059fe2af1f01f8d,1861,body-v3.10/sim/compare_v32_v33.md
body-v3.25/sim/compare_v33_v34.json,9970e48ff8444752844c36261fdbc8a7,3255,body-v3.10/sim/compare_v33_v34.json
body-v3.25/sim/compare_v33_v34.md,1bee2d057cf0af55e9285ae39642e0d4,1861,body-v3.10/sim/compare_v33_v34.md
body-v3.25/sim/compare_v34_v35.json,15b209ba528bca78169f2c308cc5a0c0,3263,body-v3.10/sim/compare_v34_v35.json
body-v3.25/sim/compare_v34_v35.md,e7b150ed0f30c20b731c9a2ac12058d0,2289,body-v3.10/sim/compare_v34_v35.md
body-v3.25/sim/compare_v35_v36.json,91ae3e17f2ce269016d61be082636f3e,3272,body-v3.10/sim/compare_v35_v36.json
body-v3.25/sim/compare_v35_v36.md,ada8c03eeb0156deaac729f93149e461,2344,body-v3.10/sim/compare_v35_v36.md
body-v3.25/sim/compare_v36_v37.json,3e11a3460b142718d63652a501df696e,3271,body-v3.10/sim/compare_v36_v37.json
body-v3.25/sim/compare_v36_v37.md,fda6c06c3d45610df1ba016b41b4ba7b,2405,body-v3.10/sim/compare_v36_v37.md
body-v3.25/sim/compare_v37_v38.json,1276986b406e998977d666daa157cf71,3272,body-v3.10/sim/compare_v37_v38.json
body-v3.25/sim/compare_v37_v38.md,f8a800c1b0a12f6fdc9a81f7131ee562,1915,body-v3.10/sim/compare_v37_v38.md
body-v3.25/sim/compare_v38_v39.json,5a057226cca27472ecf7125a724e8082,3274,body-v3.10/sim/compare_v38_v39.json
body-v3.25/sim/compare_v38_v39.md,dc30e35f4edbde2136c3daf04fc04bcc,1917,body-v3.10/sim/compare_v38_v39.md
body-v3.25/sim/compare_v39_v310.json,8d43b630f2580e8ba95a586df3f3d406,3275,body-v3.10/sim/compare_v39_v310.json
body-v3.25/sim/compare_v39_v310.md,03dd6304ccf2ba5f39991cdadfafd6c8,1921,body-v3.10/sim/compare_v39_v310.md
body-v3.25/sim/compare_v39_v311.json,bf0d8a9069f17dfd3c90f0ae651cbc80,3274,body-v3.11/sim/compare_v39_v311.json
body-v3.25/sim/compare_v39_v311.md,504094156e0454adb92ca4e51fd97da2,1920,body-v3.11/sim/compare_v39_v311.md
body-v3.25/sim/compare_v3_v31.json,7e29f9219c9b23c6c5982ab3a1a89db3,2829,body-v3.1/sim/compare_v3_v31.json
body-v3.25/sim/compare_v3_v31.md,175081c021dce15c7e987872af0ac43f,1611,body-v3.1/sim/compare_v3_v31.md
body-v3.25/sim/gen317.log,d1364dfc1ced2a5a433641ee9c86e977,799,body-v3.17/sim/gen317.log
body-v3.25/sim/gen318.log,4b275951c1b9a0045efd57346cbaa4f8,799,body-v3.18/sim/gen318.log
body-v3.25/sim/gen319.log,be94467370eae037352b4abf64edbf77,799,body-v3.19/sim/gen319.log
body-v3.25/sim/gen320.log,01f6e4df684b699877f852a33ff39cd7,799,body-v3.20/sim/gen320.log
body-v3.25/sim/gen322.log,16510f42780f21957b8d809a3deae052,799,body-v3.22/sim/gen322.log
body-v3.25/sim/gen323.log,977ac1c0307f32f8ddc6b7ff0863b72d,799,body-v3.23/sim/gen323.log
body-v3.25/sim/gen324.log,e10c1214fa25ba1ce60615dbd1f3ab48,799,body-v3.24/sim/gen324.log
body-v3.25/sim/gen325.log,94afa33045734501174c461de48eb293,799,body-v3.25/sim/gen325.log
body-v3.25/sim/mass_report_v3.json,5061a24f05236a81974662bef4dd3f68,13479,body-v3.25/sim/mass_report_v3.json
body-v3.25/sim/plot_compare.png,2457a623d2f320f37f590b6d2c9af28b,58887,body-v3/sim/plot_compare.png
body-v3.25/sim/results_v3.json,b51494e74102af742a56d63696279dba,7727,body-v3.25/sim/results_v3.json
body-v3.25/sim/results_v3_8pct.json,cb25e47bae840299a65617cae6694f56,7820,body-v3.11/sim/results_v3_8pct.json
body-v3.25/sim/results_v3_snout10pct.json,103a1aed6577f64926a156f4fcbe8328,7823,body-v3.11/sim/results_v3_snout10pct.json
body-v3.25/sim/rt317.log,734339dad8e117eede012b875d819072,2997,body-v3.17/sim/rt317.log
body-v3.25/sim/rt318.log,247bdf8654fc2b7269fc35245609c6e0,2996,body-v3.18/sim/rt318.log
body-v3.25/sim/rt319.log,324a9b3cec0b51d6489bf0504706f4e2,2991,body-v3.19/sim/rt319.log
body-v3.25/sim/rt320.log,bfbbed9c401c39dd1f62267c258aa1e3,2994,body-v3.20/sim/rt320.log
body-v3.25/sim/rt322.log,4056c292613a182c8cc4446cca90f152,2993,body-v3.22/sim/rt322.log
body-v3.25/sim/rt323.log,a7659744cf7ee25b5132c56a89dc1e79,2995,body-v3.23/sim/rt323.log
body-v3.25/sim/rt324.log,002359ba599ec119b71e5966331c76dd,2999,body-v3.24/sim/rt324.log
body-v3.25/sim/rt325.log,fc7ce9706f3dfca4b4952b082de22786,2995,body-v3.25/sim/rt325.log
body-v3.25/sim/sweep319.txt,278100be8b4725996bbdeb59fc299feb,345,body-v3.19/sim/sweep319.txt
body-v3.25/sim/sweep322.txt,a9369f3a91cf7155248fccd019054a28,593,body-v3.22/sim/sweep322.txt
body-v3.25/sim/sweep323.txt,70d6d4ea8f1e5c890e96da9a63831f53,535,body-v3.23/sim/sweep323.txt
body-v3.25/sim/sweep324.txt,cfd4222ae0c7676c3e2007af218ed7f1,734,body-v3.24/sim/sweep324.txt
body-v3.25/sim/sweep325.txt,3c409c7b0c8bbc7d48bf344950569360,1016,body-v3.25/sim/sweep325.txt
body-v3.25/sim/sweep325b.txt,b7f771ed43e2784c7cca9755926d5e26,793,body-v3.25/sim/sweep325b.txt
body-v3.25/sim/walk_refine_eff_v32.json,c16511f9d50b2474cee6257db0d85351,157,body-v3.23/sim/walk_refine_eff_v32.json
body-v3.25/sim/walk_refine_v32.json,d4da74a1c6dccf1d4261b44ce4663e51,155,body-v3.25/sim/walk_refine_v32.json
body-v3.25/sim/walk_v3.json,f60a951a4b18058b700a5325219addab,3031,body-v3.25/sim/walk_v3.json
body-v3.25/sim/walk_v3_eff.json,1ab8d66660ab95f06130677b82b97602,3044,body-v3.25/sim/walk_v3_eff.json
body-v3.25/sim/walk_v3_eff_noref.json,ebaa41acfaaef3b24dc77ab83db09f93,3101,body-v3.10/sim/walk_v3_eff_noref.json
body-v3.25/sim/walk_v3_noref.json,85f5f335181e839cfdc2d627ecca5d32,3095,body-v3.10/sim/walk_v3_noref.json
body-v3.25/sim/walk_v3_prerefine_v310.json,09d03ddff2a0a115af858a30f0934a7e,3038,body-v3.10/sim/walk_v3_prerefine_v310.json
body-v3.25/sim/we317.log,909b74c0ea465803e8271ca953cb24d3,126,body-v3.17/sim/we317.log
body-v3.25/sim/we318.log,cf4768c1657856fc40fa2c919d66ea86,127,body-v3.18/sim/we318.log
body-v3.25/sim/we319.log,3f677b2656f761d6d36a48d6fef04cbf,126,body-v3.19/sim/we319.log
body-v3.25/sim/we320.log,ce08323dee1e373fba90bff4e78c5694,127,body-v3.20/sim/we320.log
body-v3.25/sim/we321b.log,e45662280140f094d9074850f66b1e0c,127,body-v3.21/sim/we321b.log
body-v3.25/sim/we322.log,407e0e99965ade0f7cb2f4186060a3d0,125,body-v3.22/sim/we322.log
body-v3.25/sim/we323.log,cde16558d70b04c25b7adf3b0969e050,125,body-v3.23/sim/we323.log
body-v3.25/sim/we324.log,0f6e6d7e6bac13e7e866e1d6d21aedf1,125,body-v3.24/sim/we324.log
body-v3.25/sim/we325.log,68bbf14b07f1c54de9d05de7a759c7c5,121,body-v3.25/sim/we325.log
body-v3.25/sim/wee317.log,7656cb072a79947613d2fb1b6f43d853,127,body-v3.17/sim/wee317.log
body-v3.25/sim/wee318.log,5190b6cd46b96e2cbaf59dc74937c829,127,body-v3.18/sim/wee318.log
body-v3.25/sim/wee319.log,e1617f52cb38131115c93a6a9b087131,129,body-v3.19/sim/wee319.log
body-v3.25/sim/wee320.log,1ef65b3d0c0e312f23a72c1397253066,128,body-v3.20/sim/wee320.log
body-v3.25/sim/wee322.log,70e4d67b26be70fc24d55061a7dfccb9,128,body-v3.22/sim/wee322.log
body-v3.25/sim/wee323.log,4266b6265524378564c2dc06c5dd19b1,128,body-v3.23/sim/wee323.log
body-v3.25/sim/wee324.log,c8d8924e457d570fa7dab2bae59f97e0,128,body-v3.24/sim/wee324.log
body-v3.25/sim/wee325.log,bde6846c08458aad761a999bf230f4d2,128,body-v3.25/sim/wee325.log
body-v3.25/sim/wr317.log,7aabad450d8fee0e5cf88845890bc832,549,body-v3.17/sim/wr317.log
body-v3.25/sim/wr318.log,7e3296c6912b1ea3665e1eecf625a1fa,550,body-v3.18/sim/wr318.log
body-v3.25/sim/wr319.log,ec71d90097784f9358b910a600739de9,546,body-v3.19/sim/wr319.log
body-v3.25/sim/wr321.log,9c5746707350699dfcddcafbe5fa9862,556,body-v3.21/sim/wr321.log
body-v3.25/sim/wr321b.log,6f26a7b15ab047e6ae1b24ac2760b222,549,body-v3.21/sim/wr321b.log
body-v3.25/sim/wr322.log,b5f9a4d5217cff369faf1c7aad137242,539,body-v3.22/sim/wr322.log
body-v3.25/sim/wr325.log,fadc71913b836e043acf136ed234e37e,543,body-v3.25/sim/wr325.log
body-v3.25/sim/wr325b.log,ac252fa78c414c08bc6bd915c72c1023,546,body-v3.25/sim/wr325b.log
body-v3.25/sim/wre319.log,5dc35f4200037d2feeaab949c4f83421,548,body-v3.19/sim/wre319.log
body-v3.25/sim/wre319b.log,27e94bc650d92537dfcb31ffd6dabc89,549,body-v3.19/sim/wre319b.log
body-v3.25/sim/wre323.log,13900173b09c52a190bfc13d54fab539,546,body-v3.23/sim/wre323.log
body-v3.25/sim/wre323b.log,e86f9c63be2ec9ad4d431aa2a45d64c1,546,body-v3.23/sim/wre323b.log
body-v3.25/sim/wre323c.log,4e2a1d0c084021ffa7bf77f1d3d00bb6,544,body-v3.23/sim/wre323c.log
body-v3.25/sim/bak_pre_refine_v323/walk_v3_eff.json,b2efa2b2ba6f159fc5162672a5423484,3047,body-v3.23/sim/bak_pre_refine_v323/walk_v3_eff.json
body-v3.25/sim/bak_pre_refine_v325/walk_v3.json,d91486a67e40fef0468f5922a172614f,3033,body-v3.25/sim/bak_pre_refine_v325/walk_v3.json
body-v3.25/sim/bak_pre_refine_v325/walk_v3_eff.json,60d2713caf97465e4706ec75bf0e1245,3043,body-v3.25/sim/bak_pre_refine_v325/walk_v3_eff.json
body-v3.25/sim/bak_pre_refine_v325/walk_v3_eff_noref.json,ebaa41acfaaef3b24dc77ab83db09f93,3101,body-v3.10/sim/walk_v3_eff_noref.json
body-v3.25/sim/bak_pre_refine_v325/walk_v3_noref.json,85f5f335181e839cfdc2d627ecca5d32,3095,body-v3.10/sim/walk_v3_noref.json
body-v3.25/sim/bak_pre_refine_v325/walk_v3_prerefine_v310.json,09d03ddff2a0a115af858a30f0934a7e,3038,body-v3.10/sim/walk_v3_prerefine_v310.json
body-v3.25/sim/bak_pre_refine_v325b/walk_v3.json,688eb379af559a5a89ffdd61de0ab178,3035,body-v3.25/sim/bak_pre_refine_v325b/walk_v3.json
body-v3.25/sim/bak_pre_refine_v325b/walk_v3_eff.json,1ab8d66660ab95f06130677b82b97602,3044,body-v3.25/sim/walk_v3_eff.json
body-v3.25/sim/bak_pre_refine_v325b/walk_v3_eff_noref.json,ebaa41acfaaef3b24dc77ab83db09f93,3101,body-v3.10/sim/walk_v3_eff_noref.json
body-v3.25/sim/bak_pre_refine_v325b/walk_v3_noref.json,85f5f335181e839cfdc2d627ecca5d32,3095,body-v3.10/sim/walk_v3_noref.json
body-v3.25/sim/bak_pre_refine_v325b/walk_v3_prerefine_v310.json,09d03ddff2a0a115af858a30f0934a7e,3038,body-v3.10/sim/walk_v3_prerefine_v310.json
body-v3.25/sim/v310_ref/arm_heat_v3.json,07b5df779e4043a927a2b4d6fb21639a,4222,body-v3.10/sim/arm_heat_v3.json
body-v3.25/sim/v310_ref/results_v3.json,2370068638410dd3864dd3c892cd6a3b,7823,body-v3.10/sim/results_v3.json
body-v3.25/sim/v310_ref/walk_v3.json,e9d78c042a9e739225f3023ca5bd64dd,3038,body-v3.10/sim/walk_v3.json
body-v3.25/sim/v310_ref/walk_v3_eff.json,1e744e11cd7023f86b9f07eff160bb5d,3038,body-v3.10/sim/walk_v3_eff.json
body-v3.25/sim/v311_ref/arm_heat_v3.json,07b5df779e4043a927a2b4d6fb21639a,4222,body-v3.10/sim/arm_heat_v3.json
body-v3.25/sim/v311_ref/results_v3.json,859125992a19eb68d7b6dfc8772bce89,7823,body-v3.11/sim/results_v3.json
body-v3.25/sim/v311_ref/walk_v3.json,4af9789103d25cb741517657b5fde163,3031,body-v3.11/sim/walk_v3.json
body-v3.25/sim/v311_ref/walk_v3_eff.json,90de5e2d159d49e1a165ee89674e8272,3049,body-v3.11/sim/walk_v3_eff.json
body-v3.25/sim/v312_ref/arm_heat_v3.json,07b5df779e4043a927a2b4d6fb21639a,4222,body-v3.10/sim/arm_heat_v3.json
body-v3.25/sim/v312_ref/results_v3.json,5424004f332c0e8e99cd9a8ec70d033e,7823,body-v3.12/sim/results_v3.json
body-v3.25/sim/v312_ref/walk_v3.json,6813456c6d543b75d9ce3378cc7ec76d,3035,body-v3.12/sim/walk_v3.json
body-v3.25/sim/v312_ref/walk_v3_eff.json,da1bc95efaa4f87cffc8d4173df08fb6,3048,body-v3.12/sim/walk_v3_eff.json
body-v3.25/sim/v314_ref/arm_heat_v3.json,07b5df779e4043a927a2b4d6fb21639a,4222,body-v3.10/sim/arm_heat_v3.json
body-v3.25/sim/v314_ref/results_v3.json,5ff19fd27ab58cd5229b75f149e29603,7823,body-v3.14/sim/results_v3.json
body-v3.25/sim/v314_ref/walk_v3.json,1e30876edb5e0bee39df59123740079d,3036,body-v3.14/sim/walk_v3.json
body-v3.25/sim/v314_ref/walk_v3_eff.json,c116a8d3fe477f01a98b8bb54dabfa7f,3045,body-v3.14/sim/walk_v3_eff.json
body-v3.25/sim/v315_ref/arm_heat_v3.json,07b5df779e4043a927a2b4d6fb21639a,4222,body-v3.10/sim/arm_heat_v3.json
body-v3.25/sim/v315_ref/results_v3.json,b313775a19af5f0e29ea8d9ae9575fe6,7822,body-v3.15/sim/results_v3.json
body-v3.25/sim/v315_ref/walk_v3.json,c985f9e94b78a0fe370d07b3b066741c,3031,body-v3.15/sim/walk_v3.json
body-v3.25/sim/v315_ref/walk_v3_eff.json,ffd36628ae1263713261beaf6e10d638,3039,body-v3.15/sim/walk_v3_eff.json
body-v3.25/sim/v316_ref/arm_heat_v3.json,07b5df779e4043a927a2b4d6fb21639a,4222,body-v3.10/sim/arm_heat_v3.json
body-v3.25/sim/v316_ref/results_v3.json,24e44ae5ede579cf27e9c59f3e91a5de,7775,body-v3.16/sim/results_v3.json
body-v3.25/sim/v316_ref/walk_v3.json,204d18347ae73d7c7dea42312c01ae3f,3036,body-v3.16/sim/walk_v3.json
body-v3.25/sim/v316_ref/walk_v3_eff.json,fbf1db72d2d067b3cd3d9ac1219e6d20,3040,body-v3.16/sim/walk_v3_eff.json
body-v3.25/sim/v317_ref/arm_heat_v3.json,07b5df779e4043a927a2b4d6fb21639a,4222,body-v3.10/sim/arm_heat_v3.json
body-v3.25/sim/v317_ref/results_v3.json,935d6addfe550f20e12c8b793636fe96,7778,body-v3.17/sim/results_v3.json
body-v3.25/sim/v317_ref/walk_v3.json,0514cc614c854751602a29fa12e9d12f,3035,body-v3.17/sim/walk_v3.json
body-v3.25/sim/v317_ref/walk_v3_eff.json,bf910ab795ecc5688ba847d99747c920,3035,body-v3.17/sim/walk_v3_eff.json
body-v3.25/sim/v318_ref/arm_heat_v3.json,07b5df779e4043a927a2b4d6fb21639a,4222,body-v3.10/sim/arm_heat_v3.json
body-v3.25/sim/v318_ref/results_v3.json,b574dd55b92c2a33487ba4df1b2c8382,7730,body-v3.18/sim/results_v3.json
body-v3.25/sim/v318_ref/walk_v3.json,33e5b5229a31a9aab20310892ef2c5a7,3033,body-v3.18/sim/walk_v3.json
body-v3.25/sim/v318_ref/walk_v3_eff.json,b7f747d38a4ab2f7f6855d9d19724dda,3041,body-v3.18/sim/walk_v3_eff.json
body-v3.25/sim/v319_ref/arm_heat_v3.json,07b5df779e4043a927a2b4d6fb21639a,4222,body-v3.10/sim/arm_heat_v3.json
body-v3.25/sim/v319_ref/results_v3.json,b6381dfeaa6b0f3c7fda067dc519bbf6,7719,body-v3.19/sim/results_v3.json
body-v3.25/sim/v319_ref/walk_v3.json,2befac91b8fb900a116412d9eb360ef1,3040,body-v3.19/sim/walk_v3.json
body-v3.25/sim/v319_ref/walk_v3_eff.json,958b7e2ebedc49ce3e3f984ed44e4648,3043,body-v3.19/sim/walk_v3_eff.json
body-v3.25/sim/v31_ref/arm_heat_v3.json,2126fcc62fd7d3c396dcb7770419204a,4220,body-v3.1/sim/arm_heat_v3.json
body-v3.25/sim/v31_ref/mass_report_v3.json,b22177cef249a8bc99fcb2f57bb05878,12902,body-v3.1/sim/mass_report_v3.json
body-v3.25/sim/v31_ref/results_v3.json,510d1456468455e8152b440555672307,8029,body-v3.1/sim/results_v3.json
body-v3.25/sim/v31_ref/walk_v3.json,21a198ab40b540b4e3398bd7bdd66988,3094,body-v3.1/sim/walk_v3.json
body-v3.25/sim/v31_ref/walk_v3_eff.json,031ec90a823c37124efb0f9b271545e0,3102,body-v3.1/sim/walk_v3_eff.json
body-v3.25/sim/v320_ref/arm_heat_v3.json,07b5df779e4043a927a2b4d6fb21639a,4222,body-v3.10/sim/arm_heat_v3.json
body-v3.25/sim/v320_ref/results_v3.json,a3f76d9df0efa840ce3eedc394c67c25,7725,body-v3.20/sim/results_v3.json
body-v3.25/sim/v320_ref/walk_v3.json,3c60ae1fab664f989b79e69f90a262b8,3041,body-v3.20/sim/walk_v3.json
body-v3.25/sim/v320_ref/walk_v3_eff.json,03eb5773b7046ab0d35d27298ebcb3a6,3042,body-v3.20/sim/walk_v3_eff.json
body-v3.25/sim/v321_ref/arm_heat_v3.json,07b5df779e4043a927a2b4d6fb21639a,4222,body-v3.10/sim/arm_heat_v3.json
body-v3.25/sim/v321_ref/results_v3.json,9376232a72512e604ebf34cf3b0762df,7731,body-v3.21/sim/results_v3.json
body-v3.25/sim/v321_ref/walk_v3.json,01446e40422c7d46429c72ec2607530b,3036,body-v3.21/sim/walk_v3.json
body-v3.25/sim/v321_ref/walk_v3_eff.json,3ce6d50a38fd9906f253a17dd746cce3,3047,body-v3.21/sim/walk_v3_eff.json
body-v3.25/sim/v322_ref/arm_heat_v3.json,07b5df779e4043a927a2b4d6fb21639a,4222,body-v3.10/sim/arm_heat_v3.json
body-v3.25/sim/v322_ref/results_v3.json,6ad0ee2d5d6d53f8b36744fa2ee3242d,7719,body-v3.22/sim/results_v3.json
body-v3.25/sim/v322_ref/walk_v3.json,7967a3be11fabb980089e5200d649aa6,3033,body-v3.22/sim/walk_v3.json
body-v3.25/sim/v322_ref/walk_v3_eff.json,098c6cd614912b59984aee1711e1acd5,3043,body-v3.22/sim/walk_v3_eff.json
body-v3.25/sim/v323_ref/arm_heat_v3.json,07b5df779e4043a927a2b4d6fb21639a,4222,body-v3.10/sim/arm_heat_v3.json
body-v3.25/sim/v323_ref/results_v3.json,8d437b38b13edee42f6213c5b73acaba,7723,body-v3.23/sim/results_v3.json
body-v3.25/sim/v323_ref/walk_v3.json,5d86ba253d556f0c4e06a6b6a6ee3b16,3035,body-v3.23/sim/walk_v3.json
body-v3.25/sim/v323_ref/walk_v3_eff.json,b809785c839b19be78d9cac4f267cc4a,3044,body-v3.23/sim/walk_v3_eff.json
body-v3.25/sim/v324_ref/arm_heat_v3.json,07b5df779e4043a927a2b4d6fb21639a,4222,body-v3.10/sim/arm_heat_v3.json
body-v3.25/sim/v324_ref/results_v3.json,c2d2ee2856647249a3c0edef466fd442,7733,body-v3.24/sim/results_v3.json
body-v3.25/sim/v324_ref/walk_v3.json,77e520cc6fba6e96027e334d719150a5,3024,body-v3.24/sim/walk_v3.json
body-v3.25/sim/v324_ref/walk_v3_eff.json,2bb82f6d7a4c038ecb38c57e67604e13,3046,body-v3.24/sim/walk_v3_eff.json
body-v3.25/sim/v32_ref/arm_heat_v3.json,07b5df779e4043a927a2b4d6fb21639a,4222,body-v3.10/sim/arm_heat_v3.json
body-v3.25/sim/v32_ref/results_v3.json,691b926aea221e63317388971ca903f7,8023,body-v3.10/sim/v32_ref/results_v3.json
body-v3.25/sim/v32_ref/walk_refine_v32.json,0648267fc7b09edeaa65985c0b4db260,157,body-v3.10/sim/v32_ref/walk_refine_v32.json
body-v3.25/sim/v32_ref/walk_v3.json,120423616b57938b7fd7672da7ad00f6,3165,body-v3.10/sim/v32_ref/walk_v3.json
body-v3.25/sim/v32_ref/walk_v3_eff.json,0860666c2fb00c61803ca5cf38d8cf2e,3103,body-v3.10/sim/v32_ref/walk_v3_eff.json
body-v3.25/sim/v33_ref/arm_heat_v3.json,07b5df779e4043a927a2b4d6fb21639a,4222,body-v3.10/sim/arm_heat_v3.json
body-v3.25/sim/v33_ref/results_v3.json,1f5b949f70ea6f2d2ca68c339ea885bb,8028,body-v3.10/sim/v33_ref/results_v3.json
body-v3.25/sim/v33_ref/walk_v3.json,135fd3eba247694b2d0455b05c2b1ed0,3154,body-v3.10/sim/v33_ref/walk_v3.json
body-v3.25/sim/v33_ref/walk_v3_eff.json,07f206d2b718406f84a80514363a0894,3163,body-v3.10/sim/v33_ref/walk_v3_eff.json
body-v3.25/sim/v34_ref/arm_heat_v3.json,07b5df779e4043a927a2b4d6fb21639a,4222,body-v3.10/sim/arm_heat_v3.json
body-v3.25/sim/v34_ref/results_v3.json,daa3ef05a96a0d46bbace841296e31c6,8020,body-v3.10/sim/v34_ref/results_v3.json
body-v3.25/sim/v34_ref/walk_v3.json,7f1ce820d388e0e41ba3dfc2c5faba4a,3155,body-v3.10/sim/v34_ref/walk_v3.json
body-v3.25/sim/v34_ref/walk_v3_eff.json,4ea2b63d0b9eba2faa54ba882cf92f93,3160,body-v3.10/sim/v34_ref/walk_v3_eff.json
body-v3.25/sim/v36_ref/arm_heat_v3.json,07b5df779e4043a927a2b4d6fb21639a,4222,body-v3.10/sim/arm_heat_v3.json
body-v3.25/sim/v36_ref/results_v3.json,6d09c34dcdbeb0ab1721a3015ed869a3,7773,body-v3.10/sim/v36_ref/results_v3.json
body-v3.25/sim/v36_ref/walk_v3.json,38bcf54acd4ca8bbf675993d585329f0,3039,body-v3.10/sim/v36_ref/walk_v3.json
body-v3.25/sim/v36_ref/walk_v3_eff.json,31b8a828b14afc9f5d317ef29cfbe9a9,3042,body-v3.10/sim/v36_ref/walk_v3_eff.json
body-v3.25/sim/v37_ref/arm_heat_v3.json,07b5df779e4043a927a2b4d6fb21639a,4222,body-v3.10/sim/arm_heat_v3.json
body-v3.25/sim/v37_ref/results_v3.json,e28526abee73fc3f1f2ce8a8893f87ae,7780,body-v3.10/sim/v37_ref/results_v3.json
body-v3.25/sim/v37_ref/walk_v3.json,33671a750fd7dce386401bce59f686a8,3032,body-v3.10/sim/v37_ref/walk_v3.json
body-v3.25/sim/v37_ref/walk_v3_eff.json,7be0f1960d01f0a3b80fb0f12f58de19,3043,body-v3.10/sim/v37_ref/walk_v3_eff.json
body-v3.25/sim/v38_ref/arm_heat_v3.json,07b5df779e4043a927a2b4d6fb21639a,4222,body-v3.10/sim/arm_heat_v3.json
body-v3.25/sim/v38_ref/results_v3.json,db7c5b8b22483b4f91eb46d530353928,7824,body-v3.10/sim/v38_ref/results_v3.json
body-v3.25/sim/v38_ref/walk_v3.json,fee45989bdaf3ab94dcabed25b50e7bb,3039,body-v3.10/sim/v38_ref/walk_v3.json
body-v3.25/sim/v38_ref/walk_v3_eff.json,228f2964c6705f80ebc7366edb2f0317,3043,body-v3.10/sim/v38_ref/walk_v3_eff.json
body-v3.25/sim/v39_ref/arm_heat_v3.json,07b5df779e4043a927a2b4d6fb21639a,4222,body-v3.10/sim/arm_heat_v3.json
body-v3.25/sim/v39_ref/results_v3.json,6603ecb5509ca86206a169ce15811895,7824,body-v3.10/sim/v39_ref/results_v3.json
body-v3.25/sim/v39_ref/walk_v3.json,8fc65df0a06c89e667c1c6d739d66c3c,3033,body-v3.10/sim/v39_ref/walk_v3.json
body-v3.25/sim/v39_ref/walk_v3_eff.json,79767a0ef34301f4d5f02ac4e2c255bf,3042,body-v3.10/sim/v39_ref/walk_v3_eff.json
body-v3.25/sim/v3_ref/arm_heat_v3.json,24f0f1621b09d575497b233327d5af34,4223,body-v3/sim/arm_heat_v3.json
body-v3.25/sim/v3_ref/results_v3.json,e91a5d8c46c37b6547966407c5d77848,8025,body-v3/sim/results_v3.json
body-v3.25/sim/v3_ref/walk_v3.json,f6dfc33626937c34a72b551e33684da3,3337,body-v3/sim/walk_v3.json
body-v3.25/sim/v3_ref/walk_v3_eff.json,394deba9fbf961cf5d88aae40d78c2e6,3347,body-v3/sim/walk_v3_eff.json
body-v3.26/README.md,65c2e177b5412a5e63ba38b5190edbde,6101,body-v3.10/README.md
body-v3.26/README_v3.md,d5dfb182350ce2de808eda08cc549acc,8398,body-v3/README.md
body-v3.26/README_v31.md,62cf5740b1281b505a1e2bb98d536030,8478,body-v3.1/README.md
body-v3.26/README_v310.md,8da2f237ff36b44d0add847660514f13,3734,body-v3.10/README_v310.md
body-v3.26/README_v311.md,00e8e1e244dfd4deb11e26e2ae98012f,4189,body-v3.11/README_v311.md
body-v3.26/README_v312.md,1661c05da47e75ae5678be1a9513648e,4010,body-v3.12/README_v312.md
body-v3.26/README_v313.md,60beb427e39b3057b625d7c402153ecd,3338,body-v3.13/README_v313.md
body-v3.26/README_v314.md,c06f881a9d452d57268625b05f4b8850,3978,body-v3.14/README_v314.md
body-v3.26/README_v315.md,e6dcd0fd62eb3f59d02bf840e1d59599,2771,body-v3.15/README_v315.md
body-v3.26/README_v316.md,af2d2b48ebd64516bfe0f1dd61b28da7,6517,body-v3.16/README_v316.md
body-v3.26/README_v317.md,08d1cd9d822124621f017e9b62a01692,4494,body-v3.17/README_v317.md
body-v3.26/README_v318.md,0af4e594f70c70c582978e26dba2fd10,4575,body-v3.18/README_v318.md
body-v3.26/README_v319.md,9cab512e2cc660ed2cc713091882f107,5665,body-v3.19/README_v319.md
body-v3.26/README_v32.md,36d5079dfd7d10c4ca271706c936cf5a,12057,body-v3.10/README_v32.md
body-v3.26/README_v320.md,1bd93ec87a4a978fead0c396fc582328,2026,body-v3.20/README_v320.md
body-v3.26/README_v321.md,940bbfbf636a75d9a05673bb9bf46acc,2892,body-v3.21/README_v321.md
body-v3.26/README_v322.md,d0144fa82487f3971e9f5466b74ae3bc,2977,body-v3.22/README_v322.md
body-v3.26/README_v326.md,064bd9a5868d0eb712a4a178440ebb38,4924,body-v3.26/README_v326.md
body-v3.26/README_v33.md,6752bb01dae32e530a285e330f4d5770,5164,body-v3.10/README_v33.md
body-v3.26/README_v34.md,b512057a38e8cd7dd3ee07219c058e51,2623,body-v3.10/README_v34.md
body-v3.26/README_v35.md,7d8c481c42edc18f57b68b7bcea44345,2418,body-v3.10/README_v35.md
body-v3.26/README_v36.md,756af93fbf80b2ee9e5fee1458509d98,2438,body-v3.10/README_v36.md
body-v3.26/README_v38.md,ed0092856c928668efe6274c4752d7c2,4651,body-v3.10/README_v38.md
body-v3.26/README_v39.md,93f974e23db0965ce50120ba22d3dfaf,4818,body-v3.10/README_v39.md
body-v3.26/armsweep_v316.json,1f5aeabfa91da235aef6d943587fcf20,232,body-v3.16/armsweep_v316.json
body-v3.26/armsweep_v317.json,64745441dcb259065e67e21ae09ffab6,1203,body-v3.17/armsweep_v317.json
body-v3.26/armsweep_v318.json,5ae60717248b7264e1f67c1252ce79a5,1198,body-v3.18/armsweep_v318.json
body-v3.26/armsweep_v319.json,8c6d5a5f572ff5fabd1bbab9856ddf11,1230,body-v3.19/armsweep_v319.json
body-v3.26/armsweep_v320.json,9cf76322dae0716251c9d43d851284dd,992,body-v3.20/armsweep_v320.json
body-v3.26/armsweep_v321.json,185ddf1d621c09dea5d35968652520a9,790,body-v3.21/armsweep_v321.json
body-v3.26/armsweep_v322.json,1c2b3fd30dfdab42e8c6f9655d7801af,990,body-v3.22/armsweep_v322.json
body-v3.26/armsweep_v323_on_this.json,cc1d45898859189c26dfa9af89931450,1090,body-v3.23/armsweep_v323_on_this.json
body-v3.26/armsweep_v324.json,da76ca344a4ed4b0207c31572c35376a,990,body-v3.24/armsweep_v324.json
body-v3.26/armsweep_v325.json,da76ca344a4ed4b0207c31572c35376a,990,body-v3.24/armsweep_v324.json
body-v3.26/armsweep_v326.json,da76ca344a4ed4b0207c31572c35376a,990,body-v3.24/armsweep_v324.json
body-v3.26/bom_v35.md,54e414cced6d75762caa12cba76d0d40,1012,body-v3.10/bom_v35.md
body-v3.26/build_report.json,3c08239c078593b51d293cace8ec1a27,19929,body-v3.10/build_report.json
body-v3.26/changed_parts_v36_to_v37.json,a9a41d7c46a2ad62fed49408f90e4b29,1338,body-v3.10/changed_parts_v36_to_v37.json
body-v3.26/changed_parts_v37_to_v38.json,49ae233dc0c85f386397a6f0a52f4f9a,6172,body-v3.10/changed_parts_v37_to_v38.json
body-v3.26/changed_parts_v38_to_v39.json,d3cd5cdf0f50ea6407e39f2225cef809,6381,body-v3.10/changed_parts_v38_to_v39.json
body-v3.26/collide_head_v310.json,e25c6464886e09f567ee551e6f338f74,2142,body-v3.10/collide_head_v310.json
body-v3.26/collide_head_v311.json,e25c6464886e09f567ee551e6f338f74,2142,body-v3.10/collide_head_v310.json
body-v3.26/collide_head_v312.json,e25c6464886e09f567ee551e6f338f74,2142,body-v3.10/collide_head_v310.json
body-v3.26/collide_head_v312_baseline_for_v313.json,9b4637517f3bf949c5067330e618d235,10236,body-v3.13/collide_head_v312_baseline_for_v313.json
body-v3.26/collide_head_v313.json,b49557fdb2e92668b038eff5c1f559b2,10094,body-v3.13/collide_head_v313.json
body-v3.26/collide_head_v314.json,84a15622992a6302ff45de44e07548b2,10324,body-v3.14/collide_head_v314.json
body-v3.26/collide_head_v315.json,3abfd60515fd19ab49ad5e9844607e08,9549,body-v3.15/collide_head_v315.json
body-v3.26/collide_log_v38.txt,9401ea726b306a56955aecbaf3d6525e,4281,body-v3.10/collide_log_v38.txt
body-v3.26/collide_log_v39.txt,9401ea726b306a56955aecbaf3d6525e,4281,body-v3.10/collide_log_v38.txt
body-v3.26/collide_report.json,e6ddd4078834a837f9559a91643465bb,20690,body-v3.10/collide_report.json
body-v3.26/collide_v31_rule_check.json,2cfb89f60ed078067a5b0d563369f90c,129,body-v3.1/collide_v31_rule_check.json
body-v3.26/collide_v32_rule_check.json,005b67a629f7dd1569344a87c0e8df7b,164,body-v3.10/collide_v32_rule_check.json
body-v3.26/crest_valley_v321.json,3f672f077ad7c227637940c3147cf8b7,1542,body-v3.21/crest_valley_v321.json
body-v3.26/crest_valley_v322.json,ace9cd2fe2155ae48ab8593e69f98b44,1392,body-v3.22/crest_valley_v322.json
body-v3.26/fit_v314.json,f8aae41806d01c56389950094ea546d5,320,body-v3.14/fit_v314.json
body-v3.26/grain_report_v37.json,521076c8ee504145e453db09c3e7372c,1960,body-v3.26/grain_report_v37.json
body-v3.26/hair_print_report_v313.json,860be9dcc14d271703ad67c23017d1dc,2832,body-v3.13/hair_print_report_v313.json
body-v3.26/hair_print_report_v314.json,a9210bb284841958846ddb4167713788,4794,body-v3.14/hair_print_report_v314.json
body-v3.26/hair_print_report_v315.json,7c5a3f9afea264b52bd3e2841e3c9b82,3652,body-v3.15/hair_print_report_v315.json
body-v3.26/head_print_report.json,79f615cf398723aa2801b3336ef39415,6972,body-v3.10/head_print_report.json
body-v3.26/head_print_report_v315.json,2009b6b02676dc6b96c6dd0d5ffded22,5848,body-v3.15/head_print_report_v315.json
body-v3.26/head_print_report_v316.json,f8e1f5b80ec4e1a19764713305d52d78,3997,body-v3.16/head_print_report_v316.json
body-v3.26/head_print_report_v317.json,fe0ed67ed9be1c640ebe2961c972f159,3397,body-v3.17/head_print_report_v317.json
body-v3.26/head_print_report_v318.json,0c4af57a9b076781b75f49f381e6e2db,3274,body-v3.18/head_print_report_v318.json
body-v3.26/head_print_report_v319.json,19394cee936c19e67eee4e7b4a8bc97a,3164,body-v3.19/head_print_report_v319.json
body-v3.26/head_print_report_v320.json,fc1afe8bee3905b206b2b7456cbb73c3,3165,body-v3.20/head_print_report_v320.json
body-v3.26/head_print_report_v321.json,45ab6961dd3d64dcc06d9b6925a8d9be,3290,body-v3.21/head_print_report_v321.json
body-v3.26/head_print_report_v322.json,40a054a1a377cb70088eb61b6ed08ea3,3312,body-v3.22/head_print_report_v322.json
body-v3.26/head_print_report_v323.json,3e2871c80dabcd440fcd72c46185e909,3244,body-v3.23/head_print_report_v323.json
body-v3.26/head_print_report_v324.json,8783d5355568fb44b8e83f285cdfbbc4,3406,body-v3.24/head_print_report_v324.json
body-v3.26/head_print_report_v325.json,c713d2096a945d0a6e12eb087fb47bba,3244,body-v3.25/head_print_report_v325.json
body-v3.26/head_print_report_v326.json,cae2e2ff4b71336f3e7bbcfb520aaedc,3227,body-v3.26/head_print_report_v326.json
body-v3.26/head_print_report_v36.json,d33da0d7f147f0bd784709823ca6e9ae,7037,body-v3.10/head_print_report_v36.json
body-v3.26/head_print_report_v37.json,4e0e79baf232a56165080655c08ae618,7733,body-v3.10/head_print_report_v37.json
body-v3.26/head_print_report_v38.json,5d6e16e5fb2414e0bbfca34176d0c3f5,7735,body-v3.10/head_print_report_v38.json
body-v3.26/head_print_report_v39.json,ba2c678786c8b3f4cd8feca3787e75dd,7781,body-v3.10/head_print_report_v39.json
body-v3.26/head_size_v36.json,04f54b55f682598962ff3481a5aba85f,717,body-v3.10/head_size_v36.json
body-v3.26/headrange_v320.json,4d62c8eed17cabb04608f6e91debbee5,916,body-v3.20/headrange_v320.json
body-v3.26/headrange_v320_on_this.json,56358866df54b4c418efd8a61a587d92,913,body-v3.26/headrange_v320_on_this.json
body-v3.26/kilt_check_v316.json,799d097cf52f2f781aee6f772478ae4c,2826,body-v3.16/kilt_check_v316.json
body-v3.26/kilt_check_v316_final_gaits.json,430d99554b945ffe97d090947af9ac02,346,body-v3.16/kilt_check_v316_final_gaits.json
body-v3.26/kilt_print_report_v316.json,7df362561b2ccfefc2eccfe6ae1b03f8,1855,body-v3.16/kilt_print_report_v316.json
body-v3.26/lock_table_v319.md,e055209e989f675cd40a57a2cc4250fc,2047,body-v3.19/lock_table_v319.md
body-v3.26/print_note_hair_v313.md,1e35268b4a671737e912d031e769524e,1665,body-v3.13/print_note_hair_v313.md
body-v3.26/print_note_hair_v314.md,d703f5636f9c988f749d1147171e51e9,2397,body-v3.14/print_note_hair_v314.md
body-v3.26/print_note_hair_v315.md,6a889c9eb945efe71cbd55e83070b248,2211,body-v3.15/print_note_hair_v315.md
body-v3.26/print_note_head_v315.md,b00ab61a458365b15abc38025eeb9024,3040,body-v3.15/print_note_head_v315.md
body-v3.26/print_note_head_v316.md,a4f5d5bc7d9d8ed629a2d852a4c13a00,2664,body-v3.16/print_note_head_v316.md
body-v3.26/print_note_head_v317.md,4688ae5478c06dc314ccd47e767dad95,2703,body-v3.17/print_note_head_v317.md
body-v3.26/print_note_head_v318.md,84654fd7ff87f728f90ca899ef84a8e0,2674,body-v3.18/print_note_head_v318.md
body-v3.26/print_note_head_v319.md,d0467f682f653a81efa0dfad57f3b62c,2611,body-v3.19/print_note_head_v319.md
body-v3.26/print_note_head_v320.md,fb8d40d0d708aecb53cdaab4c505c66a,2785,body-v3.20/print_note_head_v320.md
body-v3.26/print_note_head_v321.md,ed4789b2cfaee2d5338d341f14f4290e,3089,body-v3.21/print_note_head_v321.md
body-v3.26/print_note_head_v322.md,ad4097edd061a164f96d6a5d60ca8ff4,3108,body-v3.22/print_note_head_v322.md
body-v3.26/print_note_head_v323.md,5bc5d802a84be4fac02ed4256de40358,3214,body-v3.23/print_note_head_v323.md
body-v3.26/print_note_head_v324.md,aebc8c225ff6c8acad7e87fec2a8d757,3643,body-v3.24/print_note_head_v324.md
body-v3.26/print_note_head_v325.md,a69acec014ec68e7f6c61b97201d56ef,3371,body-v3.25/print_note_head_v325.md
body-v3.26/print_note_head_v326.md,477e07d7962413dee16330601d6dcc1a,3698,body-v3.26/print_note_head_v326.md
body-v3.26/print_note_kilt_v316.md,0fdb4004cc378b066f170eedf905c93a,3348,body-v3.16/print_note_kilt_v316.md
body-v3.26/print_note_snout_v310.md,8c28ce33c8014e2a35235021cfe421d2,1461,body-v3.10/print_note_snout_v310.md
body-v3.26/print_note_snout_v311.md,9e46a723542d0793ff9f75be43a9b93f,2029,body-v3.11/print_note_snout_v311.md
body-v3.26/print_note_snout_v312.md,c45bac8778b151145198787bdf6e0062,1827,body-v3.12/print_note_snout_v312.md
body-v3.26/print_sheet_body_v38.md,face3494b2f0898c92d4de88aa098edc,6733,body-v3.10/print_sheet_body_v38.md
body-v3.26/print_sheet_head.md,ac0500e69043b84dbd57f7204b995982,3511,body-v3.10/print_sheet_head.md
body-v3.26/print_sheet_head_v36.md,6ac4c2094ed80fd60fd094d5b6ead7f8,3683,body-v3.10/print_sheet_head_v36.md
body-v3.26/print_sheet_head_v37.md,e9fbab93227e450a8c099f93fd6ea65b,5234,body-v3.10/print_sheet_head_v37.md
body-v3.26/print_sheet_head_v38.md,1bd44b955d22ea2e13d00bf05d107d31,5698,body-v3.10/print_sheet_head_v38.md
body-v3.26/print_sheet_head_v39.md,be1e14d15b9f562fb02da2a9853dbef9,5766,body-v3.10/print_sheet_head_v39.md
body-v3.26/servo_choice.md,316473d63f90ad6a5649462db90ee4c3,7062,body-v3.1/servo_choice.md
body-v3.26/snout_print_report_v310.json,4bf50103ac3941a34a8e642e795d6244,1079,body-v3.10/snout_print_report_v310.json
body-v3.26/snout_print_report_v311.json,3a2a461ef0f6fd92fab4a720d1521a76,1010,body-v3.11/snout_print_report_v311.json
body-v3.26/snout_print_report_v312.json,777e230a1c3e92c7a47d5c5b7220e6ad,918,body-v3.12/snout_print_report_v312.json
body-v3.26/torso_env_v34.json,bda31ea296b814d3685d260d29f3e20f,36249,body-v3.10/torso_env_v34.json
body-v3.26/torso_env_v36.json,8b9d02fce005d442335cfb062533af58,54421,body-v3.10/torso_env_v36.json
body-v3.26/torso_env_v38.json,687e14f2e4e89bf21a99087d015075c6,54455,body-v3.10/torso_env_v38.json
body-v3.26/wall_v316_wig_ref.json,da76d2f347b1e63a64657da82a9b63a9,229,body-v3.17/wall_v316_wig_ref.json
body-v3.26/wall_v317.json,9a56d2bc81b85bf45a7a5b2ef12f0c2b,227,body-v3.17/wall_v317.json
body-v3.26/wall_v318.json,8a58771e7725eb91575b2ee5d5f624b9,226,body-v3.18/wall_v318.json
body-v3.26/wall_v319.json,157779f9e5124b4b3dbd7b14b49fd287,226,body-v3.19/wall_v319.json
body-v3.26/wall_v320.json,5dec19b66934cea85dd96c36a283b115,226,body-v3.20/wall_v320.json
body-v3.26/wall_v321.json,a493b5556d52663136969869fdd431dd,228,body-v3.21/wall_v321.json
body-v3.26/wall_v322.json,2aaf6d528fc179661a6ddb5b08e5efa4,222,body-v3.22/wall_v322.json
body-v3.26/wall_v323.json,3dffa10c6b233c74f3061a182e64b2d7,225,body-v3.23/wall_v323.json
body-v3.26/wall_v324.json,c231902a905aea6ab387914d89fe37c4,225,body-v3.24/wall_v324.json
body-v3.26/wall_v325.json,34efe9e675f226588484db0a70b003d4,226,body-v3.25/wall_v325.json
body-v3.26/wall_v326.json,a07b691b862a6e387d5e757473dc4e85,212,body-v3.26/wall_v326.json
body-v3.26/measure/photo_measure.json,5832cf5aab493edae31cd598e050fc53,2746,body-v3/measure/photo_measure.json
body-v3.26/measure/snout_taper_v312.json,36dde250b844c6de6e65956251b874de,1330,body-v3.12/measure/snout_taper_v312.json
body-v3.26/measure/targets.json,7b665a9c4ecd33771be6d5312f1cfcdb,5282,body-v3/measure/targets.json
body-v3.26/measure/v31_measure.json,7770567faa6c6ee5ce5e18b1da51c474,1121,body-v3.1/measure/v31_measure.json
body-v3.26/measure/v32_measure.json,852640a3181a17ea81aee224e86ac5f7,979,body-v3.10/measure/v32_measure.json
body-v3.26/measure/v32_neck_scale.json,14486360543aa63b349b95440d1f1729,914,body-v3.10/measure/v32_neck_scale.json
body-v3.26/measure/v33_head_size.json,fc2bb9834c1e56d00aff074751409e63,968,body-v3.10/measure/v33_head_size.json
body-v3.26/measure/v33_head_size_overlay.json,f59662c96f18842e63e50af4d4cb1315,567,body-v3.10/measure/v33_head_size_overlay.json
body-v3.26/measure/v33_neck_scale.json,e40e7e3d179e145a736191fd39b80f52,368,body-v3.10/measure/v33_neck_scale.json
body-v3.26/measure319/iou_A.json,b3155955a510a356d68ea43593b1fed0,795,body-v3.26/measure319/iou_A.json
body-v3.26/measure319/iou_B.json,99837d60d6645b6eac1d1e2f94528244,801,body-v3.26/measure319/iou_B.json
body-v3.26/measure319/iou_C.json,faeb5a2f55655ae8e74bd209be8af10b,800,body-v3.26/measure319/iou_C.json
body-v3.26/measure319/iou_D.json,da20e8aff026eeb3782f4d8581d6f05b,798,body-v3.26/measure319/iou_D.json
body-v3.26/measure319/iou_E.json,f933c46b77b4d4ca123ae2d7a10c4fc6,800,body-v3.26/measure319/iou_E.json
body-v3.26/measure319/iou_E70.json,eebebab2f2df6c2da90554f95eebb273,799,body-v3.26/measure319/iou_E70.json
body-v3.26/measure319/iou_E85.json,4f1b17725e1aebfaeb51a873116a654b,797,body-v3.26/measure319/iou_E85.json
body-v3.26/measure319/iou_F.json,b1270e6d41b7219985614c66cb72416c,801,body-v3.26/measure319/iou_F.json
body-v3.26/measure319/iou_FIN1.json,0e5018d752aaedf09668622b3cefdcb5,801,body-v3.26/measure319/iou_FIN1.json
body-v3.26/measure319/iou_FIN2.json,483031ab1fe24e2dde9427c994364d59,801,body-v3.26/measure319/iou_FIN2.json
body-v3.26/measure319/iou_G.json,63a3376b5570743733112608d90ebd23,803,body-v3.26/measure319/iou_G.json
body-v3.26/measure319/iou_G70.json,f54bcb3466a77fc348011467f0e15cc4,798,body-v3.26/measure319/iou_G70.json
body-v3.26/measure319/iou_G72.json,df52b4e95f6ec8528b049733ae625247,800,body-v3.26/measure319/iou_G72.json
body-v3.26/measure319/iou_H.json,1350e5018f57980c040077333daa728b,799,body-v3.26/measure319/iou_H.json
body-v3.26/measure319/iou_H2.json,c6850685eac1feb0735b5e3a0d8e4409,800,body-v3.26/measure319/iou_H2.json
body-v3.26/measure319/iou_I.json,ea4add5c0752278e590dcc1c1de82016,801,body-v3.26/measure319/iou_I.json
body-v3.26/measure319/iou_J.json,9fbbb996d8c97a5a0471024cf055c1c9,797,body-v3.26/measure319/iou_J.json
body-v3.26/measure319/iou_K.json,73f328373b6c8e1d6053e493a51668c2,800,body-v3.26/measure319/iou_K.json
body-v3.26/measure319/iou_K2.json,780472a93e7542100cdc035b0a830570,799,body-v3.26/measure319/iou_K2.json
body-v3.26/measure319/iou_L.json,e72aea4512a346a22112070d6d2226ff,800,body-v3.26/measure319/iou_L.json
body-v3.26/measure319/iou_M.json,a8f331b975360a2f107c3ad14f02de49,799,body-v3.25/measure319/iou_M.json
body-v3.26/measure319/iou_M3.json,df116bddc1ddf92f1759e4e157ee3768,800,body-v3.26/measure319/iou_M3.json
body-v3.26/measure319/iou_N.json,fc741b2a5cccd31cac2c7f7ce88afb9c,800,body-v3.26/measure319/iou_N.json
body-v3.26/measure319/iou_O.json,5f7fa2f892975d2eb03484a282cf1ef8,801,body-v3.25/measure319/iou_O.json
body-v3.26/measure319/iou_OLDHAT.json,3879ad4f031ea818abdfd799a3f46c67,800,body-v3.26/measure319/iou_OLDHAT.json
body-v3.26/measure319/iou_P.json,a9be321e8f79b3c8f69e82e1dd9d6299,799,body-v3.26/measure319/iou_P.json
body-v3.26/measure319/iou_Q.json,8d5a2a73058b9aae9c41c3dfff03d6aa,799,body-v3.26/measure319/iou_Q.json
body-v3.26/measure319/iou_R.json,98464f443079957d0548700870ea6646,798,body-v3.25/measure319/iou_R.json
body-v3.26/measure319/iou_S.json,8ccefb57ab2420453f688eb05f1a0772,800,body-v3.26/measure319/iou_S.json
body-v3.26/measure319/iou_T.json,26c1633a471422e7401f5ca62c57eaf0,798,body-v3.26/measure319/iou_T.json
body-v3.26/measure319/iou_U.json,f9ef00c871314a28e451b08f1c2a779c,801,body-v3.26/measure319/iou_U.json
body-v3.26/measure319/iou_V.json,f06e6cb94383c4b6efafeb33ba8aa9e9,798,body-v3.25/measure319/iou_V.json
body-v3.26/measure319/iou_V1.json,2f3f62091cb0fa429a0ea1431b04d1b2,799,body-v3.26/measure319/iou_V1.json
body-v3.26/measure319/iou_V2.json,34a8b8265fe507f55dd91c945281af54,799,body-v3.26/measure319/iou_V2.json
body-v3.26/measure319/iou_W.json,27fc5b75f0766397eac0a3a1b142f148,798,body-v3.25/measure319/iou_W.json
body-v3.26/measure319/iou_W1.json,6a62909d6b011773cc9a52cadf533385,800,body-v3.26/measure319/iou_W1.json
body-v3.26/measure319/iou_W2.json,8bd600ec768519ed1fb26427b5f2eb3f,800,body-v3.26/measure319/iou_W2.json
body-v3.26/measure319/iou_W3.json,4852cdde19716f6b2f8e0da6e4ef3e5d,799,body-v3.26/measure319/iou_W3.json
body-v3.26/measure319/iou_X.json,b49a09a68124ffbfbdd9bf6249242e2a,801,body-v3.25/measure319/iou_X.json
body-v3.26/measure319/iou_X1.json,e4c109652955bf03550c5484f3c86837,800,body-v3.26/measure319/iou_X1.json
body-v3.26/measure319/iou_X2.json,7dd66e1bc0badf9279c543fb13429095,798,body-v3.26/measure319/iou_X2.json
body-v3.26/measure319/iou_X3.json,4c2e38ee5ebc322066df71edbc238f8b,801,body-v3.26/measure319/iou_X3.json
body-v3.26/measure319/iou_Y.json,98847a6efb52f6dd8638b6b86d0411a7,800,body-v3.25/measure319/iou_Y.json
body-v3.26/measure319/iou_Y1.json,5fd747436fd371be87ed77aa4719013c,799,body-v3.26/measure319/iou_Y1.json
body-v3.26/measure319/iou_Y2.json,9ea387d318f0011f7a8e310262f13ab5,800,body-v3.26/measure319/iou_Y2.json
body-v3.26/measure319/iou_Y3.json,3aaba828e051f16397aedc937edf8854,800,body-v3.26/measure319/iou_Y3.json
body-v3.26/measure319/iou_Z.json,e3514b8802426f0b11b38b3e3483b7aa,800,body-v3.26/measure319/iou_Z.json
body-v3.26/measure319/iou_Z2.json,a694cb9b17cd0b81fc096ba8dea13043,799,body-v3.26/measure319/iou_Z2.json
body-v3.26/measure319/iou_Za50.json,6062a325da8dc3a0ee47dffa850ac888,798,body-v3.26/measure319/iou_Za50.json
body-v3.26/measure319/iou_Za54.json,ef459569036ceafb8df6fbcc98da4aea,801,body-v3.26/measure319/iou_Za54.json
body-v3.26/measure319/iou_Za58.json,1dc4e90c25c1a9216fe5a9b32a6f5c94,800,body-v3.26/measure319/iou_Za58.json
body-v3.26/measure319/iou_Zs50.json,5774f74c00dcbae423a3bd414b6e8519,800,body-v3.26/measure319/iou_Zs50.json
body-v3.26/measure319/iou_Zs54.json,55ce4c308faed0bfea0669cfe97f09ff,797,body-v3.26/measure319/iou_Zs54.json
body-v3.26/measure319/iou_Zs58.json,d9757de40e0b15c753039abce6a3a63f,799,body-v3.26/measure319/iou_Zs58.json
body-v3.26/measure319/iou_base.json,e3d7226399c0d8a3322e223db6b54210,801,body-v3.24/measure319/iou_v324.json
body-v3.26/measure319/iou_v318.json,479e9d0e0a858c996d286c9f83753d7f,801,body-v3.19/measure319/iou_v318.json
body-v3.26/measure319/iou_v319.json,6834cf8c196fae3875b56aec31675659,799,body-v3.19/measure319/iou_v319.json
body-v3.26/measure319/iou_v320.json,359608708d417279476b7ab6976694cd,801,body-v3.20/measure319/iou_v320.json
body-v3.26/measure319/iou_v321.json,b9fe0ae29db8389520bb6955d045764e,801,body-v3.21/measure319/iou_v321.json
body-v3.26/measure319/iou_v322.json,cc10aee573c5504c45e51ca85dd43da1,801,body-v3.22/measure319/iou_v322.json
body-v3.26/measure319/iou_v323.json,bbe2e688de35efe13bf1d10463fdc8a0,800,body-v3.23/measure319/iou_v323.json
body-v3.26/measure319/iou_v324.json,e3d7226399c0d8a3322e223db6b54210,801,body-v3.24/measure319/iou_v324.json
body-v3.26/measure319/iou_v325.json,4195d638e067eb15c193f8ce0f047d83,795,body-v3.25/measure319/iou_Z.json
body-v3.26/measure319/iou_v326.json,483031ab1fe24e2dde9427c994364d59,801,body-v3.26/measure319/iou_FIN2.json
body-v3.26/measure319/iou_v326_oldhat.json,e7b0c1c56713dbe0223e9547fae49eba,800,body-v3.26/measure319/iou_v326_oldhat.json
body-v3.26/measure319/iou_vA.json,8a0fdb44451e8e02236f704eadde71f2,801,body-v3.23/measure319/iou_vA.json
body-v3.26/measure319/iou_vB.json,522a6af83873165328ba309d918fe12b,798,body-v3.23/measure319/iou_vB.json
body-v3.26/measure319/iou_vC.json,1c0d88467bc3a102217bd6c8438b9f23,801,body-v3.23/measure319/iou_vC.json
body-v3.26/sim/README.md,5a2184fcce272380e8a22600e08816c1,13351,body-v3.10/sim/README.md
body-v3.26/sim/arm_heat_v2.json,bc311c1775b81c9405219b9bbff5ec13,4223,body-v3/sim/arm_heat_v2.json
body-v3.26/sim/arm_heat_v3.json,07b5df779e4043a927a2b4d6fb21639a,4222,body-v3.10/sim/arm_heat_v3.json
body-v3.26/sim/cmp326.log,812b6e52fe80b1bd2be419d9055fd38f,1749,body-v3.26/sim/cmp326.log
body-v3.26/sim/compare_stock_v2_v3.json,0ed3b329d48797a6244eeffa2d5fde08,3805,body-v3/sim/compare_stock_v2_v3.json
body-v3.26/sim/compare_stock_v2_v3.md,895225c90e71fdfa98f1516ec893a8b1,2949,body-v3/sim/compare_stock_v2_v3.md
body-v3.26/sim/compare_v311_v312.json,3473272bc00ed7d7bd1011e4668be807,3275,body-v3.12/sim/compare_v311_v312.json
body-v3.26/sim/compare_v311_v312.md,22edbe199a0bd1aadce75c39aed27780,1921,body-v3.12/sim/compare_v311_v312.md
body-v3.26/sim/compare_v312_v313.json,5dd49cf449e49debec85c42ab559d377,3276,body-v3.13/sim/compare_v312_v313.json
body-v3.26/sim/compare_v312_v313.md,b8d569cdec4a0b4d85e633e1fad8d729,1922,body-v3.13/sim/compare_v312_v313.md
body-v3.26/sim/compare_v313_v314.json,5ee81ca0f77cf165bdf818892ffd6dca,3276,body-v3.14/sim/compare_v313_v314.json
body-v3.26/sim/compare_v313_v314.md,6283c46bebaa7397b4d96d193bfc9c77,1922,body-v3.14/sim/compare_v313_v314.md
body-v3.26/sim/compare_v314_v315.json,ae355b8cf1a564bbec7efc7eb413a87a,3275,body-v3.15/sim/compare_v314_v315.json
body-v3.26/sim/compare_v314_v315.md,5022aaec37e2cbfffaaa0ffda9155353,1921,body-v3.15/sim/compare_v314_v315.md
body-v3.26/sim/compare_v315_v316.json,05b068e032c61b44a735110dd68d824f,3275,body-v3.16/sim/compare_v315_v316.json
body-v3.26/sim/compare_v315_v316.md,7f3d98d608546dfa4b151456866195a1,1921,body-v3.16/sim/compare_v315_v316.md
body-v3.26/sim/compare_v316_v317.json,89fc00addd46ac4183394325d465c0b6,3276,body-v3.17/sim/compare_v316_v317.json
body-v3.26/sim/compare_v316_v317.md,83688af2bb79fc2348ba36b5274ba16a,1922,body-v3.17/sim/compare_v316_v317.md
body-v3.26/sim/compare_v317_v318.json,ad0dc738bc0a716df0978250c0782c47,3276,body-v3.18/sim/compare_v317_v318.json
body-v3.26/sim/compare_v317_v318.md,e48cf4f4e269a3976efa4d3045ee151b,1922,body-v3.18/sim/compare_v317_v318.md
body-v3.26/sim/compare_v318_v319.json,0e65f3737cf34fa7999880e013a7cd91,3274,body-v3.19/sim/compare_v318_v319.json
body-v3.26/sim/compare_v318_v319.md,c4243a4bef93963eaf6f9b4f77832ff6,1920,body-v3.19/sim/compare_v318_v319.md
body-v3.26/sim/compare_v319_v320.json,bab95bb7d04ef783644b5849d6af0ea4,3274,body-v3.20/sim/compare_v319_v320.json
body-v3.26/sim/compare_v319_v320.md,c75a6c9adff1c572d18b39ed317b99e8,1920,body-v3.20/sim/compare_v319_v320.md
body-v3.26/sim/compare_v31_v32.json,c51ae2424f05c1ab5562ee15e9b2965f,3254,body-v3.10/sim/compare_v31_v32.json
body-v3.26/sim/compare_v31_v32.md,644ebfad4fb06dc032148c27094bee2c,1939,body-v3.10/sim/compare_v31_v32.md
body-v3.26/sim/compare_v320_v321.json,7c5080f5760645a1aef606488f8d7e1c,3275,body-v3.21/sim/compare_v320_v321.json
body-v3.26/sim/compare_v320_v321.md,46a012e37a610a9fa3786dc1fb72d54b,1921,body-v3.21/sim/compare_v320_v321.md
body-v3.26/sim/compare_v321_v322.json,6cfba00157bfee31f045cd1f5fb511c4,3275,body-v3.22/sim/compare_v321_v322.json
body-v3.26/sim/compare_v321_v322.md,612869a9d426091336938b142bd604fc,1921,body-v3.22/sim/compare_v321_v322.md
body-v3.26/sim/compare_v322_v323.json,4b06bad9663207db1f5e6ae12259e9c4,3275,body-v3.23/sim/compare_v322_v323.json
body-v3.26/sim/compare_v322_v323.md,c74ddd392bf5f3aaf3d22b57f9397102,1921,body-v3.23/sim/compare_v322_v323.md
body-v3.26/sim/compare_v323_v324.json,d221b0638f841ab63d8cb1311374ed68,3275,body-v3.24/sim/compare_v323_v324.json
body-v3.26/sim/compare_v323_v324.md,d5a778e5955913bf22ba75fe34098cb7,1921,body-v3.24/sim/compare_v323_v324.md
body-v3.26/sim/compare_v324_v325.json,9cfa71e95360471aa3b03b16912dbda5,3275,body-v3.25/sim/compare_v324_v325.json
body-v3.26/sim/compare_v324_v325.md,d6e821f4ecd9c226804d8a0ba6d7791b,1921,body-v3.25/sim/compare_v324_v325.md
body-v3.26/sim/compare_v325_v326.json,0a80f1ef16809da5b562f013b9c900d8,3274,body-v3.26/sim/compare_v325_v326.json
body-v3.26/sim/compare_v325_v326.md,ff4c832007d1d6aec9418dc2a8f9490f,1920,body-v3.26/sim/compare_v325_v326.md
body-v3.26/sim/compare_v32_v33.json,a6b9c313414ce0741dcde7c80ce064a7,3255,body-v3.10/sim/compare_v32_v33.json
body-v3.26/sim/compare_v32_v33.md,de11b2bed04349fe3059fe2af1f01f8d,1861,body-v3.10/sim/compare_v32_v33.md
body-v3.26/sim/compare_v33_v34.json,9970e48ff8444752844c36261fdbc8a7,3255,body-v3.10/sim/compare_v33_v34.json
body-v3.26/sim/compare_v33_v34.md,1bee2d057cf0af55e9285ae39642e0d4,1861,body-v3.10/sim/compare_v33_v34.md
body-v3.26/sim/compare_v34_v35.json,15b209ba528bca78169f2c308cc5a0c0,3263,body-v3.10/sim/compare_v34_v35.json
body-v3.26/sim/compare_v34_v35.md,e7b150ed0f30c20b731c9a2ac12058d0,2289,body-v3.10/sim/compare_v34_v35.md
body-v3.26/sim/compare_v35_v36.json,91ae3e17f2ce269016d61be082636f3e,3272,body-v3.10/sim/compare_v35_v36.json
body-v3.26/sim/compare_v35_v36.md,ada8c03eeb0156deaac729f93149e461,2344,body-v3.10/sim/compare_v35_v36.md
body-v3.26/sim/compare_v36_v37.json,3e11a3460b142718d63652a501df696e,3271,body-v3.10/sim/compare_v36_v37.json
body-v3.26/sim/compare_v36_v37.md,fda6c06c3d45610df1ba016b41b4ba7b,2405,body-v3.10/sim/compare_v36_v37.md
body-v3.26/sim/compare_v37_v38.json,1276986b406e998977d666daa157cf71,3272,body-v3.10/sim/compare_v37_v38.json
body-v3.26/sim/compare_v37_v38.md,f8a800c1b0a12f6fdc9a81f7131ee562,1915,body-v3.10/sim/compare_v37_v38.md
body-v3.26/sim/compare_v38_v39.json,5a057226cca27472ecf7125a724e8082,3274,body-v3.10/sim/compare_v38_v39.json
body-v3.26/sim/compare_v38_v39.md,dc30e35f4edbde2136c3daf04fc04bcc,1917,body-v3.10/sim/compare_v38_v39.md
body-v3.26/sim/compare_v39_v310.json,8d43b630f2580e8ba95a586df3f3d406,3275,body-v3.10/sim/compare_v39_v310.json
body-v3.26/sim/compare_v39_v310.md,03dd6304ccf2ba5f39991cdadfafd6c8,1921,body-v3.10/sim/compare_v39_v310.md
body-v3.26/sim/compare_v39_v311.json,bf0d8a9069f17dfd3c90f0ae651cbc80,3274,body-v3.11/sim/compare_v39_v311.json
body-v3.26/sim/compare_v39_v311.md,504094156e0454adb92ca4e51fd97da2,1920,body-v3.11/sim/compare_v39_v311.md
body-v3.26/sim/compare_v3_v31.json,7e29f9219c9b23c6c5982ab3a1a89db3,2829,body-v3.1/sim/compare_v3_v31.json
body-v3.26/sim/compare_v3_v31.md,175081c021dce15c7e987872af0ac43f,1611,body-v3.1/sim/compare_v3_v31.md
body-v3.26/sim/gen317.log,d1364dfc1ced2a5a433641ee9c86e977,799,body-v3.17/sim/gen317.log
body-v3.26/sim/gen318.log,4b275951c1b9a0045efd57346cbaa4f8,799,body-v3.18/sim/gen318.log
body-v3.26/sim/gen319.log,be94467370eae037352b4abf64edbf77,799,body-v3.19/sim/gen319.log
body-v3.26/sim/gen320.log,01f6e4df684b699877f852a33ff39cd7,799,body-v3.20/sim/gen320.log
body-v3.26/sim/gen322.log,16510f42780f21957b8d809a3deae052,799,body-v3.22/sim/gen322.log
body-v3.26/sim/gen323.log,977ac1c0307f32f8ddc6b7ff0863b72d,799,body-v3.23/sim/gen323.log
body-v3.26/sim/gen324.log,e10c1214fa25ba1ce60615dbd1f3ab48,799,body-v3.24/sim/gen324.log
body-v3.26/sim/gen325.log,94afa33045734501174c461de48eb293,799,body-v3.25/sim/gen325.log
body-v3.26/sim/gen326.log,73415211c72e96c9f83433bb9aba1ab9,799,body-v3.26/sim/gen326.log
body-v3.26/sim/mass_report_v3.json,0a7ea009b49e9342e6690f322f8eea2e,13479,body-v3.26/sim/mass_report_v3.json
body-v3.26/sim/plot_compare.png,2457a623d2f320f37f590b6d2c9af28b,58887,body-v3/sim/plot_compare.png
body-v3.26/sim/ref326.log,63ab64f94ed8ce8ccfee8ff6e1548c17,547,body-v3.26/sim/ref326.log
body-v3.26/sim/ref326b.log,99ca765cdde6218b39fc0bae14869fbc,547,body-v3.26/sim/ref326b.log
body-v3.26/sim/ref326c.log,fae58ab07c129a49adf699a87a9c7011,548,body-v3.26/sim/ref326c.log
body-v3.26/sim/results_v3.json,70359bc6e7e5f934374929b7bfa2db96,7726,body-v3.26/sim/results_v3.json
body-v3.26/sim/results_v3_8pct.json,cb25e47bae840299a65617cae6694f56,7820,body-v3.11/sim/results_v3_8pct.json
body-v3.26/sim/results_v3_snout10pct.json,103a1aed6577f64926a156f4fcbe8328,7823,body-v3.11/sim/results_v3_snout10pct.json
body-v3.26/sim/rt317.log,734339dad8e117eede012b875d819072,2997,body-v3.17/sim/rt317.log
body-v3.26/sim/rt318.log,247bdf8654fc2b7269fc35245609c6e0,2996,body-v3.18/sim/rt318.log
body-v3.26/sim/rt319.log,324a9b3cec0b51d6489bf0504706f4e2,2991,body-v3.19/sim/rt319.log
body-v3.26/sim/rt320.log,bfbbed9c401c39dd1f62267c258aa1e3,2994,body-v3.20/sim/rt320.log
body-v3.26/sim/rt322.log,4056c292613a182c8cc4446cca90f152,2993,body-v3.22/sim/rt322.log
body-v3.26/sim/rt323.log,a7659744cf7ee25b5132c56a89dc1e79,2995,body-v3.23/sim/rt323.log
body-v3.26/sim/rt324.log,002359ba599ec119b71e5966331c76dd,2999,body-v3.24/sim/rt324.log
body-v3.26/sim/rt325.log,fc7ce9706f3dfca4b4952b082de22786,2995,body-v3.25/sim/rt325.log
body-v3.26/sim/rt326.log,663afd91e26759036882513d308cf915,2995,body-v3.26/sim/rt326.log
body-v3.26/sim/sweep319.txt,278100be8b4725996bbdeb59fc299feb,345,body-v3.19/sim/sweep319.txt
body-v3.26/sim/sweep322.txt,a9369f3a91cf7155248fccd019054a28,593,body-v3.22/sim/sweep322.txt
body-v3.26/sim/sweep323.txt,70d6d4ea8f1e5c890e96da9a63831f53,535,body-v3.23/sim/sweep323.txt
body-v3.26/sim/sweep324.txt,cfd4222ae0c7676c3e2007af218ed7f1,734,body-v3.24/sim/sweep324.txt
body-v3.26/sim/sweep325.txt,3c409c7b0c8bbc7d48bf344950569360,1016,body-v3.25/sim/sweep325.txt
body-v3.26/sim/sweep325b.txt,b7f771ed43e2784c7cca9755926d5e26,793,body-v3.25/sim/sweep325b.txt
body-v3.26/sim/sweep326.txt,61017d58f8403ff335f370077ea3a9a7,727,body-v3.26/sim/sweep326.txt
body-v3.26/sim/walk_refine_eff_v32.json,c16511f9d50b2474cee6257db0d85351,157,body-v3.23/sim/walk_refine_eff_v32.json
body-v3.26/sim/walk_refine_v32.json,33d892d170789d167552de7884dd7e2d,158,body-v3.26/sim/walk_refine_v32.json
body-v3.26/sim/walk_v3.json,a1b5d52b0263f38a5d6db909f045829a,3038,body-v3.26/sim/walk_v3.json
body-v3.26/sim/walk_v3_eff.json,84947c78401902a0e0b4f111c92ad675,3046,body-v3.26/sim/walk_v3_eff.json
body-v3.26/sim/walk_v3_eff_noref.json,ebaa41acfaaef3b24dc77ab83db09f93,3101,body-v3.10/sim/walk_v3_eff_noref.json
body-v3.26/sim/walk_v3_noref.json,85f5f335181e839cfdc2d627ecca5d32,3095,body-v3.10/sim/walk_v3_noref.json
body-v3.26/sim/walk_v3_prerefine_v310.json,09d03ddff2a0a115af858a30f0934a7e,3038,body-v3.10/sim/walk_v3_prerefine_v310.json
body-v3.26/sim/we317.log,909b74c0ea465803e8271ca953cb24d3,126,body-v3.17/sim/we317.log
body-v3.26/sim/we318.log,cf4768c1657856fc40fa2c919d66ea86,127,body-v3.18/sim/we318.log
body-v3.26/sim/we319.log,3f677b2656f761d6d36a48d6fef04cbf,126,body-v3.19/sim/we319.log
body-v3.26/sim/we320.log,ce08323dee1e373fba90bff4e78c5694,127,body-v3.20/sim/we320.log
body-v3.26/sim/we321b.log,e45662280140f094d9074850f66b1e0c,127,body-v3.21/sim/we321b.log
body-v3.26/sim/we322.log,407e0e99965ade0f7cb2f4186060a3d0,125,body-v3.22/sim/we322.log
body-v3.26/sim/we323.log,cde16558d70b04c25b7adf3b0969e050,125,body-v3.23/sim/we323.log
body-v3.26/sim/we324.log,0f6e6d7e6bac13e7e866e1d6d21aedf1,125,body-v3.24/sim/we324.log
body-v3.26/sim/we325.log,68bbf14b07f1c54de9d05de7a759c7c5,121,body-v3.25/sim/we325.log
body-v3.26/sim/we326.log,827d83d724450dd20afb6b3a6dc20582,126,body-v3.26/sim/we326.log
body-v3.26/sim/wee317.log,7656cb072a79947613d2fb1b6f43d853,127,body-v3.17/sim/wee317.log
body-v3.26/sim/wee318.log,5190b6cd46b96e2cbaf59dc74937c829,127,body-v3.18/sim/wee318.log
body-v3.26/sim/wee319.log,e1617f52cb38131115c93a6a9b087131,129,body-v3.19/sim/wee319.log
body-v3.26/sim/wee320.log,1ef65b3d0c0e312f23a72c1397253066,128,body-v3.20/sim/wee320.log
body-v3.26/sim/wee322.log,70e4d67b26be70fc24d55061a7dfccb9,128,body-v3.22/sim/wee322.log
body-v3.26/sim/wee323.log,4266b6265524378564c2dc06c5dd19b1,128,body-v3.23/sim/wee323.log
body-v3.26/sim/wee324.log,c8d8924e457d570fa7dab2bae59f97e0,128,body-v3.24/sim/wee324.log
body-v3.26/sim/wee325.log,bde6846c08458aad761a999bf230f4d2,128,body-v3.25/sim/wee325.log
body-v3.26/sim/wee326.log,cd8f1464bd4109de2dd38f52a38a2d56,128,body-v3.26/sim/wee326.log
body-v3.26/sim/wr317.log,7aabad450d8fee0e5cf88845890bc832,549,body-v3.17/sim/wr317.log
body-v3.26/sim/wr318.log,7e3296c6912b1ea3665e1eecf625a1fa,550,body-v3.18/sim/wr318.log
body-v3.26/sim/wr319.log,ec71d90097784f9358b910a600739de9,546,body-v3.19/sim/wr319.log
body-v3.26/sim/wr321.log,9c5746707350699dfcddcafbe5fa9862,556,body-v3.21/sim/wr321.log
body-v3.26/sim/wr321b.log,6f26a7b15ab047e6ae1b24ac2760b222,549,body-v3.21/sim/wr321b.log
body-v3.26/sim/wr322.log,b5f9a4d5217cff369faf1c7aad137242,539,body-v3.22/sim/wr322.log
body-v3.26/sim/wr325.log,fadc71913b836e043acf136ed234e37e,543,body-v3.25/sim/wr325.log
body-v3.26/sim/wr325b.log,ac252fa78c414c08bc6bd915c72c1023,546,body-v3.25/sim/wr325b.log
body-v3.26/sim/wre319.log,5dc35f4200037d2feeaab949c4f83421,548,body-v3.19/sim/wre319.log
body-v3.26/sim/wre319b.log,27e94bc650d92537dfcb31ffd6dabc89,549,body-v3.19/sim/wre319b.log
body-v3.26/sim/wre323.log,13900173b09c52a190bfc13d54fab539,546,body-v3.23/sim/wre323.log
body-v3.26/sim/wre323b.log,e86f9c63be2ec9ad4d431aa2a45d64c1,546,body-v3.23/sim/wre323b.log
body-v3.26/sim/wre323c.log,4e2a1d0c084021ffa7bf77f1d3d00bb6,544,body-v3.23/sim/wre323c.log
body-v3.26/sim/bak326/walk_v3.json,f8d1edf61c1b87d610081000af4beeaa,3025,body-v3.26/sim/bak326/walk_v3.json
body-v3.26/sim/bak326/walk_v3_eff.json,84947c78401902a0e0b4f111c92ad675,3046,body-v3.26/sim/walk_v3_eff.json
body-v3.26/sim/bak326/walk_v3_eff_noref.json,ebaa41acfaaef3b24dc77ab83db09f93,3101,body-v3.10/sim/walk_v3_eff_noref.json
body-v3.26/sim/bak326/walk_v3_noref.json,85f5f335181e839cfdc2d627ecca5d32,3095,body-v3.10/sim/walk_v3_noref.json
body-v3.26/sim/bak326/walk_v3_prerefine_v310.json,09d03ddff2a0a115af858a30f0934a7e,3038,body-v3.10/sim/walk_v3_prerefine_v310.json
body-v3.26/sim/bak326b/walk_v3.json,a1b5d52b0263f38a5d6db909f045829a,3038,body-v3.26/sim/walk_v3.json
body-v3.26/sim/bak326b/walk_v3_eff.json,84947c78401902a0e0b4f111c92ad675,3046,body-v3.26/sim/walk_v3_eff.json
body-v3.26/sim/bak326b/walk_v3_eff_noref.json,ebaa41acfaaef3b24dc77ab83db09f93,3101,body-v3.10/sim/walk_v3_eff_noref.json
body-v3.26/sim/bak326b/walk_v3_noref.json,85f5f335181e839cfdc2d627ecca5d32,3095,body-v3.10/sim/walk_v3_noref.json
body-v3.26/sim/bak326b/walk_v3_prerefine_v310.json,09d03ddff2a0a115af858a30f0934a7e,3038,body-v3.10/sim/walk_v3_prerefine_v310.json
body-v3.26/sim/bak_pre_refine_v323/walk_v3_eff.json,b2efa2b2ba6f159fc5162672a5423484,3047,body-v3.23/sim/bak_pre_refine_v323/walk_v3_eff.json
body-v3.26/sim/bak_pre_refine_v325/walk_v3.json,d91486a67e40fef0468f5922a172614f,3033,body-v3.25/sim/bak_pre_refine_v325/walk_v3.json
body-v3.26/sim/bak_pre_refine_v325/walk_v3_eff.json,60d2713caf97465e4706ec75bf0e1245,3043,body-v3.25/sim/bak_pre_refine_v325/walk_v3_eff.json
body-v3.26/sim/bak_pre_refine_v325/walk_v3_eff_noref.json,ebaa41acfaaef3b24dc77ab83db09f93,3101,body-v3.10/sim/walk_v3_eff_noref.json
body-v3.26/sim/bak_pre_refine_v325/walk_v3_noref.json,85f5f335181e839cfdc2d627ecca5d32,3095,body-v3.10/sim/walk_v3_noref.json
body-v3.26/sim/bak_pre_refine_v325/walk_v3_prerefine_v310.json,09d03ddff2a0a115af858a30f0934a7e,3038,body-v3.10/sim/walk_v3_prerefine_v310.json
body-v3.26/sim/bak_pre_refine_v325b/walk_v3.json,688eb379af559a5a89ffdd61de0ab178,3035,body-v3.25/sim/bak_pre_refine_v325b/walk_v3.json
body-v3.26/sim/bak_pre_refine_v325b/walk_v3_eff.json,1ab8d66660ab95f06130677b82b97602,3044,body-v3.25/sim/walk_v3_eff.json
body-v3.26/sim/bak_pre_refine_v325b/walk_v3_eff_noref.json,ebaa41acfaaef3b24dc77ab83db09f93,3101,body-v3.10/sim/walk_v3_eff_noref.json
body-v3.26/sim/bak_pre_refine_v325b/walk_v3_noref.json,85f5f335181e839cfdc2d627ecca5d32,3095,body-v3.10/sim/walk_v3_noref.json
body-v3.26/sim/bak_pre_refine_v325b/walk_v3_prerefine_v310.json,09d03ddff2a0a115af858a30f0934a7e,3038,body-v3.10/sim/walk_v3_prerefine_v310.json
body-v3.26/sim/v310_ref/arm_heat_v3.json,07b5df779e4043a927a2b4d6fb21639a,4222,body-v3.10/sim/arm_heat_v3.json
body-v3.26/sim/v310_ref/results_v3.json,2370068638410dd3864dd3c892cd6a3b,7823,body-v3.10/sim/results_v3.json
body-v3.26/sim/v310_ref/walk_v3.json,e9d78c042a9e739225f3023ca5bd64dd,3038,body-v3.10/sim/walk_v3.json
body-v3.26/sim/v310_ref/walk_v3_eff.json,1e744e11cd7023f86b9f07eff160bb5d,3038,body-v3.10/sim/walk_v3_eff.json
body-v3.26/sim/v311_ref/arm_heat_v3.json,07b5df779e4043a927a2b4d6fb21639a,4222,body-v3.10/sim/arm_heat_v3.json
body-v3.26/sim/v311_ref/results_v3.json,859125992a19eb68d7b6dfc8772bce89,7823,body-v3.11/sim/results_v3.json
body-v3.26/sim/v311_ref/walk_v3.json,4af9789103d25cb741517657b5fde163,3031,body-v3.11/sim/walk_v3.json
body-v3.26/sim/v311_ref/walk_v3_eff.json,90de5e2d159d49e1a165ee89674e8272,3049,body-v3.11/sim/walk_v3_eff.json
body-v3.26/sim/v312_ref/arm_heat_v3.json,07b5df779e4043a927a2b4d6fb21639a,4222,body-v3.10/sim/arm_heat_v3.json
body-v3.26/sim/v312_ref/results_v3.json,5424004f332c0e8e99cd9a8ec70d033e,7823,body-v3.12/sim/results_v3.json
body-v3.26/sim/v312_ref/walk_v3.json,6813456c6d543b75d9ce3378cc7ec76d,3035,body-v3.12/sim/walk_v3.json
body-v3.26/sim/v312_ref/walk_v3_eff.json,da1bc95efaa4f87cffc8d4173df08fb6,3048,body-v3.12/sim/walk_v3_eff.json
body-v3.26/sim/v314_ref/arm_heat_v3.json,07b5df779e4043a927a2b4d6fb21639a,4222,body-v3.10/sim/arm_heat_v3.json
body-v3.26/sim/v314_ref/results_v3.json,5ff19fd27ab58cd5229b75f149e29603,7823,body-v3.14/sim/results_v3.json
body-v3.26/sim/v314_ref/walk_v3.json,1e30876edb5e0bee39df59123740079d,3036,body-v3.14/sim/walk_v3.json
body-v3.26/sim/v314_ref/walk_v3_eff.json,c116a8d3fe477f01a98b8bb54dabfa7f,3045,body-v3.14/sim/walk_v3_eff.json
body-v3.26/sim/v315_ref/arm_heat_v3.json,07b5df779e4043a927a2b4d6fb21639a,4222,body-v3.10/sim/arm_heat_v3.json
body-v3.26/sim/v315_ref/results_v3.json,b313775a19af5f0e29ea8d9ae9575fe6,7822,body-v3.15/sim/results_v3.json
body-v3.26/sim/v315_ref/walk_v3.json,c985f9e94b78a0fe370d07b3b066741c,3031,body-v3.15/sim/walk_v3.json
body-v3.26/sim/v315_ref/walk_v3_eff.json,ffd36628ae1263713261beaf6e10d638,3039,body-v3.15/sim/walk_v3_eff.json
body-v3.26/sim/v316_ref/arm_heat_v3.json,07b5df779e4043a927a2b4d6fb21639a,4222,body-v3.10/sim/arm_heat_v3.json
body-v3.26/sim/v316_ref/results_v3.json,24e44ae5ede579cf27e9c59f3e91a5de,7775,body-v3.16/sim/results_v3.json
body-v3.26/sim/v316_ref/walk_v3.json,204d18347ae73d7c7dea42312c01ae3f,3036,body-v3.16/sim/walk_v3.json
body-v3.26/sim/v316_ref/walk_v3_eff.json,fbf1db72d2d067b3cd3d9ac1219e6d20,3040,body-v3.16/sim/walk_v3_eff.json
body-v3.26/sim/v317_ref/arm_heat_v3.json,07b5df779e4043a927a2b4d6fb21639a,4222,body-v3.10/sim/arm_heat_v3.json
body-v3.26/sim/v317_ref/results_v3.json,935d6addfe550f20e12c8b793636fe96,7778,body-v3.17/sim/results_v3.json
body-v3.26/sim/v317_ref/walk_v3.json,0514cc614c854751602a29fa12e9d12f,3035,body-v3.17/sim/walk_v3.json
body-v3.26/sim/v317_ref/walk_v3_eff.json,bf910ab795ecc5688ba847d99747c920,3035,body-v3.17/sim/walk_v3_eff.json
body-v3.26/sim/v318_ref/arm_heat_v3.json,07b5df779e4043a927a2b4d6fb21639a,4222,body-v3.10/sim/arm_heat_v3.json
body-v3.26/sim/v318_ref/results_v3.json,b574dd55b92c2a33487ba4df1b2c8382,7730,body-v3.18/sim/results_v3.json
body-v3.26/sim/v318_ref/walk_v3.json,33e5b5229a31a9aab20310892ef2c5a7,3033,body-v3.18/sim/walk_v3.json
body-v3.26/sim/v318_ref/walk_v3_eff.json,b7f747d38a4ab2f7f6855d9d19724dda,3041,body-v3.18/sim/walk_v3_eff.json
body-v3.26/sim/v319_ref/arm_heat_v3.json,07b5df779e4043a927a2b4d6fb21639a,4222,body-v3.10/sim/arm_heat_v3.json
body-v3.26/sim/v319_ref/results_v3.json,b6381dfeaa6b0f3c7fda067dc519bbf6,7719,body-v3.19/sim/results_v3.json
body-v3.26/sim/v319_ref/walk_v3.json,2befac91b8fb900a116412d9eb360ef1,3040,body-v3.19/sim/walk_v3.json
body-v3.26/sim/v319_ref/walk_v3_eff.json,958b7e2ebedc49ce3e3f984ed44e4648,3043,body-v3.19/sim/walk_v3_eff.json
body-v3.26/sim/v31_ref/arm_heat_v3.json,2126fcc62fd7d3c396dcb7770419204a,4220,body-v3.1/sim/arm_heat_v3.json
body-v3.26/sim/v31_ref/mass_report_v3.json,b22177cef249a8bc99fcb2f57bb05878,12902,body-v3.1/sim/mass_report_v3.json
body-v3.26/sim/v31_ref/results_v3.json,510d1456468455e8152b440555672307,8029,body-v3.1/sim/results_v3.json
body-v3.26/sim/v31_ref/walk_v3.json,21a198ab40b540b4e3398bd7bdd66988,3094,body-v3.1/sim/walk_v3.json
body-v3.26/sim/v31_ref/walk_v3_eff.json,031ec90a823c37124efb0f9b271545e0,3102,body-v3.1/sim/walk_v3_eff.json
body-v3.26/sim/v320_ref/arm_heat_v3.json,07b5df779e4043a927a2b4d6fb21639a,4222,body-v3.10/sim/arm_heat_v3.json
body-v3.26/sim/v320_ref/results_v3.json,a3f76d9df0efa840ce3eedc394c67c25,7725,body-v3.20/sim/results_v3.json
body-v3.26/sim/v320_ref/walk_v3.json,3c60ae1fab664f989b79e69f90a262b8,3041,body-v3.20/sim/walk_v3.json
body-v3.26/sim/v320_ref/walk_v3_eff.json,03eb5773b7046ab0d35d27298ebcb3a6,3042,body-v3.20/sim/walk_v3_eff.json
body-v3.26/sim/v321_ref/arm_heat_v3.json,07b5df779e4043a927a2b4d6fb21639a,4222,body-v3.10/sim/arm_heat_v3.json
body-v3.26/sim/v321_ref/results_v3.json,9376232a72512e604ebf34cf3b0762df,7731,body-v3.21/sim/results_v3.json
body-v3.26/sim/v321_ref/walk_v3.json,01446e40422c7d46429c72ec2607530b,3036,body-v3.21/sim/walk_v3.json
body-v3.26/sim/v321_ref/walk_v3_eff.json,3ce6d50a38fd9906f253a17dd746cce3,3047,body-v3.21/sim/walk_v3_eff.json
body-v3.26/sim/v322_ref/arm_heat_v3.json,07b5df779e4043a927a2b4d6fb21639a,4222,body-v3.10/sim/arm_heat_v3.json
body-v3.26/sim/v322_ref/results_v3.json,6ad0ee2d5d6d53f8b36744fa2ee3242d,7719,body-v3.22/sim/results_v3.json
body-v3.26/sim/v322_ref/walk_v3.json,7967a3be11fabb980089e5200d649aa6,3033,body-v3.22/sim/walk_v3.json
body-v3.26/sim/v322_ref/walk_v3_eff.json,098c6cd614912b59984aee1711e1acd5,3043,body-v3.22/sim/walk_v3_eff.json
body-v3.26/sim/v323_ref/arm_heat_v3.json,07b5df779e4043a927a2b4d6fb21639a,4222,body-v3.10/sim/arm_heat_v3.json
body-v3.26/sim/v323_ref/results_v3.json,8d437b38b13edee42f6213c5b73acaba,7723,body-v3.23/sim/results_v3.json
body-v3.26/sim/v323_ref/walk_v3.json,5d86ba253d556f0c4e06a6b6a6ee3b16,3035,body-v3.23/sim/walk_v3.json
body-v3.26/sim/v323_ref/walk_v3_eff.json,b809785c839b19be78d9cac4f267cc4a,3044,body-v3.23/sim/walk_v3_eff.json
body-v3.26/sim/v324_ref/arm_heat_v3.json,07b5df779e4043a927a2b4d6fb21639a,4222,body-v3.10/sim/arm_heat_v3.json
body-v3.26/sim/v324_ref/results_v3.json,c2d2ee2856647249a3c0edef466fd442,7733,body-v3.24/sim/results_v3.json
body-v3.26/sim/v324_ref/walk_v3.json,77e520cc6fba6e96027e334d719150a5,3024,body-v3.24/sim/walk_v3.json
body-v3.26/sim/v324_ref/walk_v3_eff.json,2bb82f6d7a4c038ecb38c57e67604e13,3046,body-v3.24/sim/walk_v3_eff.json
body-v3.26/sim/v325_ref/arm_heat_v3.json,07b5df779e4043a927a2b4d6fb21639a,4222,body-v3.10/sim/arm_heat_v3.json
body-v3.26/sim/v325_ref/results_v3.json,b51494e74102af742a56d63696279dba,7727,body-v3.25/sim/results_v3.json
body-v3.26/sim/v325_ref/walk_v3.json,f60a951a4b18058b700a5325219addab,3031,body-v3.25/sim/walk_v3.json
body-v3.26/sim/v325_ref/walk_v3_eff.json,1ab8d66660ab95f06130677b82b97602,3044,body-v3.25/sim/walk_v3_eff.json
body-v3.26/sim/v32_ref/arm_heat_v3.json,07b5df779e4043a927a2b4d6fb21639a,4222,body-v3.10/sim/arm_heat_v3.json
body-v3.26/sim/v32_ref/results_v3.json,691b926aea221e63317388971ca903f7,8023,body-v3.10/sim/v32_ref/results_v3.json
body-v3.26/sim/v32_ref/walk_refine_v32.json,0648267fc7b09edeaa65985c0b4db260,157,body-v3.10/sim/v32_ref/walk_refine_v32.json
body-v3.26/sim/v32_ref/walk_v3.json,120423616b57938b7fd7672da7ad00f6,3165,body-v3.10/sim/v32_ref/walk_v3.json
body-v3.26/sim/v32_ref/walk_v3_eff.json,0860666c2fb00c61803ca5cf38d8cf2e,3103,body-v3.10/sim/v32_ref/walk_v3_eff.json
body-v3.26/sim/v33_ref/arm_heat_v3.json,07b5df779e4043a927a2b4d6fb21639a,4222,body-v3.10/sim/arm_heat_v3.json
body-v3.26/sim/v33_ref/results_v3.json,1f5b949f70ea6f2d2ca68c339ea885bb,8028,body-v3.10/sim/v33_ref/results_v3.json
body-v3.26/sim/v33_ref/walk_v3.json,135fd3eba247694b2d0455b05c2b1ed0,3154,body-v3.10/sim/v33_ref/walk_v3.json
body-v3.26/sim/v33_ref/walk_v3_eff.json,07f206d2b718406f84a80514363a0894,3163,body-v3.10/sim/v33_ref/walk_v3_eff.json
body-v3.26/sim/v34_ref/arm_heat_v3.json,07b5df779e4043a927a2b4d6fb21639a,4222,body-v3.10/sim/arm_heat_v3.json
body-v3.26/sim/v34_ref/results_v3.json,daa3ef05a96a0d46bbace841296e31c6,8020,body-v3.10/sim/v34_ref/results_v3.json
body-v3.26/sim/v34_ref/walk_v3.json,7f1ce820d388e0e41ba3dfc2c5faba4a,3155,body-v3.10/sim/v34_ref/walk_v3.json
body-v3.26/sim/v34_ref/walk_v3_eff.json,4ea2b63d0b9eba2faa54ba882cf92f93,3160,body-v3.10/sim/v34_ref/walk_v3_eff.json
body-v3.26/sim/v36_ref/arm_heat_v3.json,07b5df779e4043a927a2b4d6fb21639a,4222,body-v3.10/sim/arm_heat_v3.json
body-v3.26/sim/v36_ref/results_v3.json,6d09c34dcdbeb0ab1721a3015ed869a3,7773,body-v3.10/sim/v36_ref/results_v3.json
body-v3.26/sim/v36_ref/walk_v3.json,38bcf54acd4ca8bbf675993d585329f0,3039,body-v3.10/sim/v36_ref/walk_v3.json
body-v3.26/sim/v36_ref/walk_v3_eff.json,31b8a828b14afc9f5d317ef29cfbe9a9,3042,body-v3.10/sim/v36_ref/walk_v3_eff.json
body-v3.26/sim/v37_ref/arm_heat_v3.json,07b5df779e4043a927a2b4d6fb21639a,4222,body-v3.10/sim/arm_heat_v3.json
body-v3.26/sim/v37_ref/results_v3.json,e28526abee73fc3f1f2ce8a8893f87ae,7780,body-v3.10/sim/v37_ref/results_v3.json
body-v3.26/sim/v37_ref/walk_v3.json,33671a750fd7dce386401bce59f686a8,3032,body-v3.10/sim/v37_ref/walk_v3.json
body-v3.26/sim/v37_ref/walk_v3_eff.json,7be0f1960d01f0a3b80fb0f12f58de19,3043,body-v3.10/sim/v37_ref/walk_v3_eff.json
body-v3.26/sim/v38_ref/arm_heat_v3.json,07b5df779e4043a927a2b4d6fb21639a,4222,body-v3.10/sim/arm_heat_v3.json
body-v3.26/sim/v38_ref/results_v3.json,db7c5b8b22483b4f91eb46d530353928,7824,body-v3.10/sim/v38_ref/results_v3.json
body-v3.26/sim/v38_ref/walk_v3.json,fee45989bdaf3ab94dcabed25b50e7bb,3039,body-v3.10/sim/v38_ref/walk_v3.json
body-v3.26/sim/v38_ref/walk_v3_eff.json,228f2964c6705f80ebc7366edb2f0317,3043,body-v3.10/sim/v38_ref/walk_v3_eff.json
body-v3.26/sim/v39_ref/arm_heat_v3.json,07b5df779e4043a927a2b4d6fb21639a,4222,body-v3.10/sim/arm_heat_v3.json
body-v3.26/sim/v39_ref/results_v3.json,6603ecb5509ca86206a169ce15811895,7824,body-v3.10/sim/v39_ref/results_v3.json
body-v3.26/sim/v39_ref/walk_v3.json,8fc65df0a06c89e667c1c6d739d66c3c,3033,body-v3.10/sim/v39_ref/walk_v3.json
body-v3.26/sim/v39_ref/walk_v3_eff.json,79767a0ef34301f4d5f02ac4e2c255bf,3042,body-v3.10/sim/v39_ref/walk_v3_eff.json
body-v3.26/sim/v3_ref/arm_heat_v3.json,24f0f1621b09d575497b233327d5af34,4223,body-v3/sim/arm_heat_v3.json
body-v3.26/sim/v3_ref/results_v3.json,e91a5d8c46c37b6547966407c5d77848,8025,body-v3/sim/results_v3.json
body-v3.26/sim/v3_ref/walk_v3.json,f6dfc33626937c34a72b551e33684da3,3337,body-v3/sim/walk_v3.json
body-v3.26/sim/v3_ref/walk_v3_eff.json,394deba9fbf961cf5d88aae40d78c2e6,3347,body-v3/sim/walk_v3_eff.json
body-v3.27/README.md,65c2e177b5412a5e63ba38b5190edbde,6101,body-v3.10/README.md
body-v3.27/README_v3.md,d5dfb182350ce2de808eda08cc549acc,8398,body-v3/README.md
body-v3.27/README_v31.md,62cf5740b1281b505a1e2bb98d536030,8478,body-v3.1/README.md
body-v3.27/README_v310.md,8da2f237ff36b44d0add847660514f13,3734,body-v3.10/README_v310.md
body-v3.27/README_v311.md,00e8e1e244dfd4deb11e26e2ae98012f,4189,body-v3.11/README_v311.md
body-v3.27/README_v312.md,1661c05da47e75ae5678be1a9513648e,4010,body-v3.12/README_v312.md
body-v3.27/README_v313.md,60beb427e39b3057b625d7c402153ecd,3338,body-v3.13/README_v313.md
body-v3.27/README_v314.md,c06f881a9d452d57268625b05f4b8850,3978,body-v3.14/README_v314.md
body-v3.27/README_v315.md,e6dcd0fd62eb3f59d02bf840e1d59599,2771,body-v3.15/README_v315.md
body-v3.27/README_v316.md,af2d2b48ebd64516bfe0f1dd61b28da7,6517,body-v3.16/README_v316.md
body-v3.27/README_v317.md,08d1cd9d822124621f017e9b62a01692,4494,body-v3.17/README_v317.md
body-v3.27/README_v318.md,0af4e594f70c70c582978e26dba2fd10,4575,body-v3.18/README_v318.md
body-v3.27/README_v319.md,9cab512e2cc660ed2cc713091882f107,5665,body-v3.19/README_v319.md
body-v3.27/README_v32.md,36d5079dfd7d10c4ca271706c936cf5a,12057,body-v3.10/README_v32.md
body-v3.27/README_v320.md,1bd93ec87a4a978fead0c396fc582328,2026,body-v3.20/README_v320.md
body-v3.27/README_v321.md,940bbfbf636a75d9a05673bb9bf46acc,2892,body-v3.21/README_v321.md
body-v3.27/README_v322.md,d0144fa82487f3971e9f5466b74ae3bc,2977,body-v3.22/README_v322.md
body-v3.27/README_v327.md,e6df1f7c2a18fc814112b19b30916e1a,3302,body-v3.27/README_v327.md
body-v3.27/README_v33.md,6752bb01dae32e530a285e330f4d5770,5164,body-v3.10/README_v33.md
body-v3.27/README_v34.md,b512057a38e8cd7dd3ee07219c058e51,2623,body-v3.10/README_v34.md
body-v3.27/README_v35.md,7d8c481c42edc18f57b68b7bcea44345,2418,body-v3.10/README_v35.md
body-v3.27/README_v36.md,756af93fbf80b2ee9e5fee1458509d98,2438,body-v3.10/README_v36.md
body-v3.27/README_v38.md,ed0092856c928668efe6274c4752d7c2,4651,body-v3.10/README_v38.md
body-v3.27/README_v39.md,93f974e23db0965ce50120ba22d3dfaf,4818,body-v3.10/README_v39.md
body-v3.27/armsweep_v316.json,1f5aeabfa91da235aef6d943587fcf20,232,body-v3.16/armsweep_v316.json
body-v3.27/armsweep_v317.json,64745441dcb259065e67e21ae09ffab6,1203,body-v3.17/armsweep_v317.json
body-v3.27/armsweep_v318.json,5ae60717248b7264e1f67c1252ce79a5,1198,body-v3.18/armsweep_v318.json
body-v3.27/armsweep_v319.json,8c6d5a5f572ff5fabd1bbab9856ddf11,1230,body-v3.19/armsweep_v319.json
body-v3.27/armsweep_v320.json,9cf76322dae0716251c9d43d851284dd,992,body-v3.20/armsweep_v320.json
body-v3.27/armsweep_v321.json,185ddf1d621c09dea5d35968652520a9,790,body-v3.21/armsweep_v321.json
body-v3.27/armsweep_v322.json,1c2b3fd30dfdab42e8c6f9655d7801af,990,body-v3.22/armsweep_v322.json
body-v3.27/armsweep_v323_on_this.json,cc1d45898859189c26dfa9af89931450,1090,body-v3.23/armsweep_v323_on_this.json
body-v3.27/armsweep_v324.json,da76ca344a4ed4b0207c31572c35376a,990,body-v3.24/armsweep_v324.json
body-v3.27/armsweep_v325.json,da76ca344a4ed4b0207c31572c35376a,990,body-v3.24/armsweep_v324.json
body-v3.27/armsweep_v326.json,da76ca344a4ed4b0207c31572c35376a,990,body-v3.24/armsweep_v324.json
body-v3.27/armsweep_v327_on_this.json,da76ca344a4ed4b0207c31572c35376a,990,body-v3.24/armsweep_v324.json
body-v3.27/bom_v35.md,54e414cced6d75762caa12cba76d0d40,1012,body-v3.10/bom_v35.md
body-v3.27/build_report.json,3c08239c078593b51d293cace8ec1a27,19929,body-v3.10/build_report.json
body-v3.27/changed_parts_v36_to_v37.json,a9a41d7c46a2ad62fed49408f90e4b29,1338,body-v3.10/changed_parts_v36_to_v37.json
body-v3.27/changed_parts_v37_to_v38.json,49ae233dc0c85f386397a6f0a52f4f9a,6172,body-v3.10/changed_parts_v37_to_v38.json
body-v3.27/changed_parts_v38_to_v39.json,d3cd5cdf0f50ea6407e39f2225cef809,6381,body-v3.10/changed_parts_v38_to_v39.json
body-v3.27/collide_head_v310.json,e25c6464886e09f567ee551e6f338f74,2142,body-v3.10/collide_head_v310.json
body-v3.27/collide_head_v311.json,e25c6464886e09f567ee551e6f338f74,2142,body-v3.10/collide_head_v310.json
body-v3.27/collide_head_v312.json,e25c6464886e09f567ee551e6f338f74,2142,body-v3.10/collide_head_v310.json
body-v3.27/collide_head_v312_baseline_for_v313.json,9b4637517f3bf949c5067330e618d235,10236,body-v3.13/collide_head_v312_baseline_for_v313.json
body-v3.27/collide_head_v313.json,b49557fdb2e92668b038eff5c1f559b2,10094,body-v3.13/collide_head_v313.json
body-v3.27/collide_head_v314.json,84a15622992a6302ff45de44e07548b2,10324,body-v3.14/collide_head_v314.json
body-v3.27/collide_head_v315.json,3abfd60515fd19ab49ad5e9844607e08,9549,body-v3.15/collide_head_v315.json
body-v3.27/collide_log_v38.txt,9401ea726b306a56955aecbaf3d6525e,4281,body-v3.10/collide_log_v38.txt
body-v3.27/collide_log_v39.txt,9401ea726b306a56955aecbaf3d6525e,4281,body-v3.10/collide_log_v38.txt
body-v3.27/collide_report.json,e6ddd4078834a837f9559a91643465bb,20690,body-v3.10/collide_report.json
body-v3.27/collide_v31_rule_check.json,2cfb89f60ed078067a5b0d563369f90c,129,body-v3.1/collide_v31_rule_check.json
body-v3.27/collide_v32_rule_check.json,005b67a629f7dd1569344a87c0e8df7b,164,body-v3.10/collide_v32_rule_check.json
body-v3.27/crest_valley_v321.json,3f672f077ad7c227637940c3147cf8b7,1542,body-v3.21/crest_valley_v321.json
body-v3.27/crest_valley_v322.json,ace9cd2fe2155ae48ab8593e69f98b44,1392,body-v3.22/crest_valley_v322.json
body-v3.27/fit_v314.json,f8aae41806d01c56389950094ea546d5,320,body-v3.14/fit_v314.json
body-v3.27/grain_report_v37.json,51fdce42f38b602824220fed64981ea8,1959,body-v3.27/grain_report_v37.json
body-v3.27/hair_print_report_v313.json,860be9dcc14d271703ad67c23017d1dc,2832,body-v3.13/hair_print_report_v313.json
body-v3.27/hair_print_report_v314.json,a9210bb284841958846ddb4167713788,4794,body-v3.14/hair_print_report_v314.json
body-v3.27/hair_print_report_v315.json,7c5a3f9afea264b52bd3e2841e3c9b82,3652,body-v3.15/hair_print_report_v315.json
body-v3.27/head_print_report.json,79f615cf398723aa2801b3336ef39415,6972,body-v3.10/head_print_report.json
body-v3.27/head_print_report_v315.json,2009b6b02676dc6b96c6dd0d5ffded22,5848,body-v3.15/head_print_report_v315.json
body-v3.27/head_print_report_v316.json,f8e1f5b80ec4e1a19764713305d52d78,3997,body-v3.16/head_print_report_v316.json
body-v3.27/head_print_report_v317.json,fe0ed67ed9be1c640ebe2961c972f159,3397,body-v3.17/head_print_report_v317.json
body-v3.27/head_print_report_v318.json,0c4af57a9b076781b75f49f381e6e2db,3274,body-v3.18/head_print_report_v318.json
body-v3.27/head_print_report_v319.json,19394cee936c19e67eee4e7b4a8bc97a,3164,body-v3.19/head_print_report_v319.json
body-v3.27/head_print_report_v320.json,fc1afe8bee3905b206b2b7456cbb73c3,3165,body-v3.20/head_print_report_v320.json
body-v3.27/head_print_report_v321.json,45ab6961dd3d64dcc06d9b6925a8d9be,3290,body-v3.21/head_print_report_v321.json
body-v3.27/head_print_report_v322.json,40a054a1a377cb70088eb61b6ed08ea3,3312,body-v3.22/head_print_report_v322.json
body-v3.27/head_print_report_v323.json,3e2871c80dabcd440fcd72c46185e909,3244,body-v3.23/head_print_report_v323.json
body-v3.27/head_print_report_v324.json,8783d5355568fb44b8e83f285cdfbbc4,3406,body-v3.24/head_print_report_v324.json
body-v3.27/head_print_report_v325.json,c713d2096a945d0a6e12eb087fb47bba,3244,body-v3.25/head_print_report_v325.json
body-v3.27/head_print_report_v326.json,cae2e2ff4b71336f3e7bbcfb520aaedc,3227,body-v3.26/head_print_report_v326.json
body-v3.27/head_print_report_v327.json,665ee54eb8db38c3e0340c13658f1432,3239,body-v3.27/head_print_report_v327.json
body-v3.27/head_print_report_v36.json,d33da0d7f147f0bd784709823ca6e9ae,7037,body-v3.10/head_print_report_v36.json
body-v3.27/head_print_report_v37.json,4e0e79baf232a56165080655c08ae618,7733,body-v3.10/head_print_report_v37.json
body-v3.27/head_print_report_v38.json,5d6e16e5fb2414e0bbfca34176d0c3f5,7735,body-v3.10/head_print_report_v38.json
body-v3.27/head_print_report_v39.json,ba2c678786c8b3f4cd8feca3787e75dd,7781,body-v3.10/head_print_report_v39.json
body-v3.27/head_size_v36.json,04f54b55f682598962ff3481a5aba85f,717,body-v3.10/head_size_v36.json
body-v3.27/headrange_v320.json,4d62c8eed17cabb04608f6e91debbee5,916,body-v3.20/headrange_v320.json
body-v3.27/headrange_v320_on_this.json,9fb192fed5d9cd98a64e8b5d04f16311,956,body-v3.27/headrange_v320_on_this.json
body-v3.27/kilt_check_v316.json,799d097cf52f2f781aee6f772478ae4c,2826,body-v3.16/kilt_check_v316.json
body-v3.27/kilt_check_v316_final_gaits.json,430d99554b945ffe97d090947af9ac02,346,body-v3.16/kilt_check_v316_final_gaits.json
body-v3.27/kilt_print_report_v316.json,7df362561b2ccfefc2eccfe6ae1b03f8,1855,body-v3.16/kilt_print_report_v316.json
body-v3.27/lock_table_v319.md,e055209e989f675cd40a57a2cc4250fc,2047,body-v3.19/lock_table_v319.md
body-v3.27/print_note_hair_v313.md,1e35268b4a671737e912d031e769524e,1665,body-v3.13/print_note_hair_v313.md
body-v3.27/print_note_hair_v314.md,d703f5636f9c988f749d1147171e51e9,2397,body-v3.14/print_note_hair_v314.md
body-v3.27/print_note_hair_v315.md,6a889c9eb945efe71cbd55e83070b248,2211,body-v3.15/print_note_hair_v315.md
body-v3.27/print_note_head_v315.md,b00ab61a458365b15abc38025eeb9024,3040,body-v3.15/print_note_head_v315.md
body-v3.27/print_note_head_v316.md,a4f5d5bc7d9d8ed629a2d852a4c13a00,2664,body-v3.16/print_note_head_v316.md
body-v3.27/print_note_head_v317.md,4688ae5478c06dc314ccd47e767dad95,2703,body-v3.17/print_note_head_v317.md
body-v3.27/print_note_head_v318.md,84654fd7ff87f728f90ca899ef84a8e0,2674,body-v3.18/print_note_head_v318.md
body-v3.27/print_note_head_v319.md,d0467f682f653a81efa0dfad57f3b62c,2611,body-v3.19/print_note_head_v319.md
body-v3.27/print_note_head_v320.md,fb8d40d0d708aecb53cdaab4c505c66a,2785,body-v3.20/print_note_head_v320.md
body-v3.27/print_note_head_v321.md,ed4789b2cfaee2d5338d341f14f4290e,3089,body-v3.21/print_note_head_v321.md
body-v3.27/print_note_head_v322.md,ad4097edd061a164f96d6a5d60ca8ff4,3108,body-v3.22/print_note_head_v322.md
body-v3.27/print_note_head_v323.md,5bc5d802a84be4fac02ed4256de40358,3214,body-v3.23/print_note_head_v323.md
body-v3.27/print_note_head_v324.md,aebc8c225ff6c8acad7e87fec2a8d757,3643,body-v3.24/print_note_head_v324.md
body-v3.27/print_note_head_v325.md,a69acec014ec68e7f6c61b97201d56ef,3371,body-v3.25/print_note_head_v325.md
body-v3.27/print_note_head_v326.md,477e07d7962413dee16330601d6dcc1a,3698,body-v3.26/print_note_head_v326.md
body-v3.27/print_note_head_v327.md,a665738361151e0b5fa650a218de34a3,3887,body-v3.27/print_note_head_v327.md
body-v3.27/print_note_kilt_v316.md,0fdb4004cc378b066f170eedf905c93a,3348,body-v3.16/print_note_kilt_v316.md
body-v3.27/print_note_snout_v310.md,8c28ce33c8014e2a35235021cfe421d2,1461,body-v3.10/print_note_snout_v310.md
body-v3.27/print_note_snout_v311.md,9e46a723542d0793ff9f75be43a9b93f,2029,body-v3.11/print_note_snout_v311.md
body-v3.27/print_note_snout_v312.md,c45bac8778b151145198787bdf6e0062,1827,body-v3.12/print_note_snout_v312.md
body-v3.27/print_sheet_body_v38.md,face3494b2f0898c92d4de88aa098edc,6733,body-v3.10/print_sheet_body_v38.md
body-v3.27/print_sheet_head.md,ac0500e69043b84dbd57f7204b995982,3511,body-v3.10/print_sheet_head.md
body-v3.27/print_sheet_head_v36.md,6ac4c2094ed80fd60fd094d5b6ead7f8,3683,body-v3.10/print_sheet_head_v36.md
body-v3.27/print_sheet_head_v37.md,e9fbab93227e450a8c099f93fd6ea65b,5234,body-v3.10/print_sheet_head_v37.md
body-v3.27/print_sheet_head_v38.md,1bd44b955d22ea2e13d00bf05d107d31,5698,body-v3.10/print_sheet_head_v38.md
body-v3.27/print_sheet_head_v39.md,be1e14d15b9f562fb02da2a9853dbef9,5766,body-v3.10/print_sheet_head_v39.md
body-v3.27/servo_choice.md,316473d63f90ad6a5649462db90ee4c3,7062,body-v3.1/servo_choice.md
body-v3.27/snout_print_report_v310.json,4bf50103ac3941a34a8e642e795d6244,1079,body-v3.10/snout_print_report_v310.json
body-v3.27/snout_print_report_v311.json,3a2a461ef0f6fd92fab4a720d1521a76,1010,body-v3.11/snout_print_report_v311.json
body-v3.27/snout_print_report_v312.json,777e230a1c3e92c7a47d5c5b7220e6ad,918,body-v3.12/snout_print_report_v312.json
body-v3.27/torso_env_v34.json,bda31ea296b814d3685d260d29f3e20f,36249,body-v3.10/torso_env_v34.json
body-v3.27/torso_env_v36.json,8b9d02fce005d442335cfb062533af58,54421,body-v3.10/torso_env_v36.json
body-v3.27/torso_env_v38.json,687e14f2e4e89bf21a99087d015075c6,54455,body-v3.10/torso_env_v38.json
body-v3.27/wall_v316_wig_ref.json,da76d2f347b1e63a64657da82a9b63a9,229,body-v3.17/wall_v316_wig_ref.json
body-v3.27/wall_v317.json,9a56d2bc81b85bf45a7a5b2ef12f0c2b,227,body-v3.17/wall_v317.json
body-v3.27/wall_v318.json,8a58771e7725eb91575b2ee5d5f624b9,226,body-v3.18/wall_v318.json
body-v3.27/wall_v319.json,157779f9e5124b4b3dbd7b14b49fd287,226,body-v3.19/wall_v319.json
body-v3.27/wall_v320.json,5dec19b66934cea85dd96c36a283b115,226,body-v3.20/wall_v320.json
body-v3.27/wall_v321.json,a493b5556d52663136969869fdd431dd,228,body-v3.21/wall_v321.json
body-v3.27/wall_v322.json,2aaf6d528fc179661a6ddb5b08e5efa4,222,body-v3.22/wall_v322.json
body-v3.27/wall_v323.json,3dffa10c6b233c74f3061a182e64b2d7,225,body-v3.23/wall_v323.json
body-v3.27/wall_v324.json,c231902a905aea6ab387914d89fe37c4,225,body-v3.24/wall_v324.json
body-v3.27/wall_v325.json,34efe9e675f226588484db0a70b003d4,226,body-v3.25/wall_v325.json
body-v3.27/wall_v326.json,a07b691b862a6e387d5e757473dc4e85,212,body-v3.26/wall_v326.json
body-v3.27/wall_v327.json,6cc940c809060fd54ed3160cef584ef6,226,body-v3.27/wall_v327.json
body-v3.27/measure/photo_measure.json,5832cf5aab493edae31cd598e050fc53,2746,body-v3/measure/photo_measure.json
body-v3.27/measure/snout_taper_v312.json,36dde250b844c6de6e65956251b874de,1330,body-v3.12/measure/snout_taper_v312.json
body-v3.27/measure/targets.json,7b665a9c4ecd33771be6d5312f1cfcdb,5282,body-v3/measure/targets.json
body-v3.27/measure/v31_measure.json,7770567faa6c6ee5ce5e18b1da51c474,1121,body-v3.1/measure/v31_measure.json
body-v3.27/measure/v32_measure.json,852640a3181a17ea81aee224e86ac5f7,979,body-v3.10/measure/v32_measure.json
body-v3.27/measure/v32_neck_scale.json,14486360543aa63b349b95440d1f1729,914,body-v3.10/measure/v32_neck_scale.json
body-v3.27/measure/v33_head_size.json,fc2bb9834c1e56d00aff074751409e63,968,body-v3.10/measure/v33_head_size.json
body-v3.27/measure/v33_head_size_overlay.json,f59662c96f18842e63e50af4d4cb1315,567,body-v3.10/measure/v33_head_size_overlay.json
body-v3.27/measure/v33_neck_scale.json,e40e7e3d179e145a736191fd39b80f52,368,body-v3.10/measure/v33_neck_scale.json
body-v3.27/measure319/iou_A.json,b3155955a510a356d68ea43593b1fed0,795,body-v3.26/measure319/iou_A.json
body-v3.27/measure319/iou_A1.json,edba57704027f3f4b4c1ec2224d0e063,798,body-v3.27/measure319/iou_A1.json
body-v3.27/measure319/iou_A2.json,1c76efa9a8547a55517143c51172175a,797,body-v3.27/measure319/iou_A2.json
body-v3.27/measure319/iou_B.json,99837d60d6645b6eac1d1e2f94528244,801,body-v3.26/measure319/iou_B.json
body-v3.27/measure319/iou_B1.json,074a246c1bcfe7bf8f79f7492b3849e7,799,body-v3.27/measure319/iou_B1.json
body-v3.27/measure319/iou_B2.json,3f60caca17629ba51f7ad2018c7d9f42,801,body-v3.27/measure319/iou_B2.json
body-v3.27/measure319/iou_B3.json,7ceee17566fb09bcca043ba16ac4e488,801,body-v3.27/measure319/iou_B3.json
body-v3.27/measure319/iou_B4.json,a59ea9a26b61ed4cbb0a96ef3a20489c,799,body-v3.27/measure319/iou_B4.json
body-v3.27/measure319/iou_B5.json,70d2be5970baf2c4043070e85ec5e013,801,body-v3.27/measure319/iou_B5.json
body-v3.27/measure319/iou_B6.json,4c358bfd23416862e67bd6fb351bbfec,800,body-v3.27/measure319/iou_B6.json
body-v3.27/measure319/iou_C.json,faeb5a2f55655ae8e74bd209be8af10b,800,body-v3.26/measure319/iou_C.json
body-v3.27/measure319/iou_C1.json,01d1caf0fc6ac87b50297d9d1da454a8,798,body-v3.27/measure319/iou_C1.json
body-v3.27/measure319/iou_C2.json,1ca3ad2b7cf6765e2adc68ae302536db,801,body-v3.27/measure319/iou_C2.json
body-v3.27/measure319/iou_D.json,da20e8aff026eeb3782f4d8581d6f05b,798,body-v3.26/measure319/iou_D.json
body-v3.27/measure319/iou_D1.json,54a609eb5fc2d64192e2cc276ec9beeb,801,body-v3.27/measure319/iou_D1.json
body-v3.27/measure319/iou_D2.json,a68e3e72bc9321adeb0c693685db0894,800,body-v3.27/measure319/iou_D2.json
body-v3.27/measure319/iou_E.json,f933c46b77b4d4ca123ae2d7a10c4fc6,800,body-v3.26/measure319/iou_E.json
body-v3.27/measure319/iou_E1.json,ab0bbe1c68e76f934cf688ab927400df,801,body-v3.27/measure319/iou_E1.json
body-v3.27/measure319/iou_E2.json,61a5ba3130c4f46b54d462a1143c549d,799,body-v3.27/measure319/iou_E2.json
body-v3.27/measure319/iou_E70.json,eebebab2f2df6c2da90554f95eebb273,799,body-v3.26/measure319/iou_E70.json
body-v3.27/measure319/iou_E85.json,4f1b17725e1aebfaeb51a873116a654b,797,body-v3.26/measure319/iou_E85.json
body-v3.27/measure319/iou_F.json,b1270e6d41b7219985614c66cb72416c,801,body-v3.26/measure319/iou_F.json
body-v3.27/measure319/iou_F1.json,f567b1c09c089260757cd17c92dc8553,800,body-v3.27/measure319/iou_F1.json
body-v3.27/measure319/iou_F2.json,ce611d5ff11f4db3c431ad031da62fc0,801,body-v3.27/measure319/iou_F2.json
body-v3.27/measure319/iou_FIN1.json,0e5018d752aaedf09668622b3cefdcb5,801,body-v3.26/measure319/iou_FIN1.json
body-v3.27/measure319/iou_FIN2.json,483031ab1fe24e2dde9427c994364d59,801,body-v3.26/measure319/iou_FIN2.json
body-v3.27/measure319/iou_G.json,63a3376b5570743733112608d90ebd23,803,body-v3.26/measure319/iou_G.json
body-v3.27/measure319/iou_G1.json,b6f5fd9da051017859c60ee48e93a11a,798,body-v3.27/measure319/iou_G1.json
body-v3.27/measure319/iou_G2.json,d5483c566bb1f2a0d073372289a92041,799,body-v3.27/measure319/iou_G2.json
body-v3.27/measure319/iou_G3.json,46c432c72a7755e7930fd2e5e00d1883,800,body-v3.27/measure319/iou_G3.json
body-v3.27/measure319/iou_G4.json,bbaf1dc749fbfaa5f11f6a35e7cac5a8,800,body-v3.27/measure319/iou_G4.json
body-v3.27/measure319/iou_G70.json,f54bcb3466a77fc348011467f0e15cc4,798,body-v3.26/measure319/iou_G70.json
body-v3.27/measure319/iou_G72.json,df52b4e95f6ec8528b049733ae625247,800,body-v3.26/measure319/iou_G72.json
body-v3.27/measure319/iou_H.json,1350e5018f57980c040077333daa728b,799,body-v3.26/measure319/iou_H.json
body-v3.27/measure319/iou_H1.json,b333b7c64b5906679d29dc115a7a7132,800,body-v3.27/measure319/iou_H1.json
body-v3.27/measure319/iou_H2.json,4b1db403ea1f638eb9399e4491e35b49,800,body-v3.27/measure319/iou_H2.json
body-v3.27/measure319/iou_H3.json,126ee58ff2edf228252bbb86d53fc15e,798,body-v3.27/measure319/iou_H3.json
body-v3.27/measure319/iou_H4.json,018d7c6243ccad4567f1a8eea1437b69,800,body-v3.27/measure319/iou_H4.json
body-v3.27/measure319/iou_H5.json,093e7b3d2f8c1e6cd3b6fc65380c9f33,801,body-v3.27/measure319/iou_H5.json
body-v3.27/measure319/iou_I.json,ea4add5c0752278e590dcc1c1de82016,801,body-v3.26/measure319/iou_I.json
body-v3.27/measure319/iou_J.json,9fbbb996d8c97a5a0471024cf055c1c9,797,body-v3.26/measure319/iou_J.json
body-v3.27/measure319/iou_K.json,73f328373b6c8e1d6053e493a51668c2,800,body-v3.26/measure319/iou_K.json
body-v3.27/measure319/iou_K2.json,780472a93e7542100cdc035b0a830570,799,body-v3.26/measure319/iou_K2.json
body-v3.27/measure319/iou_L.json,e72aea4512a346a22112070d6d2226ff,800,body-v3.26/measure319/iou_L.json
body-v3.27/measure319/iou_M.json,a8f331b975360a2f107c3ad14f02de49,799,body-v3.25/measure319/iou_M.json
body-v3.27/measure319/iou_M3.json,df116bddc1ddf92f1759e4e157ee3768,800,body-v3.26/measure319/iou_M3.json
body-v3.27/measure319/iou_N.json,fc741b2a5cccd31cac2c7f7ce88afb9c,800,body-v3.26/measure319/iou_N.json
body-v3.27/measure319/iou_O.json,5f7fa2f892975d2eb03484a282cf1ef8,801,body-v3.25/measure319/iou_O.json
body-v3.27/measure319/iou_OLDHAT.json,3879ad4f031ea818abdfd799a3f46c67,800,body-v3.26/measure319/iou_OLDHAT.json
body-v3.27/measure319/iou_P.json,a9be321e8f79b3c8f69e82e1dd9d6299,799,body-v3.26/measure319/iou_P.json
body-v3.27/measure319/iou_Q.json,8d5a2a73058b9aae9c41c3dfff03d6aa,799,body-v3.26/measure319/iou_Q.json
body-v3.27/measure319/iou_R.json,98464f443079957d0548700870ea6646,798,body-v3.25/measure319/iou_R.json
body-v3.27/measure319/iou_S.json,8ccefb57ab2420453f688eb05f1a0772,800,body-v3.26/measure319/iou_S.json
body-v3.27/measure319/iou_T.json,26c1633a471422e7401f5ca62c57eaf0,798,body-v3.26/measure319/iou_T.json
body-v3.27/measure319/iou_U.json,f9ef00c871314a28e451b08f1c2a779c,801,body-v3.26/measure319/iou_U.json
body-v3.27/measure319/iou_V.json,f06e6cb94383c4b6efafeb33ba8aa9e9,798,body-v3.25/measure319/iou_V.json
body-v3.27/measure319/iou_V1.json,2f3f62091cb0fa429a0ea1431b04d1b2,799,body-v3.26/measure319/iou_V1.json
body-v3.27/measure319/iou_V2.json,34a8b8265fe507f55dd91c945281af54,799,body-v3.26/measure319/iou_V2.json
body-v3.27/measure319/iou_W.json,27fc5b75f0766397eac0a3a1b142f148,798,body-v3.25/measure319/iou_W.json
body-v3.27/measure319/iou_W1.json,6a62909d6b011773cc9a52cadf533385,800,body-v3.26/measure319/iou_W1.json
body-v3.27/measure319/iou_W2.json,8bd600ec768519ed1fb26427b5f2eb3f,800,body-v3.26/measure319/iou_W2.json
body-v3.27/measure319/iou_W3.json,4852cdde19716f6b2f8e0da6e4ef3e5d,799,body-v3.26/measure319/iou_W3.json
body-v3.27/measure319/iou_X.json,b49a09a68124ffbfbdd9bf6249242e2a,801,body-v3.25/measure319/iou_X.json
body-v3.27/measure319/iou_X1.json,e4c109652955bf03550c5484f3c86837,800,body-v3.26/measure319/iou_X1.json
body-v3.27/measure319/iou_X2.json,7dd66e1bc0badf9279c543fb13429095,798,body-v3.26/measure319/iou_X2.json
body-v3.27/measure319/iou_X3.json,4c2e38ee5ebc322066df71edbc238f8b,801,body-v3.26/measure319/iou_X3.json
body-v3.27/measure319/iou_Y.json,98847a6efb52f6dd8638b6b86d0411a7,800,body-v3.25/measure319/iou_Y.json
body-v3.27/measure319/iou_Y1.json,5fd747436fd371be87ed77aa4719013c,799,body-v3.26/measure319/iou_Y1.json
body-v3.27/measure319/iou_Y2.json,9ea387d318f0011f7a8e310262f13ab5,800,body-v3.26/measure319/iou_Y2.json
body-v3.27/measure319/iou_Y3.json,3aaba828e051f16397aedc937edf8854,800,body-v3.26/measure319/iou_Y3.json
body-v3.27/measure319/iou_Z.json,e3514b8802426f0b11b38b3e3483b7aa,800,body-v3.26/measure319/iou_Z.json
body-v3.27/measure319/iou_Z2.json,a694cb9b17cd0b81fc096ba8dea13043,799,body-v3.26/measure319/iou_Z2.json
body-v3.27/measure319/iou_Za50.json,6062a325da8dc3a0ee47dffa850ac888,798,body-v3.26/measure319/iou_Za50.json
body-v3.27/measure319/iou_Za54.json,ef459569036ceafb8df6fbcc98da4aea,801,body-v3.26/measure319/iou_Za54.json
body-v3.27/measure319/iou_Za58.json,1dc4e90c25c1a9216fe5a9b32a6f5c94,800,body-v3.26/measure319/iou_Za58.json
body-v3.27/measure319/iou_Zs50.json,5774f74c00dcbae423a3bd414b6e8519,800,body-v3.26/measure319/iou_Zs50.json
body-v3.27/measure319/iou_Zs54.json,55ce4c308faed0bfea0669cfe97f09ff,797,body-v3.26/measure319/iou_Zs54.json
body-v3.27/measure319/iou_Zs58.json,d9757de40e0b15c753039abce6a3a63f,799,body-v3.26/measure319/iou_Zs58.json
body-v3.27/measure319/iou_base.json,e3d7226399c0d8a3322e223db6b54210,801,body-v3.24/measure319/iou_v324.json
body-v3.27/measure319/iou_v318.json,479e9d0e0a858c996d286c9f83753d7f,801,body-v3.19/measure319/iou_v318.json
body-v3.27/measure319/iou_v319.json,6834cf8c196fae3875b56aec31675659,799,body-v3.19/measure319/iou_v319.json
body-v3.27/measure319/iou_v320.json,359608708d417279476b7ab6976694cd,801,body-v3.20/measure319/iou_v320.json
body-v3.27/measure319/iou_v321.json,b9fe0ae29db8389520bb6955d045764e,801,body-v3.21/measure319/iou_v321.json
body-v3.27/measure319/iou_v322.json,cc10aee573c5504c45e51ca85dd43da1,801,body-v3.22/measure319/iou_v322.json
body-v3.27/measure319/iou_v323.json,bbe2e688de35efe13bf1d10463fdc8a0,800,body-v3.23/measure319/iou_v323.json
body-v3.27/measure319/iou_v324.json,e3d7226399c0d8a3322e223db6b54210,801,body-v3.24/measure319/iou_v324.json
body-v3.27/measure319/iou_v325.json,4195d638e067eb15c193f8ce0f047d83,795,body-v3.25/measure319/iou_Z.json
body-v3.27/measure319/iou_v326.json,483031ab1fe24e2dde9427c994364d59,801,body-v3.26/measure319/iou_FIN2.json
body-v3.27/measure319/iou_v326_oldhat.json,e7b0c1c56713dbe0223e9547fae49eba,800,body-v3.26/measure319/iou_v326_oldhat.json
body-v3.27/measure319/iou_v327.json,dae20c07b5838e61b19f4af7b7fbae11,801,body-v3.27/measure319/iou_v327.json
body-v3.27/measure319/iou_v327_oldhat.json,03096065c59264a191f65097286b9eb2,797,body-v3.27/measure319/iou_v327_oldhat.json
body-v3.27/measure319/iou_vA.json,8a0fdb44451e8e02236f704eadde71f2,801,body-v3.23/measure319/iou_vA.json
body-v3.27/measure319/iou_vB.json,522a6af83873165328ba309d918fe12b,798,body-v3.23/measure319/iou_vB.json
body-v3.27/measure319/iou_vC.json,1c0d88467bc3a102217bd6c8438b9f23,801,body-v3.23/measure319/iou_vC.json
body-v3.27/sim/README.md,5a2184fcce272380e8a22600e08816c1,13351,body-v3.10/sim/README.md
body-v3.27/sim/arm_heat_v2.json,bc311c1775b81c9405219b9bbff5ec13,4223,body-v3/sim/arm_heat_v2.json
body-v3.27/sim/arm_heat_v3.json,07b5df779e4043a927a2b4d6fb21639a,4222,body-v3.10/sim/arm_heat_v3.json
body-v3.27/sim/cmp326.log,812b6e52fe80b1bd2be419d9055fd38f,1749,body-v3.26/sim/cmp326.log
body-v3.27/sim/cmp327.log,7e1f4a899f5e18b0c6b7be4a9d9e3087,1749,body-v3.27/sim/cmp327.log
body-v3.27/sim/compare_stock_v2_v3.json,0ed3b329d48797a6244eeffa2d5fde08,3805,body-v3/sim/compare_stock_v2_v3.json
body-v3.27/sim/compare_stock_v2_v3.md,895225c90e71fdfa98f1516ec893a8b1,2949,body-v3/sim/compare_stock_v2_v3.md
body-v3.27/sim/compare_v311_v312.json,3473272bc00ed7d7bd1011e4668be807,3275,body-v3.12/sim/compare_v311_v312.json
body-v3.27/sim/compare_v311_v312.md,22edbe199a0bd1aadce75c39aed27780,1921,body-v3.12/sim/compare_v311_v312.md
body-v3.27/sim/compare_v312_v313.json,5dd49cf449e49debec85c42ab559d377,3276,body-v3.13/sim/compare_v312_v313.json
body-v3.27/sim/compare_v312_v313.md,b8d569cdec4a0b4d85e633e1fad8d729,1922,body-v3.13/sim/compare_v312_v313.md
body-v3.27/sim/compare_v313_v314.json,5ee81ca0f77cf165bdf818892ffd6dca,3276,body-v3.14/sim/compare_v313_v314.json
body-v3.27/sim/compare_v313_v314.md,6283c46bebaa7397b4d96d193bfc9c77,1922,body-v3.14/sim/compare_v313_v314.md
body-v3.27/sim/compare_v314_v315.json,ae355b8cf1a564bbec7efc7eb413a87a,3275,body-v3.15/sim/compare_v314_v315.json
body-v3.27/sim/compare_v314_v315.md,5022aaec37e2cbfffaaa0ffda9155353,1921,body-v3.15/sim/compare_v314_v315.md
body-v3.27/sim/compare_v315_v316.json,05b068e032c61b44a735110dd68d824f,3275,body-v3.16/sim/compare_v315_v316.json
body-v3.27/sim/compare_v315_v316.md,7f3d98d608546dfa4b151456866195a1,1921,body-v3.16/sim/compare_v315_v316.md
body-v3.27/sim/compare_v316_v317.json,89fc00addd46ac4183394325d465c0b6,3276,body-v3.17/sim/compare_v316_v317.json
body-v3.27/sim/compare_v316_v317.md,83688af2bb79fc2348ba36b5274ba16a,1922,body-v3.17/sim/compare_v316_v317.md
body-v3.27/sim/compare_v317_v318.json,ad0dc738bc0a716df0978250c0782c47,3276,body-v3.18/sim/compare_v317_v318.json
body-v3.27/sim/compare_v317_v318.md,e48cf4f4e269a3976efa4d3045ee151b,1922,body-v3.18/sim/compare_v317_v318.md
body-v3.27/sim/compare_v318_v319.json,0e65f3737cf34fa7999880e013a7cd91,3274,body-v3.19/sim/compare_v318_v319.json
body-v3.27/sim/compare_v318_v319.md,c4243a4bef93963eaf6f9b4f77832ff6,1920,body-v3.19/sim/compare_v318_v319.md
body-v3.27/sim/compare_v319_v320.json,bab95bb7d04ef783644b5849d6af0ea4,3274,body-v3.20/sim/compare_v319_v320.json
body-v3.27/sim/compare_v319_v320.md,c75a6c9adff1c572d18b39ed317b99e8,1920,body-v3.20/sim/compare_v319_v320.md
body-v3.27/sim/compare_v31_v32.json,c51ae2424f05c1ab5562ee15e9b2965f,3254,body-v3.10/sim/compare_v31_v32.json
body-v3.27/sim/compare_v31_v32.md,644ebfad4fb06dc032148c27094bee2c,1939,body-v3.10/sim/compare_v31_v32.md
body-v3.27/sim/compare_v320_v321.json,7c5080f5760645a1aef606488f8d7e1c,3275,body-v3.21/sim/compare_v320_v321.json
body-v3.27/sim/compare_v320_v321.md,46a012e37a610a9fa3786dc1fb72d54b,1921,body-v3.21/sim/compare_v320_v321.md
body-v3.27/sim/compare_v321_v322.json,6cfba00157bfee31f045cd1f5fb511c4,3275,body-v3.22/sim/compare_v321_v322.json
body-v3.27/sim/compare_v321_v322.md,612869a9d426091336938b142bd604fc,1921,body-v3.22/sim/compare_v321_v322.md
body-v3.27/sim/compare_v322_v323.json,4b06bad9663207db1f5e6ae12259e9c4,3275,body-v3.23/sim/compare_v322_v323.json
body-v3.27/sim/compare_v322_v323.md,c74ddd392bf5f3aaf3d22b57f9397102,1921,body-v3.23/sim/compare_v322_v323.md
body-v3.27/sim/compare_v323_v324.json,d221b0638f841ab63d8cb1311374ed68,3275,body-v3.24/sim/compare_v323_v324.json
body-v3.27/sim/compare_v323_v324.md,d5a778e5955913bf22ba75fe34098cb7,1921,body-v3.24/sim/compare_v323_v324.md
body-v3.27/sim/compare_v324_v325.json,9cfa71e95360471aa3b03b16912dbda5,3275,body-v3.25/sim/compare_v324_v325.json
body-v3.27/sim/compare_v324_v325.md,d6e821f4ecd9c226804d8a0ba6d7791b,1921,body-v3.25/sim/compare_v324_v325.md
body-v3.27/sim/compare_v325_v326.json,0a80f1ef16809da5b562f013b9c900d8,3274,body-v3.26/sim/compare_v325_v326.json
body-v3.27/sim/compare_v325_v326.md,ff4c832007d1d6aec9418dc2a8f9490f,1920,body-v3.26/sim/compare_v325_v326.md
body-v3.27/sim/compare_v326_v327.json,4bccb3cd68abf258c15026304d5f01d9,3274,body-v3.27/sim/compare_v326_v327.json
body-v3.27/sim/compare_v326_v327.md,56568f406f4c736d8bb0811f206dbd38,1920,body-v3.27/sim/compare_v326_v327.md
body-v3.27/sim/compare_v32_v33.json,a6b9c313414ce0741dcde7c80ce064a7,3255,body-v3.10/sim/compare_v32_v33.json
body-v3.27/sim/compare_v32_v33.md,de11b2bed04349fe3059fe2af1f01f8d,1861,body-v3.10/sim/compare_v32_v33.md
body-v3.27/sim/compare_v33_v34.json,9970e48ff8444752844c36261fdbc8a7,3255,body-v3.10/sim/compare_v33_v34.json
body-v3.27/sim/compare_v33_v34.md,1bee2d057cf0af55e9285ae39642e0d4,1861,body-v3.10/sim/compare_v33_v34.md
body-v3.27/sim/compare_v34_v35.json,15b209ba528bca78169f2c308cc5a0c0,3263,body-v3.10/sim/compare_v34_v35.json
body-v3.27/sim/compare_v34_v35.md,e7b150ed0f30c20b731c9a2ac12058d0,2289,body-v3.10/sim/compare_v34_v35.md
body-v3.27/sim/compare_v35_v36.json,91ae3e17f2ce269016d61be082636f3e,3272,body-v3.10/sim/compare_v35_v36.json
body-v3.27/sim/compare_v35_v36.md,ada8c03eeb0156deaac729f93149e461,2344,body-v3.10/sim/compare_v35_v36.md
body-v3.27/sim/compare_v36_v37.json,3e11a3460b142718d63652a501df696e,3271,body-v3.10/sim/compare_v36_v37.json
body-v3.27/sim/compare_v36_v37.md,fda6c06c3d45610df1ba016b41b4ba7b,2405,body-v3.10/sim/compare_v36_v37.md
body-v3.27/sim/compare_v37_v38.json,1276986b406e998977d666daa157cf71,3272,body-v3.10/sim/compare_v37_v38.json
body-v3.27/sim/compare_v37_v38.md,f8a800c1b0a12f6fdc9a81f7131ee562,1915,body-v3.10/sim/compare_v37_v38.md
body-v3.27/sim/compare_v38_v39.json,5a057226cca27472ecf7125a724e8082,3274,body-v3.10/sim/compare_v38_v39.json
body-v3.27/sim/compare_v38_v39.md,dc30e35f4edbde2136c3daf04fc04bcc,1917,body-v3.10/sim/compare_v38_v39.md
body-v3.27/sim/compare_v39_v310.json,8d43b630f2580e8ba95a586df3f3d406,3275,body-v3.10/sim/compare_v39_v310.json
body-v3.27/sim/compare_v39_v310.md,03dd6304ccf2ba5f39991cdadfafd6c8,1921,body-v3.10/sim/compare_v39_v310.md
body-v3.27/sim/compare_v39_v311.json,bf0d8a9069f17dfd3c90f0ae651cbc80,3274,body-v3.11/sim/compare_v39_v311.json
body-v3.27/sim/compare_v39_v311.md,504094156e0454adb92ca4e51fd97da2,1920,body-v3.11/sim/compare_v39_v311.md
body-v3.27/sim/compare_v3_v31.json,7e29f9219c9b23c6c5982ab3a1a89db3,2829,body-v3.1/sim/compare_v3_v31.json
body-v3.27/sim/compare_v3_v31.md,175081c021dce15c7e987872af0ac43f,1611,body-v3.1/sim/compare_v3_v31.md
body-v3.27/sim/gen317.log,d1364dfc1ced2a5a433641ee9c86e977,799,body-v3.17/sim/gen317.log
body-v3.27/sim/gen318.log,4b275951c1b9a0045efd57346cbaa4f8,799,body-v3.18/sim/gen318.log
body-v3.27/sim/gen319.log,be94467370eae037352b4abf64edbf77,799,body-v3.19/sim/gen319.log
body-v3.27/sim/gen320.log,01f6e4df684b699877f852a33ff39cd7,799,body-v3.20/sim/gen320.log
body-v3.27/sim/gen322.log,16510f42780f21957b8d809a3deae052,799,body-v3.22/sim/gen322.log
body-v3.27/sim/gen323.log,977ac1c0307f32f8ddc6b7ff0863b72d,799,body-v3.23/sim/gen323.log
body-v3.27/sim/gen324.log,e10c1214fa25ba1ce60615dbd1f3ab48,799,body-v3.24/sim/gen324.log
body-v3.27/sim/gen325.log,94afa33045734501174c461de48eb293,799,body-v3.25/sim/gen325.log
body-v3.27/sim/gen326.log,73415211c72e96c9f83433bb9aba1ab9,799,body-v3.26/sim/gen326.log
body-v3.27/sim/gen327.log,23758c84ecf9dac0de4880000ace5818,798,body-v3.27/sim/gen327.log
body-v3.27/sim/mass_report_v3.json,1076fad692d4b877d0186061f9253ebe,13478,body-v3.27/sim/mass_report_v3.json
body-v3.27/sim/plot_compare.png,2457a623d2f320f37f590b6d2c9af28b,58887,body-v3/sim/plot_compare.png
body-v3.27/sim/ref326.log,63ab64f94ed8ce8ccfee8ff6e1548c17,547,body-v3.26/sim/ref326.log
body-v3.27/sim/ref326b.log,99ca765cdde6218b39fc0bae14869fbc,547,body-v3.26/sim/ref326b.log
body-v3.27/sim/ref326c.log,fae58ab07c129a49adf699a87a9c7011,548,body-v3.26/sim/ref326c.log
body-v3.27/sim/ref327_.log,c2eaf31420a53fe9622670d09a7aa3c4,501,body-v3.27/sim/ref327_.log
body-v3.27/sim/ref327_33.log,0439d1cbcf82aa3e8205aa137fda57fb,543,body-v3.27/sim/ref327_33.log
body-v3.27/sim/ref327_7.log,22aa256e97481e686582a6f6b5152747,545,body-v3.27/sim/ref327_7.log
body-v3.27/sim/results_v3.json,19357f3c943fcbe6e772f28f2c66563f,7722,body-v3.27/sim/results_v3.json
body-v3.27/sim/results_v3_8pct.json,cb25e47bae840299a65617cae6694f56,7820,body-v3.11/sim/results_v3_8pct.json
body-v3.27/sim/results_v3_snout10pct.json,103a1aed6577f64926a156f4fcbe8328,7823,body-v3.11/sim/results_v3_snout10pct.json
body-v3.27/sim/rt317.log,734339dad8e117eede012b875d819072,2997,body-v3.17/sim/rt317.log
body-v3.27/sim/rt318.log,247bdf8654fc2b7269fc35245609c6e0,2996,body-v3.18/sim/rt318.log
body-v3.27/sim/rt319.log,324a9b3cec0b51d6489bf0504706f4e2,2991,body-v3.19/sim/rt319.log
body-v3.27/sim/rt320.log,bfbbed9c401c39dd1f62267c258aa1e3,2994,body-v3.20/sim/rt320.log
body-v3.27/sim/rt322.log,4056c292613a182c8cc4446cca90f152,2993,body-v3.22/sim/rt322.log
body-v3.27/sim/rt323.log,a7659744cf7ee25b5132c56a89dc1e79,2995,body-v3.23/sim/rt323.log
body-v3.27/sim/rt324.log,002359ba599ec119b71e5966331c76dd,2999,body-v3.24/sim/rt324.log
body-v3.27/sim/rt325.log,fc7ce9706f3dfca4b4952b082de22786,2995,body-v3.25/sim/rt325.log
body-v3.27/sim/rt326.log,663afd91e26759036882513d308cf915,2995,body-v3.26/sim/rt326.log
body-v3.27/sim/rt327.log,7b48b3841679c0dd179123dd9e7489b6,2991,body-v3.27/sim/rt327.log
body-v3.27/sim/sweep319.txt,278100be8b4725996bbdeb59fc299feb,345,body-v3.19/sim/sweep319.txt
body-v3.27/sim/sweep322.txt,a9369f3a91cf7155248fccd019054a28,593,body-v3.22/sim/sweep322.txt
body-v3.27/sim/sweep323.txt,70d6d4ea8f1e5c890e96da9a63831f53,535,body-v3.23/sim/sweep323.txt
body-v3.27/sim/sweep324.txt,cfd4222ae0c7676c3e2007af218ed7f1,734,body-v3.24/sim/sweep324.txt
body-v3.27/sim/sweep325.txt,3c409c7b0c8bbc7d48bf344950569360,1016,body-v3.25/sim/sweep325.txt
body-v3.27/sim/sweep325b.txt,b7f771ed43e2784c7cca9755926d5e26,793,body-v3.25/sim/sweep325b.txt
body-v3.27/sim/sweep326.txt,61017d58f8403ff335f370077ea3a9a7,727,body-v3.26/sim/sweep326.txt
body-v3.27/sim/sweep327.txt,44eb2703abffb2fea5bd81229318973e,727,body-v3.27/sim/sweep327.txt
body-v3.27/sim/walk_refine_eff_v32.json,c16511f9d50b2474cee6257db0d85351,157,body-v3.23/sim/walk_refine_eff_v32.json
body-v3.27/sim/walk_refine_v32.json,3b253aeda52b4392617f6df852890e82,156,body-v3.27/sim/walk_refine_v32.json
body-v3.27/sim/walk_v3.json,73af163fcbe80e541d505b06e19bebe6,3035,body-v3.27/sim/walk_v3.json
body-v3.27/sim/walk_v3_eff.json,da3a9965c5a1098dfc507e9eb7a6f94f,3047,body-v3.27/sim/walk_v3_eff.json
body-v3.27/sim/walk_v3_eff_noref.json,ebaa41acfaaef3b24dc77ab83db09f93,3101,body-v3.10/sim/walk_v3_eff_noref.json
body-v3.27/sim/walk_v3_noref.json,85f5f335181e839cfdc2d627ecca5d32,3095,body-v3.10/sim/walk_v3_noref.json
body-v3.27/sim/walk_v3_prerefine_v310.json,09d03ddff2a0a115af858a30f0934a7e,3038,body-v3.10/sim/walk_v3_prerefine_v310.json
body-v3.27/sim/we317.log,909b74c0ea465803e8271ca953cb24d3,126,body-v3.17/sim/we317.log
body-v3.27/sim/we318.log,cf4768c1657856fc40fa2c919d66ea86,127,body-v3.18/sim/we318.log
body-v3.27/sim/we319.log,3f677b2656f761d6d36a48d6fef04cbf,126,body-v3.19/sim/we319.log
body-v3.27/sim/we320.log,ce08323dee1e373fba90bff4e78c5694,127,body-v3.20/sim/we320.log
body-v3.27/sim/we321b.log,e45662280140f094d9074850f66b1e0c,127,body-v3.21/sim/we321b.log
body-v3.27/sim/we322.log,407e0e99965ade0f7cb2f4186060a3d0,125,body-v3.22/sim/we322.log
body-v3.27/sim/we323.log,cde16558d70b04c25b7adf3b0969e050,125,body-v3.23/sim/we323.log
body-v3.27/sim/we324.log,0f6e6d7e6bac13e7e866e1d6d21aedf1,125,body-v3.24/sim/we324.log
body-v3.27/sim/we325.log,68bbf14b07f1c54de9d05de7a759c7c5,121,body-v3.25/sim/we325.log
body-v3.27/sim/we326.log,827d83d724450dd20afb6b3a6dc20582,126,body-v3.26/sim/we326.log
body-v3.27/sim/we327.log,9045dbde47267af8338cbf5fdcb8c865,124,body-v3.27/sim/we327.log
body-v3.27/sim/wee317.log,7656cb072a79947613d2fb1b6f43d853,127,body-v3.17/sim/wee317.log
body-v3.27/sim/wee318.log,5190b6cd46b96e2cbaf59dc74937c829,127,body-v3.18/sim/wee318.log
body-v3.27/sim/wee319.log,e1617f52cb38131115c93a6a9b087131,129,body-v3.19/sim/wee319.log
body-v3.27/sim/wee320.log,1ef65b3d0c0e312f23a72c1397253066,128,body-v3.20/sim/wee320.log
body-v3.27/sim/wee322.log,70e4d67b26be70fc24d55061a7dfccb9,128,body-v3.22/sim/wee322.log
body-v3.27/sim/wee323.log,4266b6265524378564c2dc06c5dd19b1,128,body-v3.23/sim/wee323.log
body-v3.27/sim/wee324.log,c8d8924e457d570fa7dab2bae59f97e0,128,body-v3.24/sim/wee324.log
body-v3.27/sim/wee325.log,bde6846c08458aad761a999bf230f4d2,128,body-v3.25/sim/wee325.log
body-v3.27/sim/wee326.log,cd8f1464bd4109de2dd38f52a38a2d56,128,body-v3.26/sim/wee326.log
body-v3.27/sim/wee327.log,a10d176937225b58c7883fe58adc8501,128,body-v3.27/sim/wee327.log
body-v3.27/sim/wr317.log,7aabad450d8fee0e5cf88845890bc832,549,body-v3.17/sim/wr317.log
body-v3.27/sim/wr318.log,7e3296c6912b1ea3665e1eecf625a1fa,550,body-v3.18/sim/wr318.log
body-v3.27/sim/wr319.log,ec71d90097784f9358b910a600739de9,546,body-v3.19/sim/wr319.log
body-v3.27/sim/wr321.log,9c5746707350699dfcddcafbe5fa9862,556,body-v3.21/sim/wr321.log
body-v3.27/sim/wr321b.log,6f26a7b15ab047e6ae1b24ac2760b222,549,body-v3.21/sim/wr321b.log
body-v3.27/sim/wr322.log,b5f9a4d5217cff369faf1c7aad137242,539,body-v3.22/sim/wr322.log
body-v3.27/sim/wr325.log,fadc71913b836e043acf136ed234e37e,543,body-v3.25/sim/wr325.log
body-v3.27/sim/wr325b.log,ac252fa78c414c08bc6bd915c72c1023,546,body-v3.25/sim/wr325b.log
body-v3.27/sim/wre319.log,5dc35f4200037d2feeaab949c4f83421,548,body-v3.19/sim/wre319.log
body-v3.27/sim/wre319b.log,27e94bc650d92537dfcb31ffd6dabc89,549,body-v3.19/sim/wre319b.log
body-v3.27/sim/wre323.log,13900173b09c52a190bfc13d54fab539,546,body-v3.23/sim/wre323.log
body-v3.27/sim/wre323b.log,e86f9c63be2ec9ad4d431aa2a45d64c1,546,body-v3.23/sim/wre323b.log
body-v3.27/sim/wre323c.log,4e2a1d0c084021ffa7bf77f1d3d00bb6,544,body-v3.23/sim/wre323c.log
body-v3.27/sim/bak327/walk_v3.json,964824afd26ad9c0522d6d7782401523,3037,body-v3.27/sim/bak327/walk_v3.json
body-v3.27/sim/bak327/walk_v3_eff.json,da3a9965c5a1098dfc507e9eb7a6f94f,3047,body-v3.27/sim/walk_v3_eff.json
body-v3.27/sim/bak327/walk_v3_eff_noref.json,ebaa41acfaaef3b24dc77ab83db09f93,3101,body-v3.10/sim/walk_v3_eff_noref.json
body-v3.27/sim/bak327/walk_v3_noref.json,85f5f335181e839cfdc2d627ecca5d32,3095,body-v3.10/sim/walk_v3_noref.json
body-v3.27/sim/bak327/walk_v3_prerefine_v310.json,09d03ddff2a0a115af858a30f0934a7e,3038,body-v3.10/sim/walk_v3_prerefine_v310.json
body-v3.27/sim/bak_pre_refine_v323/walk_v3_eff.json,b2efa2b2ba6f159fc5162672a5423484,3047,body-v3.23/sim/bak_pre_refine_v323/walk_v3_eff.json
body-v3.27/sim/bak_pre_refine_v325/walk_v3.json,d91486a67e40fef0468f5922a172614f,3033,body-v3.25/sim/bak_pre_refine_v325/walk_v3.json
body-v3.27/sim/bak_pre_refine_v325/walk_v3_eff.json,60d2713caf97465e4706ec75bf0e1245,3043,body-v3.25/sim/bak_pre_refine_v325/walk_v3_eff.json
body-v3.27/sim/bak_pre_refine_v325/walk_v3_eff_noref.json,ebaa41acfaaef3b24dc77ab83db09f93,3101,body-v3.10/sim/walk_v3_eff_noref.json
body-v3.27/sim/bak_pre_refine_v325/walk_v3_noref.json,85f5f335181e839cfdc2d627ecca5d32,3095,body-v3.10/sim/walk_v3_noref.json
body-v3.27/sim/bak_pre_refine_v325/walk_v3_prerefine_v310.json,09d03ddff2a0a115af858a30f0934a7e,3038,body-v3.10/sim/walk_v3_prerefine_v310.json
body-v3.27/sim/bak_pre_refine_v325b/walk_v3.json,688eb379af559a5a89ffdd61de0ab178,3035,body-v3.25/sim/bak_pre_refine_v325b/walk_v3.json
body-v3.27/sim/bak_pre_refine_v325b/walk_v3_eff.json,1ab8d66660ab95f06130677b82b97602,3044,body-v3.25/sim/walk_v3_eff.json
body-v3.27/sim/bak_pre_refine_v325b/walk_v3_eff_noref.json,ebaa41acfaaef3b24dc77ab83db09f93,3101,body-v3.10/sim/walk_v3_eff_noref.json
body-v3.27/sim/bak_pre_refine_v325b/walk_v3_noref.json,85f5f335181e839cfdc2d627ecca5d32,3095,body-v3.10/sim/walk_v3_noref.json
body-v3.27/sim/bak_pre_refine_v325b/walk_v3_prerefine_v310.json,09d03ddff2a0a115af858a30f0934a7e,3038,body-v3.10/sim/walk_v3_prerefine_v310.json
body-v3.27/sim/v310_ref/arm_heat_v3.json,07b5df779e4043a927a2b4d6fb21639a,4222,body-v3.10/sim/arm_heat_v3.json
body-v3.27/sim/v310_ref/results_v3.json,2370068638410dd3864dd3c892cd6a3b,7823,body-v3.10/sim/results_v3.json
body-v3.27/sim/v310_ref/walk_v3.json,e9d78c042a9e739225f3023ca5bd64dd,3038,body-v3.10/sim/walk_v3.json
body-v3.27/sim/v310_ref/walk_v3_eff.json,1e744e11cd7023f86b9f07eff160bb5d,3038,body-v3.10/sim/walk_v3_eff.json
body-v3.27/sim/v311_ref/arm_heat_v3.json,07b5df779e4043a927a2b4d6fb21639a,4222,body-v3.10/sim/arm_heat_v3.json
body-v3.27/sim/v311_ref/results_v3.json,859125992a19eb68d7b6dfc8772bce89,7823,body-v3.11/sim/results_v3.json
body-v3.27/sim/v311_ref/walk_v3.json,4af9789103d25cb741517657b5fde163,3031,body-v3.11/sim/walk_v3.json
body-v3.27/sim/v311_ref/walk_v3_eff.json,90de5e2d159d49e1a165ee89674e8272,3049,body-v3.11/sim/walk_v3_eff.json
body-v3.27/sim/v312_ref/arm_heat_v3.json,07b5df779e4043a927a2b4d6fb21639a,4222,body-v3.10/sim/arm_heat_v3.json
body-v3.27/sim/v312_ref/results_v3.json,5424004f332c0e8e99cd9a8ec70d033e,7823,body-v3.12/sim/results_v3.json
body-v3.27/sim/v312_ref/walk_v3.json,6813456c6d543b75d9ce3378cc7ec76d,3035,body-v3.12/sim/walk_v3.json
body-v3.27/sim/v312_ref/walk_v3_eff.json,da1bc95efaa4f87cffc8d4173df08fb6,3048,body-v3.12/sim/walk_v3_eff.json
body-v3.27/sim/v314_ref/arm_heat_v3.json,07b5df779e4043a927a2b4d6fb21639a,4222,body-v3.10/sim/arm_heat_v3.json
body-v3.27/sim/v314_ref/results_v3.json,5ff19fd27ab58cd5229b75f149e29603,7823,body-v3.14/sim/results_v3.json
body-v3.27/sim/v314_ref/walk_v3.json,1e30876edb5e0bee39df59123740079d,3036,body-v3.14/sim/walk_v3.json
body-v3.27/sim/v314_ref/walk_v3_eff.json,c116a8d3fe477f01a98b8bb54dabfa7f,3045,body-v3.14/sim/walk_v3_eff.json
body-v3.27/sim/v315_ref/arm_heat_v3.json,07b5df779e4043a927a2b4d6fb21639a,4222,body-v3.10/sim/arm_heat_v3.json
body-v3.27/sim/v315_ref/results_v3.json,b313775a19af5f0e29ea8d9ae9575fe6,7822,body-v3.15/sim/results_v3.json
body-v3.27/sim/v315_ref/walk_v3.json,c985f9e94b78a0fe370d07b3b066741c,3031,body-v3.15/sim/walk_v3.json
body-v3.27/sim/v315_ref/walk_v3_eff.json,ffd36628ae1263713261beaf6e10d638,3039,body-v3.15/sim/walk_v3_eff.json
body-v3.27/sim/v316_ref/arm_heat_v3.json,07b5df779e4043a927a2b4d6fb21639a,4222,body-v3.10/sim/arm_heat_v3.json
body-v3.27/sim/v316_ref/results_v3.json,24e44ae5ede579cf27e9c59f3e91a5de,7775,body-v3.16/sim/results_v3.json
body-v3.27/sim/v316_ref/walk_v3.json,204d18347ae73d7c7dea42312c01ae3f,3036,body-v3.16/sim/walk_v3.json
body-v3.27/sim/v316_ref/walk_v3_eff.json,fbf1db72d2d067b3cd3d9ac1219e6d20,3040,body-v3.16/sim/walk_v3_eff.json
body-v3.27/sim/v317_ref/arm_heat_v3.json,07b5df779e4043a927a2b4d6fb21639a,4222,body-v3.10/sim/arm_heat_v3.json
body-v3.27/sim/v317_ref/results_v3.json,935d6addfe550f20e12c8b793636fe96,7778,body-v3.17/sim/results_v3.json
body-v3.27/sim/v317_ref/walk_v3.json,0514cc614c854751602a29fa12e9d12f,3035,body-v3.17/sim/walk_v3.json
body-v3.27/sim/v317_ref/walk_v3_eff.json,bf910ab795ecc5688ba847d99747c920,3035,body-v3.17/sim/walk_v3_eff.json
body-v3.27/sim/v318_ref/arm_heat_v3.json,07b5df779e4043a927a2b4d6fb21639a,4222,body-v3.10/sim/arm_heat_v3.json
body-v3.27/sim/v318_ref/results_v3.json,b574dd55b92c2a33487ba4df1b2c8382,7730,body-v3.18/sim/results_v3.json
body-v3.27/sim/v318_ref/walk_v3.json,33e5b5229a31a9aab20310892ef2c5a7,3033,body-v3.18/sim/walk_v3.json
body-v3.27/sim/v318_ref/walk_v3_eff.json,b7f747d38a4ab2f7f6855d9d19724dda,3041,body-v3.18/sim/walk_v3_eff.json
body-v3.27/sim/v319_ref/arm_heat_v3.json,07b5df779e4043a927a2b4d6fb21639a,4222,body-v3.10/sim/arm_heat_v3.json
body-v3.27/sim/v319_ref/results_v3.json,b6381dfeaa6b0f3c7fda067dc519bbf6,7719,body-v3.19/sim/results_v3.json
body-v3.27/sim/v319_ref/walk_v3.json,2befac91b8fb900a116412d9eb360ef1,3040,body-v3.19/sim/walk_v3.json
body-v3.27/sim/v319_ref/walk_v3_eff.json,958b7e2ebedc49ce3e3f984ed44e4648,3043,body-v3.19/sim/walk_v3_eff.json
body-v3.27/sim/v31_ref/arm_heat_v3.json,2126fcc62fd7d3c396dcb7770419204a,4220,body-v3.1/sim/arm_heat_v3.json
body-v3.27/sim/v31_ref/mass_report_v3.json,b22177cef249a8bc99fcb2f57bb05878,12902,body-v3.1/sim/mass_report_v3.json
body-v3.27/sim/v31_ref/results_v3.json,510d1456468455e8152b440555672307,8029,body-v3.1/sim/results_v3.json
body-v3.27/sim/v31_ref/walk_v3.json,21a198ab40b540b4e3398bd7bdd66988,3094,body-v3.1/sim/walk_v3.json
body-v3.27/sim/v31_ref/walk_v3_eff.json,031ec90a823c37124efb0f9b271545e0,3102,body-v3.1/sim/walk_v3_eff.json
body-v3.27/sim/v320_ref/arm_heat_v3.json,07b5df779e4043a927a2b4d6fb21639a,4222,body-v3.10/sim/arm_heat_v3.json
body-v3.27/sim/v320_ref/results_v3.json,a3f76d9df0efa840ce3eedc394c67c25,7725,body-v3.20/sim/results_v3.json
body-v3.27/sim/v320_ref/walk_v3.json,3c60ae1fab664f989b79e69f90a262b8,3041,body-v3.20/sim/walk_v3.json
body-v3.27/sim/v320_ref/walk_v3_eff.json,03eb5773b7046ab0d35d27298ebcb3a6,3042,body-v3.20/sim/walk_v3_eff.json
body-v3.27/sim/v321_ref/arm_heat_v3.json,07b5df779e4043a927a2b4d6fb21639a,4222,body-v3.10/sim/arm_heat_v3.json
body-v3.27/sim/v321_ref/results_v3.json,9376232a72512e604ebf34cf3b0762df,7731,body-v3.21/sim/results_v3.json
body-v3.27/sim/v321_ref/walk_v3.json,01446e40422c7d46429c72ec2607530b,3036,body-v3.21/sim/walk_v3.json
body-v3.27/sim/v321_ref/walk_v3_eff.json,3ce6d50a38fd9906f253a17dd746cce3,3047,body-v3.21/sim/walk_v3_eff.json
body-v3.27/sim/v322_ref/arm_heat_v3.json,07b5df779e4043a927a2b4d6fb21639a,4222,body-v3.10/sim/arm_heat_v3.json
body-v3.27/sim/v322_ref/results_v3.json,6ad0ee2d5d6d53f8b36744fa2ee3242d,7719,body-v3.22/sim/results_v3.json
body-v3.27/sim/v322_ref/walk_v3.json,7967a3be11fabb980089e5200d649aa6,3033,body-v3.22/sim/walk_v3.json
body-v3.27/sim/v322_ref/walk_v3_eff.json,098c6cd614912b59984aee1711e1acd5,3043,body-v3.22/sim/walk_v3_eff.json
body-v3.27/sim/v323_ref/arm_heat_v3.json,07b5df779e4043a927a2b4d6fb21639a,4222,body-v3.10/sim/arm_heat_v3.json
body-v3.27/sim/v323_ref/results_v3.json,8d437b38b13edee42f6213c5b73acaba,7723,body-v3.23/sim/results_v3.json
body-v3.27/sim/v323_ref/walk_v3.json,5d86ba253d556f0c4e06a6b6a6ee3b16,3035,body-v3.23/sim/walk_v3.json
body-v3.27/sim/v323_ref/walk_v3_eff.json,b809785c839b19be78d9cac4f267cc4a,3044,body-v3.23/sim/walk_v3_eff.json
body-v3.27/sim/v324_ref/arm_heat_v3.json,07b5df779e4043a927a2b4d6fb21639a,4222,body-v3.10/sim/arm_heat_v3.json
body-v3.27/sim/v324_ref/results_v3.json,c2d2ee2856647249a3c0edef466fd442,7733,body-v3.24/sim/results_v3.json
body-v3.27/sim/v324_ref/walk_v3.json,77e520cc6fba6e96027e334d719150a5,3024,body-v3.24/sim/walk_v3.json
body-v3.27/sim/v324_ref/walk_v3_eff.json,2bb82f6d7a4c038ecb38c57e67604e13,3046,body-v3.24/sim/walk_v3_eff.json
body-v3.27/sim/v325_ref/arm_heat_v3.json,07b5df779e4043a927a2b4d6fb21639a,4222,body-v3.10/sim/arm_heat_v3.json
body-v3.27/sim/v325_ref/results_v3.json,b51494e74102af742a56d63696279dba,7727,body-v3.25/sim/results_v3.json
body-v3.27/sim/v325_ref/walk_v3.json,f60a951a4b18058b700a5325219addab,3031,body-v3.25/sim/walk_v3.json
body-v3.27/sim/v325_ref/walk_v3_eff.json,1ab8d66660ab95f06130677b82b97602,3044,body-v3.25/sim/walk_v3_eff.json
body-v3.27/sim/v326_ref/arm_heat_v3.json,07b5df779e4043a927a2b4d6fb21639a,4222,body-v3.10/sim/arm_heat_v3.json
body-v3.27/sim/v326_ref/results_v3.json,70359bc6e7e5f934374929b7bfa2db96,7726,body-v3.26/sim/results_v3.json
body-v3.27/sim/v326_ref/walk_v3.json,a1b5d52b0263f38a5d6db909f045829a,3038,body-v3.26/sim/walk_v3.json
body-v3.27/sim/v326_ref/walk_v3_eff.json,84947c78401902a0e0b4f111c92ad675,3046,body-v3.26/sim/walk_v3_eff.json
body-v3.27/sim/v32_ref/arm_heat_v3.json,07b5df779e4043a927a2b4d6fb21639a,4222,body-v3.10/sim/arm_heat_v3.json
body-v3.27/sim/v32_ref/results_v3.json,691b926aea221e63317388971ca903f7,8023,body-v3.10/sim/v32_ref/results_v3.json
body-v3.27/sim/v32_ref/walk_refine_v32.json,0648267fc7b09edeaa65985c0b4db260,157,body-v3.10/sim/v32_ref/walk_refine_v32.json
body-v3.27/sim/v32_ref/walk_v3.json,120423616b57938b7fd7672da7ad00f6,3165,body-v3.10/sim/v32_ref/walk_v3.json
body-v3.27/sim/v32_ref/walk_v3_eff.json,0860666c2fb00c61803ca5cf38d8cf2e,3103,body-v3.10/sim/v32_ref/walk_v3_eff.json
body-v3.27/sim/v33_ref/arm_heat_v3.json,07b5df779e4043a927a2b4d6fb21639a,4222,body-v3.10/sim/arm_heat_v3.json
body-v3.27/sim/v33_ref/results_v3.json,1f5b949f70ea6f2d2ca68c339ea885bb,8028,body-v3.10/sim/v33_ref/results_v3.json
body-v3.27/sim/v33_ref/walk_v3.json,135fd3eba247694b2d0455b05c2b1ed0,3154,body-v3.10/sim/v33_ref/walk_v3.json
body-v3.27/sim/v33_ref/walk_v3_eff.json,07f206d2b718406f84a80514363a0894,3163,body-v3.10/sim/v33_ref/walk_v3_eff.json
body-v3.27/sim/v34_ref/arm_heat_v3.json,07b5df779e4043a927a2b4d6fb21639a,4222,body-v3.10/sim/arm_heat_v3.json
body-v3.27/sim/v34_ref/results_v3.json,daa3ef05a96a0d46bbace841296e31c6,8020,body-v3.10/sim/v34_ref/results_v3.json
body-v3.27/sim/v34_ref/walk_v3.json,7f1ce820d388e0e41ba3dfc2c5faba4a,3155,body-v3.10/sim/v34_ref/walk_v3.json
body-v3.27/sim/v34_ref/walk_v3_eff.json,4ea2b63d0b9eba2faa54ba882cf92f93,3160,body-v3.10/sim/v34_ref/walk_v3_eff.json
body-v3.27/sim/v36_ref/arm_heat_v3.json,07b5df779e4043a927a2b4d6fb21639a,4222,body-v3.10/sim/arm_heat_v3.json
body-v3.27/sim/v36_ref/results_v3.json,6d09c34dcdbeb0ab1721a3015ed869a3,7773,body-v3.10/sim/v36_ref/results_v3.json
body-v3.27/sim/v36_ref/walk_v3.json,38bcf54acd4ca8bbf675993d585329f0,3039,body-v3.10/sim/v36_ref/walk_v3.json
body-v3.27/sim/v36_ref/walk_v3_eff.json,31b8a828b14afc9f5d317ef29cfbe9a9,3042,body-v3.10/sim/v36_ref/walk_v3_eff.json
body-v3.27/sim/v37_ref/arm_heat_v3.json,07b5df779e4043a927a2b4d6fb21639a,4222,body-v3.10/sim/arm_heat_v3.json
body-v3.27/sim/v37_ref/results_v3.json,e28526abee73fc3f1f2ce8a8893f87ae,7780,body-v3.10/sim/v37_ref/results_v3.json
body-v3.27/sim/v37_ref/walk_v3.json,33671a750fd7dce386401bce59f686a8,3032,body-v3.10/sim/v37_ref/walk_v3.json
body-v3.27/sim/v37_ref/walk_v3_eff.json,7be0f1960d01f0a3b80fb0f12f58de19,3043,body-v3.10/sim/v37_ref/walk_v3_eff.json
body-v3.27/sim/v38_ref/arm_heat_v3.json,07b5df779e4043a927a2b4d6fb21639a,4222,body-v3.10/sim/arm_heat_v3.json
body-v3.27/sim/v38_ref/results_v3.json,db7c5b8b22483b4f91eb46d530353928,7824,body-v3.10/sim/v38_ref/results_v3.json
body-v3.27/sim/v38_ref/walk_v3.json,fee45989bdaf3ab94dcabed25b50e7bb,3039,body-v3.10/sim/v38_ref/walk_v3.json
body-v3.27/sim/v38_ref/walk_v3_eff.json,228f2964c6705f80ebc7366edb2f0317,3043,body-v3.10/sim/v38_ref/walk_v3_eff.json
body-v3.27/sim/v39_ref/arm_heat_v3.json,07b5df779e4043a927a2b4d6fb21639a,4222,body-v3.10/sim/arm_heat_v3.json
body-v3.27/sim/v39_ref/results_v3.json,6603ecb5509ca86206a169ce15811895,7824,body-v3.10/sim/v39_ref/results_v3.json
body-v3.27/sim/v39_ref/walk_v3.json,8fc65df0a06c89e667c1c6d739d66c3c,3033,body-v3.10/sim/v39_ref/walk_v3.json
body-v3.27/sim/v39_ref/walk_v3_eff.json,79767a0ef34301f4d5f02ac4e2c255bf,3042,body-v3.10/sim/v39_ref/walk_v3_eff.json
body-v3.27/sim/v3_ref/arm_heat_v3.json,24f0f1621b09d575497b233327d5af34,4223,body-v3/sim/arm_heat_v3.json
body-v3.27/sim/v3_ref/results_v3.json,e91a5d8c46c37b6547966407c5d77848,8025,body-v3/sim/results_v3.json
body-v3.27/sim/v3_ref/walk_v3.json,f6dfc33626937c34a72b551e33684da3,3337,body-v3/sim/walk_v3.json
body-v3.27/sim/v3_ref/walk_v3_eff.json,394deba9fbf961cf5d88aae40d78c2e6,3347,body-v3/sim/walk_v3_eff.json
body-v3.27r/README.md,65c2e177b5412a5e63ba38b5190edbde,6101,body-v3.10/README.md
body-v3.27r/README_v3.md,d5dfb182350ce2de808eda08cc549acc,8398,body-v3/README.md
body-v3.27r/README_v31.md,62cf5740b1281b505a1e2bb98d536030,8478,body-v3.1/README.md
body-v3.27r/README_v310.md,8da2f237ff36b44d0add847660514f13,3734,body-v3.10/README_v310.md
body-v3.27r/README_v311.md,00e8e1e244dfd4deb11e26e2ae98012f,4189,body-v3.11/README_v311.md
body-v3.27r/README_v312.md,1661c05da47e75ae5678be1a9513648e,4010,body-v3.12/README_v312.md
body-v3.27r/README_v313.md,60beb427e39b3057b625d7c402153ecd,3338,body-v3.13/README_v313.md
body-v3.27r/README_v314.md,c06f881a9d452d57268625b05f4b8850,3978,body-v3.14/README_v314.md
body-v3.27r/README_v315.md,e6dcd0fd62eb3f59d02bf840e1d59599,2771,body-v3.15/README_v315.md
body-v3.27r/README_v316.md,af2d2b48ebd64516bfe0f1dd61b28da7,6517,body-v3.16/README_v316.md
body-v3.27r/README_v317.md,08d1cd9d822124621f017e9b62a01692,4494,body-v3.17/README_v317.md
body-v3.27r/README_v318.md,0af4e594f70c70c582978e26dba2fd10,4575,body-v3.18/README_v318.md
body-v3.27r/README_v319.md,9cab512e2cc660ed2cc713091882f107,5665,body-v3.19/README_v319.md
body-v3.27r/README_v32.md,36d5079dfd7d10c4ca271706c936cf5a,12057,body-v3.10/README_v32.md
body-v3.27r/README_v320.md,1bd93ec87a4a978fead0c396fc582328,2026,body-v3.20/README_v320.md
body-v3.27r/README_v321.md,940bbfbf636a75d9a05673bb9bf46acc,2892,body-v3.21/README_v321.md
body-v3.27r/README_v322.md,d0144fa82487f3971e9f5466b74ae3bc,2977,body-v3.22/README_v322.md
body-v3.27r/README_v327.md,e6df1f7c2a18fc814112b19b30916e1a,3302,body-v3.27/README_v327.md
body-v3.27r/README_v33.md,6752bb01dae32e530a285e330f4d5770,5164,body-v3.10/README_v33.md
body-v3.27r/README_v34.md,b512057a38e8cd7dd3ee07219c058e51,2623,body-v3.10/README_v34.md
body-v3.27r/README_v35.md,7d8c481c42edc18f57b68b7bcea44345,2418,body-v3.10/README_v35.md
body-v3.27r/README_v36.md,756af93fbf80b2ee9e5fee1458509d98,2438,body-v3.10/README_v36.md
body-v3.27r/README_v38.md,ed0092856c928668efe6274c4752d7c2,4651,body-v3.10/README_v38.md
body-v3.27r/README_v39.md,93f974e23db0965ce50120ba22d3dfaf,4818,body-v3.10/README_v39.md
body-v3.27r/armsweep_v316.json,1f5aeabfa91da235aef6d943587fcf20,232,body-v3.16/armsweep_v316.json
body-v3.27r/armsweep_v317.json,64745441dcb259065e67e21ae09ffab6,1203,body-v3.17/armsweep_v317.json
body-v3.27r/armsweep_v318.json,5ae60717248b7264e1f67c1252ce79a5,1198,body-v3.18/armsweep_v318.json
body-v3.27r/armsweep_v319.json,8c6d5a5f572ff5fabd1bbab9856ddf11,1230,body-v3.19/armsweep_v319.json
body-v3.27r/armsweep_v320.json,9cf76322dae0716251c9d43d851284dd,992,body-v3.20/armsweep_v320.json
body-v3.27r/armsweep_v321.json,185ddf1d621c09dea5d35968652520a9,790,body-v3.21/armsweep_v321.json
body-v3.27r/armsweep_v322.json,1c2b3fd30dfdab42e8c6f9655d7801af,990,body-v3.22/armsweep_v322.json
body-v3.27r/armsweep_v323_on_this.json,cc1d45898859189c26dfa9af89931450,1090,body-v3.23/armsweep_v323_on_this.json
body-v3.27r/armsweep_v324.json,da76ca344a4ed4b0207c31572c35376a,990,body-v3.24/armsweep_v324.json
body-v3.27r/armsweep_v325.json,da76ca344a4ed4b0207c31572c35376a,990,body-v3.24/armsweep_v324.json
body-v3.27r/armsweep_v326.json,da76ca344a4ed4b0207c31572c35376a,990,body-v3.24/armsweep_v324.json
body-v3.27r/armsweep_v327_on_this.json,da76ca344a4ed4b0207c31572c35376a,990,body-v3.24/armsweep_v324.json
body-v3.27r/armsweep_v328_on_this.json,c9e4b2620f8ab6362e2f652e402cf80c,990,body-v3.27r/armsweep_v328_on_this.json
body-v3.27r/bom_v35.md,54e414cced6d75762caa12cba76d0d40,1012,body-v3.10/bom_v35.md
body-v3.27r/build_report.json,3c08239c078593b51d293cace8ec1a27,19929,body-v3.10/build_report.json
body-v3.27r/changed_parts_v36_to_v37.json,a9a41d7c46a2ad62fed49408f90e4b29,1338,body-v3.10/changed_parts_v36_to_v37.json
body-v3.27r/changed_parts_v37_to_v38.json,49ae233dc0c85f386397a6f0a52f4f9a,6172,body-v3.10/changed_parts_v37_to_v38.json
body-v3.27r/changed_parts_v38_to_v39.json,d3cd5cdf0f50ea6407e39f2225cef809,6381,body-v3.10/changed_parts_v38_to_v39.json
body-v3.27r/collide_head_v310.json,e25c6464886e09f567ee551e6f338f74,2142,body-v3.10/collide_head_v310.json
body-v3.27r/collide_head_v311.json,e25c6464886e09f567ee551e6f338f74,2142,body-v3.10/collide_head_v310.json
body-v3.27r/collide_head_v312.json,e25c6464886e09f567ee551e6f338f74,2142,body-v3.10/collide_head_v310.json
body-v3.27r/collide_head_v312_baseline_for_v313.json,9b4637517f3bf949c5067330e618d235,10236,body-v3.13/collide_head_v312_baseline_for_v313.json
body-v3.27r/collide_head_v313.json,b49557fdb2e92668b038eff5c1f559b2,10094,body-v3.13/collide_head_v313.json
body-v3.27r/collide_head_v314.json,84a15622992a6302ff45de44e07548b2,10324,body-v3.14/collide_head_v314.json
body-v3.27r/collide_head_v315.json,3abfd60515fd19ab49ad5e9844607e08,9549,body-v3.15/collide_head_v315.json
body-v3.27r/collide_log_v38.txt,9401ea726b306a56955aecbaf3d6525e,4281,body-v3.10/collide_log_v38.txt
body-v3.27r/collide_log_v39.txt,9401ea726b306a56955aecbaf3d6525e,4281,body-v3.10/collide_log_v38.txt
body-v3.27r/collide_report.json,e6ddd4078834a837f9559a91643465bb,20690,body-v3.10/collide_report.json
body-v3.27r/collide_v31_rule_check.json,2cfb89f60ed078067a5b0d563369f90c,129,body-v3.1/collide_v31_rule_check.json
body-v3.27r/collide_v32_rule_check.json,005b67a629f7dd1569344a87c0e8df7b,164,body-v3.10/collide_v32_rule_check.json
body-v3.27r/crest_valley_v321.json,3f672f077ad7c227637940c3147cf8b7,1542,body-v3.21/crest_valley_v321.json
body-v3.27r/crest_valley_v322.json,ace9cd2fe2155ae48ab8593e69f98b44,1392,body-v3.22/crest_valley_v322.json
body-v3.27r/fit_v314.json,f8aae41806d01c56389950094ea546d5,320,body-v3.14/fit_v314.json
body-v3.27r/grain_report_v37.json,90baa79c2dca2fa3440e1a94e8089b04,1961,body-v3.27r/grain_report_v37.json
body-v3.27r/hair_print_report_v313.json,860be9dcc14d271703ad67c23017d1dc,2832,body-v3.13/hair_print_report_v313.json
body-v3.27r/hair_print_report_v314.json,a9210bb284841958846ddb4167713788,4794,body-v3.14/hair_print_report_v314.json
body-v3.27r/hair_print_report_v315.json,7c5a3f9afea264b52bd3e2841e3c9b82,3652,body-v3.15/hair_print_report_v315.json
body-v3.27r/head_print_report.json,79f615cf398723aa2801b3336ef39415,6972,body-v3.10/head_print_report.json
body-v3.27r/head_print_report_v315.json,2009b6b02676dc6b96c6dd0d5ffded22,5848,body-v3.15/head_print_report_v315.json
body-v3.27r/head_print_report_v316.json,f8e1f5b80ec4e1a19764713305d52d78,3997,body-v3.16/head_print_report_v316.json
body-v3.27r/head_print_report_v317.json,fe0ed67ed9be1c640ebe2961c972f159,3397,body-v3.17/head_print_report_v317.json
body-v3.27r/head_print_report_v318.json,0c4af57a9b076781b75f49f381e6e2db,3274,body-v3.18/head_print_report_v318.json
body-v3.27r/head_print_report_v319.json,19394cee936c19e67eee4e7b4a8bc97a,3164,body-v3.19/head_print_report_v319.json
body-v3.27r/head_print_report_v320.json,fc1afe8bee3905b206b2b7456cbb73c3,3165,body-v3.20/head_print_report_v320.json
body-v3.27r/head_print_report_v321.json,45ab6961dd3d64dcc06d9b6925a8d9be,3290,body-v3.21/head_print_report_v321.json
body-v3.27r/head_print_report_v322.json,40a054a1a377cb70088eb61b6ed08ea3,3312,body-v3.22/head_print_report_v322.json
body-v3.27r/head_print_report_v323.json,3e2871c80dabcd440fcd72c46185e909,3244,body-v3.23/head_print_report_v323.json
body-v3.27r/head_print_report_v324.json,8783d5355568fb44b8e83f285cdfbbc4,3406,body-v3.24/head_print_report_v324.json
body-v3.27r/head_print_report_v325.json,c713d2096a945d0a6e12eb087fb47bba,3244,body-v3.25/head_print_report_v325.json
body-v3.27r/head_print_report_v326.json,cae2e2ff4b71336f3e7bbcfb520aaedc,3227,body-v3.26/head_print_report_v326.json
body-v3.27r/head_print_report_v327.json,665ee54eb8db38c3e0340c13658f1432,3239,body-v3.27/head_print_report_v327.json
body-v3.27r/head_print_report_v36.json,d33da0d7f147f0bd784709823ca6e9ae,7037,body-v3.10/head_print_report_v36.json
body-v3.27r/head_print_report_v37.json,4e0e79baf232a56165080655c08ae618,7733,body-v3.10/head_print_report_v37.json
body-v3.27r/head_print_report_v38.json,5d6e16e5fb2414e0bbfca34176d0c3f5,7735,body-v3.10/head_print_report_v38.json
body-v3.27r/head_print_report_v39.json,ba2c678786c8b3f4cd8feca3787e75dd,7781,body-v3.10/head_print_report_v39.json
body-v3.27r/head_size_v36.json,04f54b55f682598962ff3481a5aba85f,717,body-v3.10/head_size_v36.json
body-v3.27r/headrange_v320.json,4d62c8eed17cabb04608f6e91debbee5,916,body-v3.20/headrange_v320.json
body-v3.27r/headrange_v320_on_this.json,b9fe8256ffd68a2408ef23be092d1a18,913,body-v3.27r/headrange_v320_on_this.json
body-v3.27r/kilt_check_v316.json,799d097cf52f2f781aee6f772478ae4c,2826,body-v3.16/kilt_check_v316.json
body-v3.27r/kilt_check_v316_final_gaits.json,430d99554b945ffe97d090947af9ac02,346,body-v3.16/kilt_check_v316_final_gaits.json
body-v3.27r/kilt_print_report_v316.json,7df362561b2ccfefc2eccfe6ae1b03f8,1855,body-v3.16/kilt_print_report_v316.json
body-v3.27r/lock_table_v319.md,e055209e989f675cd40a57a2cc4250fc,2047,body-v3.19/lock_table_v319.md
body-v3.27r/print_note_hair_v313.md,1e35268b4a671737e912d031e769524e,1665,body-v3.13/print_note_hair_v313.md
body-v3.27r/print_note_hair_v314.md,d703f5636f9c988f749d1147171e51e9,2397,body-v3.14/print_note_hair_v314.md
body-v3.27r/print_note_hair_v315.md,6a889c9eb945efe71cbd55e83070b248,2211,body-v3.15/print_note_hair_v315.md
body-v3.27r/print_note_head_v315.md,b00ab61a458365b15abc38025eeb9024,3040,body-v3.15/print_note_head_v315.md
body-v3.27r/print_note_head_v316.md,a4f5d5bc7d9d8ed629a2d852a4c13a00,2664,body-v3.16/print_note_head_v316.md
body-v3.27r/print_note_head_v317.md,4688ae5478c06dc314ccd47e767dad95,2703,body-v3.17/print_note_head_v317.md
body-v3.27r/print_note_head_v318.md,84654fd7ff87f728f90ca899ef84a8e0,2674,body-v3.18/print_note_head_v318.md
body-v3.27r/print_note_head_v319.md,d0467f682f653a81efa0dfad57f3b62c,2611,body-v3.19/print_note_head_v319.md
body-v3.27r/print_note_head_v320.md,fb8d40d0d708aecb53cdaab4c505c66a,2785,body-v3.20/print_note_head_v320.md
body-v3.27r/print_note_head_v321.md,ed4789b2cfaee2d5338d341f14f4290e,3089,body-v3.21/print_note_head_v321.md
body-v3.27r/print_note_head_v322.md,ad4097edd061a164f96d6a5d60ca8ff4,3108,body-v3.22/print_note_head_v322.md
body-v3.27r/print_note_head_v323.md,5bc5d802a84be4fac02ed4256de40358,3214,body-v3.23/print_note_head_v323.md
body-v3.27r/print_note_head_v324.md,aebc8c225ff6c8acad7e87fec2a8d757,3643,body-v3.24/print_note_head_v324.md
body-v3.27r/print_note_head_v325.md,a69acec014ec68e7f6c61b97201d56ef,3371,body-v3.25/print_note_head_v325.md
body-v3.27r/print_note_head_v326.md,477e07d7962413dee16330601d6dcc1a,3698,body-v3.26/print_note_head_v326.md
body-v3.27r/print_note_head_v327.md,a665738361151e0b5fa650a218de34a3,3887,body-v3.27/print_note_head_v327.md
body-v3.27r/print_note_kilt_v316.md,0fdb4004cc378b066f170eedf905c93a,3348,body-v3.16/print_note_kilt_v316.md
body-v3.27r/print_note_snout_v310.md,8c28ce33c8014e2a35235021cfe421d2,1461,body-v3.10/print_note_snout_v310.md
body-v3.27r/print_note_snout_v311.md,9e46a723542d0793ff9f75be43a9b93f,2029,body-v3.11/print_note_snout_v311.md
body-v3.27r/print_note_snout_v312.md,c45bac8778b151145198787bdf6e0062,1827,body-v3.12/print_note_snout_v312.md
body-v3.27r/print_sheet_body_v38.md,face3494b2f0898c92d4de88aa098edc,6733,body-v3.10/print_sheet_body_v38.md
body-v3.27r/print_sheet_head.md,ac0500e69043b84dbd57f7204b995982,3511,body-v3.10/print_sheet_head.md
body-v3.27r/print_sheet_head_v36.md,6ac4c2094ed80fd60fd094d5b6ead7f8,3683,body-v3.10/print_sheet_head_v36.md
body-v3.27r/print_sheet_head_v37.md,e9fbab93227e450a8c099f93fd6ea65b,5234,body-v3.10/print_sheet_head_v37.md
body-v3.27r/print_sheet_head_v38.md,1bd44b955d22ea2e13d00bf05d107d31,5698,body-v3.10/print_sheet_head_v38.md
body-v3.27r/print_sheet_head_v39.md,be1e14d15b9f562fb02da2a9853dbef9,5766,body-v3.10/print_sheet_head_v39.md
body-v3.27r/servo_choice.md,316473d63f90ad6a5649462db90ee4c3,7062,body-v3.1/servo_choice.md
body-v3.27r/snout_print_report_v310.json,4bf50103ac3941a34a8e642e795d6244,1079,body-v3.10/snout_print_report_v310.json
body-v3.27r/snout_print_report_v311.json,3a2a461ef0f6fd92fab4a720d1521a76,1010,body-v3.11/snout_print_report_v311.json
body-v3.27r/snout_print_report_v312.json,777e230a1c3e92c7a47d5c5b7220e6ad,918,body-v3.12/snout_print_report_v312.json
body-v3.27r/torso_env_v34.json,bda31ea296b814d3685d260d29f3e20f,36249,body-v3.10/torso_env_v34.json
body-v3.27r/torso_env_v36.json,8b9d02fce005d442335cfb062533af58,54421,body-v3.10/torso_env_v36.json
body-v3.27r/torso_env_v38.json,687e14f2e4e89bf21a99087d015075c6,54455,body-v3.10/torso_env_v38.json
body-v3.27r/wall_v316_wig_ref.json,da76d2f347b1e63a64657da82a9b63a9,229,body-v3.17/wall_v316_wig_ref.json
body-v3.27r/wall_v317.json,9a56d2bc81b85bf45a7a5b2ef12f0c2b,227,body-v3.17/wall_v317.json
body-v3.27r/wall_v318.json,8a58771e7725eb91575b2ee5d5f624b9,226,body-v3.18/wall_v318.json
body-v3.27r/wall_v319.json,157779f9e5124b4b3dbd7b14b49fd287,226,body-v3.19/wall_v319.json
body-v3.27r/wall_v320.json,5dec19b66934cea85dd96c36a283b115,226,body-v3.20/wall_v320.json
body-v3.27r/wall_v321.json,a493b5556d52663136969869fdd431dd,228,body-v3.21/wall_v321.json
body-v3.27r/wall_v322.json,2aaf6d528fc179661a6ddb5b08e5efa4,222,body-v3.22/wall_v322.json
body-v3.27r/wall_v323.json,3dffa10c6b233c74f3061a182e64b2d7,225,body-v3.23/wall_v323.json
body-v3.27r/wall_v324.json,c231902a905aea6ab387914d89fe37c4,225,body-v3.24/wall_v324.json
body-v3.27r/wall_v325.json,34efe9e675f226588484db0a70b003d4,226,body-v3.25/wall_v325.json
body-v3.27r/wall_v326.json,a07b691b862a6e387d5e757473dc4e85,212,body-v3.26/wall_v326.json
body-v3.27r/wall_v327.json,6cc940c809060fd54ed3160cef584ef6,226,body-v3.27/wall_v327.json
body-v3.27r/measure/photo_measure.json,5832cf5aab493edae31cd598e050fc53,2746,body-v3/measure/photo_measure.json
body-v3.27r/measure/snout_taper_v312.json,36dde250b844c6de6e65956251b874de,1330,body-v3.12/measure/snout_taper_v312.json
body-v3.27r/measure/targets.json,7b665a9c4ecd33771be6d5312f1cfcdb,5282,body-v3/measure/targets.json
body-v3.27r/measure/v31_measure.json,7770567faa6c6ee5ce5e18b1da51c474,1121,body-v3.1/measure/v31_measure.json
body-v3.27r/measure/v32_measure.json,852640a3181a17ea81aee224e86ac5f7,979,body-v3.10/measure/v32_measure.json
body-v3.27r/measure/v32_neck_scale.json,14486360543aa63b349b95440d1f1729,914,body-v3.10/measure/v32_neck_scale.json
body-v3.27r/measure/v33_head_size.json,fc2bb9834c1e56d00aff074751409e63,968,body-v3.10/measure/v33_head_size.json
body-v3.27r/measure/v33_head_size_overlay.json,f59662c96f18842e63e50af4d4cb1315,567,body-v3.10/measure/v33_head_size_overlay.json
body-v3.27r/measure/v33_neck_scale.json,e40e7e3d179e145a736191fd39b80f52,368,body-v3.10/measure/v33_neck_scale.json
body-v3.27r/measure319/iou_A.json,b3155955a510a356d68ea43593b1fed0,795,body-v3.26/measure319/iou_A.json
body-v3.27r/measure319/iou_A1.json,edba57704027f3f4b4c1ec2224d0e063,798,body-v3.27/measure319/iou_A1.json
body-v3.27r/measure319/iou_A2.json,1c76efa9a8547a55517143c51172175a,797,body-v3.27/measure319/iou_A2.json
body-v3.27r/measure319/iou_B.json,99837d60d6645b6eac1d1e2f94528244,801,body-v3.26/measure319/iou_B.json
body-v3.27r/measure319/iou_B1.json,074a246c1bcfe7bf8f79f7492b3849e7,799,body-v3.27/measure319/iou_B1.json
body-v3.27r/measure319/iou_B2.json,3f60caca17629ba51f7ad2018c7d9f42,801,body-v3.27/measure319/iou_B2.json
body-v3.27r/measure319/iou_B3.json,7ceee17566fb09bcca043ba16ac4e488,801,body-v3.27/measure319/iou_B3.json
body-v3.27r/measure319/iou_B4.json,a59ea9a26b61ed4cbb0a96ef3a20489c,799,body-v3.27/measure319/iou_B4.json
body-v3.27r/measure319/iou_B5.json,70d2be5970baf2c4043070e85ec5e013,801,body-v3.27/measure319/iou_B5.json
body-v3.27r/measure319/iou_B6.json,4c358bfd23416862e67bd6fb351bbfec,800,body-v3.27/measure319/iou_B6.json
body-v3.27r/measure319/iou_C.json,faeb5a2f55655ae8e74bd209be8af10b,800,body-v3.26/measure319/iou_C.json
body-v3.27r/measure319/iou_C1.json,01d1caf0fc6ac87b50297d9d1da454a8,798,body-v3.27/measure319/iou_C1.json
body-v3.27r/measure319/iou_C2.json,1ca3ad2b7cf6765e2adc68ae302536db,801,body-v3.27/measure319/iou_C2.json
body-v3.27r/measure319/iou_D.json,da20e8aff026eeb3782f4d8581d6f05b,798,body-v3.26/measure319/iou_D.json
body-v3.27r/measure319/iou_D1.json,54a609eb5fc2d64192e2cc276ec9beeb,801,body-v3.27/measure319/iou_D1.json
body-v3.27r/measure319/iou_D2.json,a68e3e72bc9321adeb0c693685db0894,800,body-v3.27/measure319/iou_D2.json
body-v3.27r/measure319/iou_E.json,f933c46b77b4d4ca123ae2d7a10c4fc6,800,body-v3.26/measure319/iou_E.json
body-v3.27r/measure319/iou_E1.json,ab0bbe1c68e76f934cf688ab927400df,801,body-v3.27/measure319/iou_E1.json
body-v3.27r/measure319/iou_E2.json,61a5ba3130c4f46b54d462a1143c549d,799,body-v3.27/measure319/iou_E2.json
body-v3.27r/measure319/iou_E70.json,eebebab2f2df6c2da90554f95eebb273,799,body-v3.26/measure319/iou_E70.json
body-v3.27r/measure319/iou_E85.json,4f1b17725e1aebfaeb51a873116a654b,797,body-v3.26/measure319/iou_E85.json
body-v3.27r/measure319/iou_F.json,b1270e6d41b7219985614c66cb72416c,801,body-v3.26/measure319/iou_F.json
body-v3.27r/measure319/iou_F1.json,f567b1c09c089260757cd17c92dc8553,800,body-v3.27/measure319/iou_F1.json
body-v3.27r/measure319/iou_F2.json,ce611d5ff11f4db3c431ad031da62fc0,801,body-v3.27/measure319/iou_F2.json
body-v3.27r/measure319/iou_FIN1.json,0e5018d752aaedf09668622b3cefdcb5,801,body-v3.26/measure319/iou_FIN1.json
body-v3.27r/measure319/iou_FIN2.json,483031ab1fe24e2dde9427c994364d59,801,body-v3.26/measure319/iou_FIN2.json
body-v3.27r/measure319/iou_G.json,63a3376b5570743733112608d90ebd23,803,body-v3.26/measure319/iou_G.json
body-v3.27r/measure319/iou_G1.json,b6f5fd9da051017859c60ee48e93a11a,798,body-v3.27/measure319/iou_G1.json
body-v3.27r/measure319/iou_G2.json,d5483c566bb1f2a0d073372289a92041,799,body-v3.27/measure319/iou_G2.json
body-v3.27r/measure319/iou_G3.json,46c432c72a7755e7930fd2e5e00d1883,800,body-v3.27/measure319/iou_G3.json
body-v3.27r/measure319/iou_G4.json,bbaf1dc749fbfaa5f11f6a35e7cac5a8,800,body-v3.27/measure319/iou_G4.json
body-v3.27r/measure319/iou_G70.json,f54bcb3466a77fc348011467f0e15cc4,798,body-v3.26/measure319/iou_G70.json
body-v3.27r/measure319/iou_G72.json,df52b4e95f6ec8528b049733ae625247,800,body-v3.26/measure319/iou_G72.json
body-v3.27r/measure319/iou_H.json,1350e5018f57980c040077333daa728b,799,body-v3.26/measure319/iou_H.json
body-v3.27r/measure319/iou_H1.json,b333b7c64b5906679d29dc115a7a7132,800,body-v3.27/measure319/iou_H1.json
body-v3.27r/measure319/iou_H2.json,4b1db403ea1f638eb9399e4491e35b49,800,body-v3.27/measure319/iou_H2.json
body-v3.27r/measure319/iou_H3.json,126ee58ff2edf228252bbb86d53fc15e,798,body-v3.27/measure319/iou_H3.json
body-v3.27r/measure319/iou_H4.json,018d7c6243ccad4567f1a8eea1437b69,800,body-v3.27/measure319/iou_H4.json
body-v3.27r/measure319/iou_H5.json,093e7b3d2f8c1e6cd3b6fc65380c9f33,801,body-v3.27/measure319/iou_H5.json
body-v3.27r/measure319/iou_I.json,ea4add5c0752278e590dcc1c1de82016,801,body-v3.26/measure319/iou_I.json
body-v3.27r/measure319/iou_J.json,9fbbb996d8c97a5a0471024cf055c1c9,797,body-v3.26/measure319/iou_J.json
body-v3.27r/measure319/iou_K.json,73f328373b6c8e1d6053e493a51668c2,800,body-v3.26/measure319/iou_K.json
body-v3.27r/measure319/iou_K2.json,780472a93e7542100cdc035b0a830570,799,body-v3.26/measure319/iou_K2.json
body-v3.27r/measure319/iou_L.json,e72aea4512a346a22112070d6d2226ff,800,body-v3.26/measure319/iou_L.json
body-v3.27r/measure319/iou_M.json,a8f331b975360a2f107c3ad14f02de49,799,body-v3.25/measure319/iou_M.json
body-v3.27r/measure319/iou_M3.json,df116bddc1ddf92f1759e4e157ee3768,800,body-v3.26/measure319/iou_M3.json
body-v3.27r/measure319/iou_N.json,fc741b2a5cccd31cac2c7f7ce88afb9c,800,body-v3.26/measure319/iou_N.json
body-v3.27r/measure319/iou_O.json,5f7fa2f892975d2eb03484a282cf1ef8,801,body-v3.25/measure319/iou_O.json
body-v3.27r/measure319/iou_OLDHAT.json,3879ad4f031ea818abdfd799a3f46c67,800,body-v3.26/measure319/iou_OLDHAT.json
body-v3.27r/measure319/iou_P.json,a9be321e8f79b3c8f69e82e1dd9d6299,799,body-v3.26/measure319/iou_P.json
body-v3.27r/measure319/iou_Q.json,8d5a2a73058b9aae9c41c3dfff03d6aa,799,body-v3.26/measure319/iou_Q.json
body-v3.27r/measure319/iou_R.json,98464f443079957d0548700870ea6646,798,body-v3.25/measure319/iou_R.json
body-v3.27r/measure319/iou_S.json,8ccefb57ab2420453f688eb05f1a0772,800,body-v3.26/measure319/iou_S.json
body-v3.27r/measure319/iou_T.json,26c1633a471422e7401f5ca62c57eaf0,798,body-v3.26/measure319/iou_T.json
body-v3.27r/measure319/iou_U.json,f9ef00c871314a28e451b08f1c2a779c,801,body-v3.26/measure319/iou_U.json
body-v3.27r/measure319/iou_V.json,f06e6cb94383c4b6efafeb33ba8aa9e9,798,body-v3.25/measure319/iou_V.json
body-v3.27r/measure319/iou_V1.json,2ad76e88b01a3c928ab345adf8675cbe,800,body-v3.27r/measure319/iou_V1.json
body-v3.27r/measure319/iou_V2.json,d80007c26553012fdaf89f56fb1bfe02,799,body-v3.27r/measure319/iou_V2.json
body-v3.27r/measure319/iou_V3.json,de62610bcf5f39044dba00fc41b9b0b6,798,body-v3.27r/measure319/iou_V3.json
body-v3.27r/measure319/iou_V4.json,8798125065d0cec8df36c802e45b5662,799,body-v3.27r/measure319/iou_V4.json
body-v3.27r/measure319/iou_V5.json,e086c60d7d3a80a9565e68abaf05d014,798,body-v3.27r/measure319/iou_V5.json
body-v3.27r/measure319/iou_V6.json,3a1fd7358820d0736bf4b5ebc7c9cede,799,body-v3.27r/measure319/iou_V6.json
body-v3.27r/measure319/iou_V7.json,1d86d0cc96450291b866f3cb5b510a48,798,body-v3.27r/measure319/iou_V7.json
body-v3.27r/measure319/iou_W.json,27fc5b75f0766397eac0a3a1b142f148,798,body-v3.25/measure319/iou_W.json
body-v3.27r/measure319/iou_W1.json,6a62909d6b011773cc9a52cadf533385,800,body-v3.26/measure319/iou_W1.json
body-v3.27r/measure319/iou_W2.json,8bd600ec768519ed1fb26427b5f2eb3f,800,body-v3.26/measure319/iou_W2.json
body-v3.27r/measure319/iou_W3.json,4852cdde19716f6b2f8e0da6e4ef3e5d,799,body-v3.26/measure319/iou_W3.json
body-v3.27r/measure319/iou_X.json,b49a09a68124ffbfbdd9bf6249242e2a,801,body-v3.25/measure319/iou_X.json
body-v3.27r/measure319/iou_X1.json,e4c109652955bf03550c5484f3c86837,800,body-v3.26/measure319/iou_X1.json
body-v3.27r/measure319/iou_X2.json,7dd66e1bc0badf9279c543fb13429095,798,body-v3.26/measure319/iou_X2.json
body-v3.27r/measure319/iou_X3.json,4c2e38ee5ebc322066df71edbc238f8b,801,body-v3.26/measure319/iou_X3.json
body-v3.27r/measure319/iou_Y.json,98847a6efb52f6dd8638b6b86d0411a7,800,body-v3.25/measure319/iou_Y.json
body-v3.27r/measure319/iou_Y1.json,5fd747436fd371be87ed77aa4719013c,799,body-v3.26/measure319/iou_Y1.json
body-v3.27r/measure319/iou_Y2.json,9ea387d318f0011f7a8e310262f13ab5,800,body-v3.26/measure319/iou_Y2.json
body-v3.27r/measure319/iou_Y3.json,3aaba828e051f16397aedc937edf8854,800,body-v3.26/measure319/iou_Y3.json
body-v3.27r/measure319/iou_Z.json,e3514b8802426f0b11b38b3e3483b7aa,800,body-v3.26/measure319/iou_Z.json
body-v3.27r/measure319/iou_Z2.json,a694cb9b17cd0b81fc096ba8dea13043,799,body-v3.26/measure319/iou_Z2.json
body-v3.27r/measure319/iou_Za50.json,6062a325da8dc3a0ee47dffa850ac888,798,body-v3.26/measure319/iou_Za50.json
body-v3.27r/measure319/iou_Za54.json,ef459569036ceafb8df6fbcc98da4aea,801,body-v3.26/measure319/iou_Za54.json
body-v3.27r/measure319/iou_Za58.json,1dc4e90c25c1a9216fe5a9b32a6f5c94,800,body-v3.26/measure319/iou_Za58.json
body-v3.27r/measure319/iou_Zs50.json,5774f74c00dcbae423a3bd414b6e8519,800,body-v3.26/measure319/iou_Zs50.json
body-v3.27r/measure319/iou_Zs54.json,55ce4c308faed0bfea0669cfe97f09ff,797,body-v3.26/measure319/iou_Zs54.json
body-v3.27r/measure319/iou_Zs58.json,d9757de40e0b15c753039abce6a3a63f,799,body-v3.26/measure319/iou_Zs58.json
body-v3.27r/measure319/iou_base.json,e3d7226399c0d8a3322e223db6b54210,801,body-v3.24/measure319/iou_v324.json
body-v3.27r/measure319/iou_v318.json,479e9d0e0a858c996d286c9f83753d7f,801,body-v3.19/measure319/iou_v318.json
body-v3.27r/measure319/iou_v319.json,6834cf8c196fae3875b56aec31675659,799,body-v3.19/measure319/iou_v319.json
body-v3.27r/measure319/iou_v320.json,359608708d417279476b7ab6976694cd,801,body-v3.20/measure319/iou_v320.json
body-v3.27r/measure319/iou_v321.json,b9fe0ae29db8389520bb6955d045764e,801,body-v3.21/measure319/iou_v321.json
body-v3.27r/measure319/iou_v322.json,cc10aee573c5504c45e51ca85dd43da1,801,body-v3.22/measure319/iou_v322.json
body-v3.27r/measure319/iou_v323.json,bbe2e688de35efe13bf1d10463fdc8a0,800,body-v3.23/measure319/iou_v323.json
body-v3.27r/measure319/iou_v324.json,e3d7226399c0d8a3322e223db6b54210,801,body-v3.24/measure319/iou_v324.json
body-v3.27r/measure319/iou_v325.json,4195d638e067eb15c193f8ce0f047d83,795,body-v3.25/measure319/iou_Z.json
body-v3.27r/measure319/iou_v326.json,483031ab1fe24e2dde9427c994364d59,801,body-v3.26/measure319/iou_FIN2.json
body-v3.27r/measure319/iou_v326_oldhat.json,e7b0c1c56713dbe0223e9547fae49eba,800,body-v3.26/measure319/iou_v326_oldhat.json
body-v3.27r/measure319/iou_v327.json,dae20c07b5838e61b19f4af7b7fbae11,801,body-v3.27/measure319/iou_v327.json
body-v3.27r/measure319/iou_v327_oldhat.json,03096065c59264a191f65097286b9eb2,797,body-v3.27/measure319/iou_v327_oldhat.json
body-v3.27r/measure319/iou_vA.json,8a0fdb44451e8e02236f704eadde71f2,801,body-v3.23/measure319/iou_vA.json
body-v3.27r/measure319/iou_vB.json,522a6af83873165328ba309d918fe12b,798,body-v3.23/measure319/iou_vB.json
body-v3.27r/measure319/iou_vC.json,1c0d88467bc3a102217bd6c8438b9f23,801,body-v3.23/measure319/iou_vC.json
body-v3.27r/sim/README.md,5a2184fcce272380e8a22600e08816c1,13351,body-v3.10/sim/README.md
body-v3.27r/sim/arm_heat_v2.json,bc311c1775b81c9405219b9bbff5ec13,4223,body-v3/sim/arm_heat_v2.json
body-v3.27r/sim/arm_heat_v3.json,07b5df779e4043a927a2b4d6fb21639a,4222,body-v3.10/sim/arm_heat_v3.json
body-v3.27r/sim/cmp326.log,812b6e52fe80b1bd2be419d9055fd38f,1749,body-v3.26/sim/cmp326.log
body-v3.27r/sim/cmp327.log,7e1f4a899f5e18b0c6b7be4a9d9e3087,1749,body-v3.27/sim/cmp327.log
body-v3.27r/sim/compare_stock_v2_v3.json,0ed3b329d48797a6244eeffa2d5fde08,3805,body-v3/sim/compare_stock_v2_v3.json
body-v3.27r/sim/compare_stock_v2_v3.md,895225c90e71fdfa98f1516ec893a8b1,2949,body-v3/sim/compare_stock_v2_v3.md
body-v3.27r/sim/compare_v311_v312.json,3473272bc00ed7d7bd1011e4668be807,3275,body-v3.12/sim/compare_v311_v312.json
body-v3.27r/sim/compare_v311_v312.md,22edbe199a0bd1aadce75c39aed27780,1921,body-v3.12/sim/compare_v311_v312.md
body-v3.27r/sim/compare_v312_v313.json,5dd49cf449e49debec85c42ab559d377,3276,body-v3.13/sim/compare_v312_v313.json
body-v3.27r/sim/compare_v312_v313.md,b8d569cdec4a0b4d85e633e1fad8d729,1922,body-v3.13/sim/compare_v312_v313.md
body-v3.27r/sim/compare_v313_v314.json,5ee81ca0f77cf165bdf818892ffd6dca,3276,body-v3.14/sim/compare_v313_v314.json
body-v3.27r/sim/compare_v313_v314.md,6283c46bebaa7397b4d96d193bfc9c77,1922,body-v3.14/sim/compare_v313_v314.md
body-v3.27r/sim/compare_v314_v315.json,ae355b8cf1a564bbec7efc7eb413a87a,3275,body-v3.15/sim/compare_v314_v315.json
body-v3.27r/sim/compare_v314_v315.md,5022aaec37e2cbfffaaa0ffda9155353,1921,body-v3.15/sim/compare_v314_v315.md
body-v3.27r/sim/compare_v315_v316.json,05b068e032c61b44a735110dd68d824f,3275,body-v3.16/sim/compare_v315_v316.json
body-v3.27r/sim/compare_v315_v316.md,7f3d98d608546dfa4b151456866195a1,1921,body-v3.16/sim/compare_v315_v316.md
body-v3.27r/sim/compare_v316_v317.json,89fc00addd46ac4183394325d465c0b6,3276,body-v3.17/sim/compare_v316_v317.json
body-v3.27r/sim/compare_v316_v317.md,83688af2bb79fc2348ba36b5274ba16a,1922,body-v3.17/sim/compare_v316_v317.md
body-v3.27r/sim/compare_v317_v318.json,ad0dc738bc0a716df0978250c0782c47,3276,body-v3.18/sim/compare_v317_v318.json
body-v3.27r/sim/compare_v317_v318.md,e48cf4f4e269a3976efa4d3045ee151b,1922,body-v3.18/sim/compare_v317_v318.md
body-v3.27r/sim/compare_v318_v319.json,0e65f3737cf34fa7999880e013a7cd91,3274,body-v3.19/sim/compare_v318_v319.json
body-v3.27r/sim/compare_v318_v319.md,c4243a4bef93963eaf6f9b4f77832ff6,1920,body-v3.19/sim/compare_v318_v319.md
body-v3.27r/sim/compare_v319_v320.json,bab95bb7d04ef783644b5849d6af0ea4,3274,body-v3.20/sim/compare_v319_v320.json
body-v3.27r/sim/compare_v319_v320.md,c75a6c9adff1c572d18b39ed317b99e8,1920,body-v3.20/sim/compare_v319_v320.md
body-v3.27r/sim/compare_v31_v32.json,c51ae2424f05c1ab5562ee15e9b2965f,3254,body-v3.10/sim/compare_v31_v32.json
body-v3.27r/sim/compare_v31_v32.md,644ebfad4fb06dc032148c27094bee2c,1939,body-v3.10/sim/compare_v31_v32.md
body-v3.27r/sim/compare_v320_v321.json,7c5080f5760645a1aef606488f8d7e1c,3275,body-v3.21/sim/compare_v320_v321.json
body-v3.27r/sim/compare_v320_v321.md,46a012e37a610a9fa3786dc1fb72d54b,1921,body-v3.21/sim/compare_v320_v321.md
body-v3.27r/sim/compare_v321_v322.json,6cfba00157bfee31f045cd1f5fb511c4,3275,body-v3.22/sim/compare_v321_v322.json
body-v3.27r/sim/compare_v321_v322.md,612869a9d426091336938b142bd604fc,1921,body-v3.22/sim/compare_v321_v322.md
body-v3.27r/sim/compare_v322_v323.json,4b06bad9663207db1f5e6ae12259e9c4,3275,body-v3.23/sim/compare_v322_v323.json
body-v3.27r/sim/compare_v322_v323.md,c74ddd392bf5f3aaf3d22b57f9397102,1921,body-v3.23/sim/compare_v322_v323.md
body-v3.27r/sim/compare_v323_v324.json,d221b0638f841ab63d8cb1311374ed68,3275,body-v3.24/sim/compare_v323_v324.json
body-v3.27r/sim/compare_v323_v324.md,d5a778e5955913bf22ba75fe34098cb7,1921,body-v3.24/sim/compare_v323_v324.md
body-v3.27r/sim/compare_v324_v325.json,9cfa71e95360471aa3b03b16912dbda5,3275,body-v3.25/sim/compare_v324_v325.json
body-v3.27r/sim/compare_v324_v325.md,d6e821f4ecd9c226804d8a0ba6d7791b,1921,body-v3.25/sim/compare_v324_v325.md
body-v3.27r/sim/compare_v325_v326.json,0a80f1ef16809da5b562f013b9c900d8,3274,body-v3.26/sim/compare_v325_v326.json
body-v3.27r/sim/compare_v325_v326.md,ff4c832007d1d6aec9418dc2a8f9490f,1920,body-v3.26/sim/compare_v325_v326.md
body-v3.27r/sim/compare_v326_v327.json,4bccb3cd68abf258c15026304d5f01d9,3274,body-v3.27/sim/compare_v326_v327.json
body-v3.27r/sim/compare_v326_v327.md,56568f406f4c736d8bb0811f206dbd38,1920,body-v3.27/sim/compare_v326_v327.md
body-v3.27r/sim/compare_v32_v33.json,a6b9c313414ce0741dcde7c80ce064a7,3255,body-v3.10/sim/compare_v32_v33.json
body-v3.27r/sim/compare_v32_v33.md,de11b2bed04349fe3059fe2af1f01f8d,1861,body-v3.10/sim/compare_v32_v33.md
body-v3.27r/sim/compare_v33_v34.json,9970e48ff8444752844c36261fdbc8a7,3255,body-v3.10/sim/compare_v33_v34.json
body-v3.27r/sim/compare_v33_v34.md,1bee2d057cf0af55e9285ae39642e0d4,1861,body-v3.10/sim/compare_v33_v34.md
body-v3.27r/sim/compare_v34_v35.json,15b209ba528bca78169f2c308cc5a0c0,3263,body-v3.10/sim/compare_v34_v35.json
body-v3.27r/sim/compare_v34_v35.md,e7b150ed0f30c20b731c9a2ac12058d0,2289,body-v3.10/sim/compare_v34_v35.md
body-v3.27r/sim/compare_v35_v36.json,91ae3e17f2ce269016d61be082636f3e,3272,body-v3.10/sim/compare_v35_v36.json
body-v3.27r/sim/compare_v35_v36.md,ada8c03eeb0156deaac729f93149e461,2344,body-v3.10/sim/compare_v35_v36.md
body-v3.27r/sim/compare_v36_v37.json,3e11a3460b142718d63652a501df696e,3271,body-v3.10/sim/compare_v36_v37.json
body-v3.27r/sim/compare_v36_v37.md,fda6c06c3d45610df1ba016b41b4ba7b,2405,body-v3.10/sim/compare_v36_v37.md
body-v3.27r/sim/compare_v37_v38.json,1276986b406e998977d666daa157cf71,3272,body-v3.10/sim/compare_v37_v38.json
body-v3.27r/sim/compare_v37_v38.md,f8a800c1b0a12f6fdc9a81f7131ee562,1915,body-v3.10/sim/compare_v37_v38.md
body-v3.27r/sim/compare_v38_v39.json,5a057226cca27472ecf7125a724e8082,3274,body-v3.10/sim/compare_v38_v39.json
body-v3.27r/sim/compare_v38_v39.md,dc30e35f4edbde2136c3daf04fc04bcc,1917,body-v3.10/sim/compare_v38_v39.md
body-v3.27r/sim/compare_v39_v310.json,8d43b630f2580e8ba95a586df3f3d406,3275,body-v3.10/sim/compare_v39_v310.json
body-v3.27r/sim/compare_v39_v310.md,03dd6304ccf2ba5f39991cdadfafd6c8,1921,body-v3.10/sim/compare_v39_v310.md
body-v3.27r/sim/compare_v39_v311.json,bf0d8a9069f17dfd3c90f0ae651cbc80,3274,body-v3.11/sim/compare_v39_v311.json
body-v3.27r/sim/compare_v39_v311.md,504094156e0454adb92ca4e51fd97da2,1920,body-v3.11/sim/compare_v39_v311.md
body-v3.27r/sim/compare_v3_v31.json,7e29f9219c9b23c6c5982ab3a1a89db3,2829,body-v3.1/sim/compare_v3_v31.json
body-v3.27r/sim/compare_v3_v31.md,175081c021dce15c7e987872af0ac43f,1611,body-v3.1/sim/compare_v3_v31.md
body-v3.27r/sim/gen317.log,d1364dfc1ced2a5a433641ee9c86e977,799,body-v3.17/sim/gen317.log
body-v3.27r/sim/gen318.log,4b275951c1b9a0045efd57346cbaa4f8,799,body-v3.18/sim/gen318.log
body-v3.27r/sim/gen319.log,be94467370eae037352b4abf64edbf77,799,body-v3.19/sim/gen319.log
body-v3.27r/sim/gen320.log,01f6e4df684b699877f852a33ff39cd7,799,body-v3.20/sim/gen320.log
body-v3.27r/sim/gen322.log,16510f42780f21957b8d809a3deae052,799,body-v3.22/sim/gen322.log
body-v3.27r/sim/gen323.log,977ac1c0307f32f8ddc6b7ff0863b72d,799,body-v3.23/sim/gen323.log
body-v3.27r/sim/gen324.log,e10c1214fa25ba1ce60615dbd1f3ab48,799,body-v3.24/sim/gen324.log
body-v3.27r/sim/gen325.log,94afa33045734501174c461de48eb293,799,body-v3.25/sim/gen325.log
body-v3.27r/sim/gen326.log,73415211c72e96c9f83433bb9aba1ab9,799,body-v3.26/sim/gen326.log
body-v3.27r/sim/gen327.log,23758c84ecf9dac0de4880000ace5818,798,body-v3.27/sim/gen327.log
body-v3.27r/sim/mass_report_v3.json,1076fad692d4b877d0186061f9253ebe,13478,body-v3.27/sim/mass_report_v3.json
body-v3.27r/sim/plot_compare.png,2457a623d2f320f37f590b6d2c9af28b,58887,body-v3/sim/plot_compare.png
body-v3.27r/sim/ref326.log,63ab64f94ed8ce8ccfee8ff6e1548c17,547,body-v3.26/sim/ref326.log
body-v3.27r/sim/ref326b.log,99ca765cdde6218b39fc0bae14869fbc,547,body-v3.26/sim/ref326b.log
body-v3.27r/sim/ref326c.log,fae58ab07c129a49adf699a87a9c7011,548,body-v3.26/sim/ref326c.log
body-v3.27r/sim/ref327_.log,c2eaf31420a53fe9622670d09a7aa3c4,501,body-v3.27/sim/ref327_.log
body-v3.27r/sim/ref327_33.log,0439d1cbcf82aa3e8205aa137fda57fb,543,body-v3.27/sim/ref327_33.log
body-v3.27r/sim/ref327_7.log,22aa256e97481e686582a6f6b5152747,545,body-v3.27/sim/ref327_7.log
body-v3.27r/sim/results_v3.json,19357f3c943fcbe6e772f28f2c66563f,7722,body-v3.27/sim/results_v3.json
body-v3.27r/sim/results_v3_8pct.json,cb25e47bae840299a65617cae6694f56,7820,body-v3.11/sim/results_v3_8pct.json
body-v3.27r/sim/results_v3_snout10pct.json,103a1aed6577f64926a156f4fcbe8328,7823,body-v3.11/sim/results_v3_snout10pct.json
body-v3.27r/sim/rt317.log,734339dad8e117eede012b875d819072,2997,body-v3.17/sim/rt317.log
body-v3.27r/sim/rt318.log,247bdf8654fc2b7269fc35245609c6e0,2996,body-v3.18/sim/rt318.log
body-v3.27r/sim/rt319.log,324a9b3cec0b51d6489bf0504706f4e2,2991,body-v3.19/sim/rt319.log
body-v3.27r/sim/rt320.log,bfbbed9c401c39dd1f62267c258aa1e3,2994,body-v3.20/sim/rt320.log
body-v3.27r/sim/rt322.log,4056c292613a182c8cc4446cca90f152,2993,body-v3.22/sim/rt322.log
body-v3.27r/sim/rt323.log,a7659744cf7ee25b5132c56a89dc1e79,2995,body-v3.23/sim/rt323.log
body-v3.27r/sim/rt324.log,002359ba599ec119b71e5966331c76dd,2999,body-v3.24/sim/rt324.log
body-v3.27r/sim/rt325.log,fc7ce9706f3dfca4b4952b082de22786,2995,body-v3.25/sim/rt325.log
body-v3.27r/sim/rt326.log,663afd91e26759036882513d308cf915,2995,body-v3.26/sim/rt326.log
body-v3.27r/sim/rt327.log,7b48b3841679c0dd179123dd9e7489b6,2991,body-v3.27/sim/rt327.log
body-v3.27r/sim/sweep319.txt,278100be8b4725996bbdeb59fc299feb,345,body-v3.19/sim/sweep319.txt
body-v3.27r/sim/sweep322.txt,a9369f3a91cf7155248fccd019054a28,593,body-v3.22/sim/sweep322.txt
body-v3.27r/sim/sweep323.txt,70d6d4ea8f1e5c890e96da9a63831f53,535,body-v3.23/sim/sweep323.txt
body-v3.27r/sim/sweep324.txt,cfd4222ae0c7676c3e2007af218ed7f1,734,body-v3.24/sim/sweep324.txt
body-v3.27r/sim/sweep325.txt,3c409c7b0c8bbc7d48bf344950569360,1016,body-v3.25/sim/sweep325.txt
body-v3.27r/sim/sweep325b.txt,b7f771ed43e2784c7cca9755926d5e26,793,body-v3.25/sim/sweep325b.txt
body-v3.27r/sim/sweep326.txt,61017d58f8403ff335f370077ea3a9a7,727,body-v3.26/sim/sweep326.txt
body-v3.27r/sim/sweep327.txt,44eb2703abffb2fea5bd81229318973e,727,body-v3.27/sim/sweep327.txt
body-v3.27r/sim/walk_refine_eff_v32.json,c16511f9d50b2474cee6257db0d85351,157,body-v3.23/sim/walk_refine_eff_v32.json
body-v3.27r/sim/walk_refine_v32.json,3b253aeda52b4392617f6df852890e82,156,body-v3.27/sim/walk_refine_v32.json
body-v3.27r/sim/walk_v3.json,73af163fcbe80e541d505b06e19bebe6,3035,body-v3.27/sim/walk_v3.json
body-v3.27r/sim/walk_v3_eff.json,da3a9965c5a1098dfc507e9eb7a6f94f,3047,body-v3.27/sim/walk_v3_eff.json
body-v3.27r/sim/walk_v3_eff_noref.json,ebaa41acfaaef3b24dc77ab83db09f93,3101,body-v3.10/sim/walk_v3_eff_noref.json
body-v3.27r/sim/walk_v3_noref.json,85f5f335181e839cfdc2d627ecca5d32,3095,body-v3.10/sim/walk_v3_noref.json
body-v3.27r/sim/walk_v3_prerefine_v310.json,09d03ddff2a0a115af858a30f0934a7e,3038,body-v3.10/sim/walk_v3_prerefine_v310.json
body-v3.27r/sim/we317.log,909b74c0ea465803e8271ca953cb24d3,126,body-v3.17/sim/we317.log
body-v3.27r/sim/we318.log,cf4768c1657856fc40fa2c919d66ea86,127,body-v3.18/sim/we318.log
body-v3.27r/sim/we319.log,3f677b2656f761d6d36a48d6fef04cbf,126,body-v3.19/sim/we319.log
body-v3.27r/sim/we320.log,ce08323dee1e373fba90bff4e78c5694,127,body-v3.20/sim/we320.log
body-v3.27r/sim/we321b.log,e45662280140f094d9074850f66b1e0c,127,body-v3.21/sim/we321b.log
body-v3.27r/sim/we322.log,407e0e99965ade0f7cb2f4186060a3d0,125,body-v3.22/sim/we322.log
body-v3.27r/sim/we323.log,cde16558d70b04c25b7adf3b0969e050,125,body-v3.23/sim/we323.log
body-v3.27r/sim/we324.log,0f6e6d7e6bac13e7e866e1d6d21aedf1,125,body-v3.24/sim/we324.log
body-v3.27r/sim/we325.log,68bbf14b07f1c54de9d05de7a759c7c5,121,body-v3.25/sim/we325.log
body-v3.27r/sim/we326.log,827d83d724450dd20afb6b3a6dc20582,126,body-v3.26/sim/we326.log
body-v3.27r/sim/we327.log,9045dbde47267af8338cbf5fdcb8c865,124,body-v3.27/sim/we327.log
body-v3.27r/sim/wee317.log,7656cb072a79947613d2fb1b6f43d853,127,body-v3.17/sim/wee317.log
body-v3.27r/sim/wee318.log,5190b6cd46b96e2cbaf59dc74937c829,127,body-v3.18/sim/wee318.log
body-v3.27r/sim/wee319.log,e1617f52cb38131115c93a6a9b087131,129,body-v3.19/sim/wee319.log
body-v3.27r/sim/wee320.log,1ef65b3d0c0e312f23a72c1397253066,128,body-v3.20/sim/wee320.log
body-v3.27r/sim/wee322.log,70e4d67b26be70fc24d55061a7dfccb9,128,body-v3.22/sim/wee322.log
body-v3.27r/sim/wee323.log,4266b6265524378564c2dc06c5dd19b1,128,body-v3.23/sim/wee323.log
body-v3.27r/sim/wee324.log,c8d8924e457d570fa7dab2bae59f97e0,128,body-v3.24/sim/wee324.log
body-v3.27r/sim/wee325.log,bde6846c08458aad761a999bf230f4d2,128,body-v3.25/sim/wee325.log
body-v3.27r/sim/wee326.log,cd8f1464bd4109de2dd38f52a38a2d56,128,body-v3.26/sim/wee326.log
body-v3.27r/sim/wee327.log,a10d176937225b58c7883fe58adc8501,128,body-v3.27/sim/wee327.log
body-v3.27r/sim/wr317.log,7aabad450d8fee0e5cf88845890bc832,549,body-v3.17/sim/wr317.log
body-v3.27r/sim/wr318.log,7e3296c6912b1ea3665e1eecf625a1fa,550,body-v3.18/sim/wr318.log
body-v3.27r/sim/wr319.log,ec71d90097784f9358b910a600739de9,546,body-v3.19/sim/wr319.log
body-v3.27r/sim/wr321.log,9c5746707350699dfcddcafbe5fa9862,556,body-v3.21/sim/wr321.log
body-v3.27r/sim/wr321b.log,6f26a7b15ab047e6ae1b24ac2760b222,549,body-v3.21/sim/wr321b.log
body-v3.27r/sim/wr322.log,b5f9a4d5217cff369faf1c7aad137242,539,body-v3.22/sim/wr322.log
body-v3.27r/sim/wr325.log,fadc71913b836e043acf136ed234e37e,543,body-v3.25/sim/wr325.log
body-v3.27r/sim/wr325b.log,ac252fa78c414c08bc6bd915c72c1023,546,body-v3.25/sim/wr325b.log
body-v3.27r/sim/wre319.log,5dc35f4200037d2feeaab949c4f83421,548,body-v3.19/sim/wre319.log
body-v3.27r/sim/wre319b.log,27e94bc650d92537dfcb31ffd6dabc89,549,body-v3.19/sim/wre319b.log
body-v3.27r/sim/wre323.log,13900173b09c52a190bfc13d54fab539,546,body-v3.23/sim/wre323.log
body-v3.27r/sim/wre323b.log,e86f9c63be2ec9ad4d431aa2a45d64c1,546,body-v3.23/sim/wre323b.log
body-v3.27r/sim/wre323c.log,4e2a1d0c084021ffa7bf77f1d3d00bb6,544,body-v3.23/sim/wre323c.log
body-v3.27r/sim/bak327/walk_v3.json,964824afd26ad9c0522d6d7782401523,3037,body-v3.27/sim/bak327/walk_v3.json
body-v3.27r/sim/bak327/walk_v3_eff.json,da3a9965c5a1098dfc507e9eb7a6f94f,3047,body-v3.27/sim/walk_v3_eff.json
body-v3.27r/sim/bak327/walk_v3_eff_noref.json,ebaa41acfaaef3b24dc77ab83db09f93,3101,body-v3.10/sim/walk_v3_eff_noref.json
body-v3.27r/sim/bak327/walk_v3_noref.json,85f5f335181e839cfdc2d627ecca5d32,3095,body-v3.10/sim/walk_v3_noref.json
body-v3.27r/sim/bak327/walk_v3_prerefine_v310.json,09d03ddff2a0a115af858a30f0934a7e,3038,body-v3.10/sim/walk_v3_prerefine_v310.json
body-v3.27r/sim/bak_pre_refine_v323/walk_v3_eff.json,b2efa2b2ba6f159fc5162672a5423484,3047,body-v3.23/sim/bak_pre_refine_v323/walk_v3_eff.json
body-v3.27r/sim/bak_pre_refine_v325/walk_v3.json,d91486a67e40fef0468f5922a172614f,3033,body-v3.25/sim/bak_pre_refine_v325/walk_v3.json
body-v3.27r/sim/bak_pre_refine_v325/walk_v3_eff.json,60d2713caf97465e4706ec75bf0e1245,3043,body-v3.25/sim/bak_pre_refine_v325/walk_v3_eff.json
body-v3.27r/sim/bak_pre_refine_v325/walk_v3_eff_noref.json,ebaa41acfaaef3b24dc77ab83db09f93,3101,body-v3.10/sim/walk_v3_eff_noref.json
body-v3.27r/sim/bak_pre_refine_v325/walk_v3_noref.json,85f5f335181e839cfdc2d627ecca5d32,3095,body-v3.10/sim/walk_v3_noref.json
body-v3.27r/sim/bak_pre_refine_v325/walk_v3_prerefine_v310.json,09d03ddff2a0a115af858a30f0934a7e,3038,body-v3.10/sim/walk_v3_prerefine_v310.json
body-v3.27r/sim/bak_pre_refine_v325b/walk_v3.json,688eb379af559a5a89ffdd61de0ab178,3035,body-v3.25/sim/bak_pre_refine_v325b/walk_v3.json
body-v3.27r/sim/bak_pre_refine_v325b/walk_v3_eff.json,1ab8d66660ab95f06130677b82b97602,3044,body-v3.25/sim/walk_v3_eff.json
body-v3.27r/sim/bak_pre_refine_v325b/walk_v3_eff_noref.json,ebaa41acfaaef3b24dc77ab83db09f93,3101,body-v3.10/sim/walk_v3_eff_noref.json
body-v3.27r/sim/bak_pre_refine_v325b/walk_v3_noref.json,85f5f335181e839cfdc2d627ecca5d32,3095,body-v3.10/sim/walk_v3_noref.json
body-v3.27r/sim/bak_pre_refine_v325b/walk_v3_prerefine_v310.json,09d03ddff2a0a115af858a30f0934a7e,3038,body-v3.10/sim/walk_v3_prerefine_v310.json
body-v3.27r/sim/v310_ref/arm_heat_v3.json,07b5df779e4043a927a2b4d6fb21639a,4222,body-v3.10/sim/arm_heat_v3.json
body-v3.27r/sim/v310_ref/results_v3.json,2370068638410dd3864dd3c892cd6a3b,7823,body-v3.10/sim/results_v3.json
body-v3.27r/sim/v310_ref/walk_v3.json,e9d78c042a9e739225f3023ca5bd64dd,3038,body-v3.10/sim/walk_v3.json
body-v3.27r/sim/v310_ref/walk_v3_eff.json,1e744e11cd7023f86b9f07eff160bb5d,3038,body-v3.10/sim/walk_v3_eff.json
body-v3.27r/sim/v311_ref/arm_heat_v3.json,07b5df779e4043a927a2b4d6fb21639a,4222,body-v3.10/sim/arm_heat_v3.json
body-v3.27r/sim/v311_ref/results_v3.json,859125992a19eb68d7b6dfc8772bce89,7823,body-v3.11/sim/results_v3.json
body-v3.27r/sim/v311_ref/walk_v3.json,4af9789103d25cb741517657b5fde163,3031,body-v3.11/sim/walk_v3.json
body-v3.27r/sim/v311_ref/walk_v3_eff.json,90de5e2d159d49e1a165ee89674e8272,3049,body-v3.11/sim/walk_v3_eff.json
body-v3.27r/sim/v312_ref/arm_heat_v3.json,07b5df779e4043a927a2b4d6fb21639a,4222,body-v3.10/sim/arm_heat_v3.json
body-v3.27r/sim/v312_ref/results_v3.json,5424004f332c0e8e99cd9a8ec70d033e,7823,body-v3.12/sim/results_v3.json
body-v3.27r/sim/v312_ref/walk_v3.json,6813456c6d543b75d9ce3378cc7ec76d,3035,body-v3.12/sim/walk_v3.json
body-v3.27r/sim/v312_ref/walk_v3_eff.json,da1bc95efaa4f87cffc8d4173df08fb6,3048,body-v3.12/sim/walk_v3_eff.json
body-v3.27r/sim/v314_ref/arm_heat_v3.json,07b5df779e4043a927a2b4d6fb21639a,4222,body-v3.10/sim/arm_heat_v3.json
body-v3.27r/sim/v314_ref/results_v3.json,5ff19fd27ab58cd5229b75f149e29603,7823,body-v3.14/sim/results_v3.json
body-v3.27r/sim/v314_ref/walk_v3.json,1e30876edb5e0bee39df59123740079d,3036,body-v3.14/sim/walk_v3.json
body-v3.27r/sim/v314_ref/walk_v3_eff.json,c116a8d3fe477f01a98b8bb54dabfa7f,3045,body-v3.14/sim/walk_v3_eff.json
body-v3.27r/sim/v315_ref/arm_heat_v3.json,07b5df779e4043a927a2b4d6fb21639a,4222,body-v3.10/sim/arm_heat_v3.json
body-v3.27r/sim/v315_ref/results_v3.json,b313775a19af5f0e29ea8d9ae9575fe6,7822,body-v3.15/sim/results_v3.json
body-v3.27r/sim/v315_ref/walk_v3.json,c985f9e94b78a0fe370d07b3b066741c,3031,body-v3.15/sim/walk_v3.json
body-v3.27r/sim/v315_ref/walk_v3_eff.json,ffd36628ae1263713261beaf6e10d638,3039,body-v3.15/sim/walk_v3_eff.json
body-v3.27r/sim/v316_ref/arm_heat_v3.json,07b5df779e4043a927a2b4d6fb21639a,4222,body-v3.10/sim/arm_heat_v3.json
body-v3.27r/sim/v316_ref/results_v3.json,24e44ae5ede579cf27e9c59f3e91a5de,7775,body-v3.16/sim/results_v3.json
body-v3.27r/sim/v316_ref/walk_v3.json,204d18347ae73d7c7dea42312c01ae3f,3036,body-v3.16/sim/walk_v3.json
body-v3.27r/sim/v316_ref/walk_v3_eff.json,fbf1db72d2d067b3cd3d9ac1219e6d20,3040,body-v3.16/sim/walk_v3_eff.json
body-v3.27r/sim/v317_ref/arm_heat_v3.json,07b5df779e4043a927a2b4d6fb21639a,4222,body-v3.10/sim/arm_heat_v3.json
body-v3.27r/sim/v317_ref/results_v3.json,935d6addfe550f20e12c8b793636fe96,7778,body-v3.17/sim/results_v3.json
body-v3.27r/sim/v317_ref/walk_v3.json,0514cc614c854751602a29fa12e9d12f,3035,body-v3.17/sim/walk_v3.json
body-v3.27r/sim/v317_ref/walk_v3_eff.json,bf910ab795ecc5688ba847d99747c920,3035,body-v3.17/sim/walk_v3_eff.json
body-v3.27r/sim/v318_ref/arm_heat_v3.json,07b5df779e4043a927a2b4d6fb21639a,4222,body-v3.10/sim/arm_heat_v3.json
body-v3.27r/sim/v318_ref/results_v3.json,b574dd55b92c2a33487ba4df1b2c8382,7730,body-v3.18/sim/results_v3.json
body-v3.27r/sim/v318_ref/walk_v3.json,33e5b5229a31a9aab20310892ef2c5a7,3033,body-v3.18/sim/walk_v3.json
body-v3.27r/sim/v318_ref/walk_v3_eff.json,b7f747d38a4ab2f7f6855d9d19724dda,3041,body-v3.18/sim/walk_v3_eff.json
body-v3.27r/sim/v319_ref/arm_heat_v3.json,07b5df779e4043a927a2b4d6fb21639a,4222,body-v3.10/sim/arm_heat_v3.json
body-v3.27r/sim/v319_ref/results_v3.json,b6381dfeaa6b0f3c7fda067dc519bbf6,7719,body-v3.19/sim/results_v3.json
body-v3.27r/sim/v319_ref/walk_v3.json,2befac91b8fb900a116412d9eb360ef1,3040,body-v3.19/sim/walk_v3.json
body-v3.27r/sim/v319_ref/walk_v3_eff.json,958b7e2ebedc49ce3e3f984ed44e4648,3043,body-v3.19/sim/walk_v3_eff.json
body-v3.27r/sim/v31_ref/arm_heat_v3.json,2126fcc62fd7d3c396dcb7770419204a,4220,body-v3.1/sim/arm_heat_v3.json
body-v3.27r/sim/v31_ref/mass_report_v3.json,b22177cef249a8bc99fcb2f57bb05878,12902,body-v3.1/sim/mass_report_v3.json
body-v3.27r/sim/v31_ref/results_v3.json,510d1456468455e8152b440555672307,8029,body-v3.1/sim/results_v3.json
body-v3.27r/sim/v31_ref/walk_v3.json,21a198ab40b540b4e3398bd7bdd66988,3094,body-v3.1/sim/walk_v3.json
body-v3.27r/sim/v31_ref/walk_v3_eff.json,031ec90a823c37124efb0f9b271545e0,3102,body-v3.1/sim/walk_v3_eff.json
body-v3.27r/sim/v320_ref/arm_heat_v3.json,07b5df779e4043a927a2b4d6fb21639a,4222,body-v3.10/sim/arm_heat_v3.json
body-v3.27r/sim/v320_ref/results_v3.json,a3f76d9df0efa840ce3eedc394c67c25,7725,body-v3.20/sim/results_v3.json
body-v3.27r/sim/v320_ref/walk_v3.json,3c60ae1fab664f989b79e69f90a262b8,3041,body-v3.20/sim/walk_v3.json
body-v3.27r/sim/v320_ref/walk_v3_eff.json,03eb5773b7046ab0d35d27298ebcb3a6,3042,body-v3.20/sim/walk_v3_eff.json
body-v3.27r/sim/v321_ref/arm_heat_v3.json,07b5df779e4043a927a2b4d6fb21639a,4222,body-v3.10/sim/arm_heat_v3.json
body-v3.27r/sim/v321_ref/results_v3.json,9376232a72512e604ebf34cf3b0762df,7731,body-v3.21/sim/results_v3.json
body-v3.27r/sim/v321_ref/walk_v3.json,01446e40422c7d46429c72ec2607530b,3036,body-v3.21/sim/walk_v3.json
body-v3.27r/sim/v321_ref/walk_v3_eff.json,3ce6d50a38fd9906f253a17dd746cce3,3047,body-v3.21/sim/walk_v3_eff.json
body-v3.27r/sim/v322_ref/arm_heat_v3.json,07b5df779e4043a927a2b4d6fb21639a,4222,body-v3.10/sim/arm_heat_v3.json
body-v3.27r/sim/v322_ref/results_v3.json,6ad0ee2d5d6d53f8b36744fa2ee3242d,7719,body-v3.22/sim/results_v3.json
body-v3.27r/sim/v322_ref/walk_v3.json,7967a3be11fabb980089e5200d649aa6,3033,body-v3.22/sim/walk_v3.json
body-v3.27r/sim/v322_ref/walk_v3_eff.json,098c6cd614912b59984aee1711e1acd5,3043,body-v3.22/sim/walk_v3_eff.json
body-v3.27r/sim/v323_ref/arm_heat_v3.json,07b5df779e4043a927a2b4d6fb21639a,4222,body-v3.10/sim/arm_heat_v3.json
body-v3.27r/sim/v323_ref/results_v3.json,8d437b38b13edee42f6213c5b73acaba,7723,body-v3.23/sim/results_v3.json
body-v3.27r/sim/v323_ref/walk_v3.json,5d86ba253d556f0c4e06a6b6a6ee3b16,3035,body-v3.23/sim/walk_v3.json
body-v3.27r/sim/v323_ref/walk_v3_eff.json,b809785c839b19be78d9cac4f267cc4a,3044,body-v3.23/sim/walk_v3_eff.json
body-v3.27r/sim/v324_ref/arm_heat_v3.json,07b5df779e4043a927a2b4d6fb21639a,4222,body-v3.10/sim/arm_heat_v3.json
body-v3.27r/sim/v324_ref/results_v3.json,c2d2ee2856647249a3c0edef466fd442,7733,body-v3.24/sim/results_v3.json
body-v3.27r/sim/v324_ref/walk_v3.json,77e520cc6fba6e96027e334d719150a5,3024,body-v3.24/sim/walk_v3.json
body-v3.27r/sim/v324_ref/walk_v3_eff.json,2bb82f6d7a4c038ecb38c57e67604e13,3046,body-v3.24/sim/walk_v3_eff.json
body-v3.27r/sim/v325_ref/arm_heat_v3.json,07b5df779e4043a927a2b4d6fb21639a,4222,body-v3.10/sim/arm_heat_v3.json
body-v3.27r/sim/v325_ref/results_v3.json,b51494e74102af742a56d63696279dba,7727,body-v3.25/sim/results_v3.json
body-v3.27r/sim/v325_ref/walk_v3.json,f60a951a4b18058b700a5325219addab,3031,body-v3.25/sim/walk_v3.json
body-v3.27r/sim/v325_ref/walk_v3_eff.json,1ab8d66660ab95f06130677b82b97602,3044,body-v3.25/sim/walk_v3_eff.json
body-v3.27r/sim/v326_ref/arm_heat_v3.json,07b5df779e4043a927a2b4d6fb21639a,4222,body-v3.10/sim/arm_heat_v3.json
body-v3.27r/sim/v326_ref/results_v3.json,70359bc6e7e5f934374929b7bfa2db96,7726,body-v3.26/sim/results_v3.json
body-v3.27r/sim/v326_ref/walk_v3.json,a1b5d52b0263f38a5d6db909f045829a,3038,body-v3.26/sim/walk_v3.json
body-v3.27r/sim/v326_ref/walk_v3_eff.json,84947c78401902a0e0b4f111c92ad675,3046,body-v3.26/sim/walk_v3_eff.json
body-v3.27r/sim/v327_ref/arm_heat_v3.json,07b5df779e4043a927a2b4d6fb21639a,4222,body-v3.10/sim/arm_heat_v3.json
body-v3.27r/sim/v327_ref/results_v3.json,19357f3c943fcbe6e772f28f2c66563f,7722,body-v3.27/sim/results_v3.json
body-v3.27r/sim/v327_ref/walk_v3.json,73af163fcbe80e541d505b06e19bebe6,3035,body-v3.27/sim/walk_v3.json
body-v3.27r/sim/v327_ref/walk_v3_eff.json,da3a9965c5a1098dfc507e9eb7a6f94f,3047,body-v3.27/sim/walk_v3_eff.json
body-v3.27r/sim/v32_ref/arm_heat_v3.json,07b5df779e4043a927a2b4d6fb21639a,4222,body-v3.10/sim/arm_heat_v3.json
body-v3.27r/sim/v32_ref/results_v3.json,691b926aea221e63317388971ca903f7,8023,body-v3.10/sim/v32_ref/results_v3.json
body-v3.27r/sim/v32_ref/walk_refine_v32.json,0648267fc7b09edeaa65985c0b4db260,157,body-v3.10/sim/v32_ref/walk_refine_v32.json
body-v3.27r/sim/v32_ref/walk_v3.json,120423616b57938b7fd7672da7ad00f6,3165,body-v3.10/sim/v32_ref/walk_v3.json
body-v3.27r/sim/v32_ref/walk_v3_eff.json,0860666c2fb00c61803ca5cf38d8cf2e,3103,body-v3.10/sim/v32_ref/walk_v3_eff.json
body-v3.27r/sim/v33_ref/arm_heat_v3.json,07b5df779e4043a927a2b4d6fb21639a,4222,body-v3.10/sim/arm_heat_v3.json
body-v3.27r/sim/v33_ref/results_v3.json,1f5b949f70ea6f2d2ca68c339ea885bb,8028,body-v3.10/sim/v33_ref/results_v3.json
body-v3.27r/sim/v33_ref/walk_v3.json,135fd3eba247694b2d0455b05c2b1ed0,3154,body-v3.10/sim/v33_ref/walk_v3.json
body-v3.27r/sim/v33_ref/walk_v3_eff.json,07f206d2b718406f84a80514363a0894,3163,body-v3.10/sim/v33_ref/walk_v3_eff.json
body-v3.27r/sim/v34_ref/arm_heat_v3.json,07b5df779e4043a927a2b4d6fb21639a,4222,body-v3.10/sim/arm_heat_v3.json
body-v3.27r/sim/v34_ref/results_v3.json,daa3ef05a96a0d46bbace841296e31c6,8020,body-v3.10/sim/v34_ref/results_v3.json
body-v3.27r/sim/v34_ref/walk_v3.json,7f1ce820d388e0e41ba3dfc2c5faba4a,3155,body-v3.10/sim/v34_ref/walk_v3.json
body-v3.27r/sim/v34_ref/walk_v3_eff.json,4ea2b63d0b9eba2faa54ba882cf92f93,3160,body-v3.10/sim/v34_ref/walk_v3_eff.json
body-v3.27r/sim/v36_ref/arm_heat_v3.json,07b5df779e4043a927a2b4d6fb21639a,4222,body-v3.10/sim/arm_heat_v3.json
body-v3.27r/sim/v36_ref/results_v3.json,6d09c34dcdbeb0ab1721a3015ed869a3,7773,body-v3.10/sim/v36_ref/results_v3.json
body-v3.27r/sim/v36_ref/walk_v3.json,38bcf54acd4ca8bbf675993d585329f0,3039,body-v3.10/sim/v36_ref/walk_v3.json
body-v3.27r/sim/v36_ref/walk_v3_eff.json,31b8a828b14afc9f5d317ef29cfbe9a9,3042,body-v3.10/sim/v36_ref/walk_v3_eff.json
body-v3.27r/sim/v37_ref/arm_heat_v3.json,07b5df779e4043a927a2b4d6fb21639a,4222,body-v3.10/sim/arm_heat_v3.json
body-v3.27r/sim/v37_ref/results_v3.json,e28526abee73fc3f1f2ce8a8893f87ae,7780,body-v3.10/sim/v37_ref/results_v3.json
body-v3.27r/sim/v37_ref/walk_v3.json,33671a750fd7dce386401bce59f686a8,3032,body-v3.10/sim/v37_ref/walk_v3.json
body-v3.27r/sim/v37_ref/walk_v3_eff.json,7be0f1960d01f0a3b80fb0f12f58de19,3043,body-v3.10/sim/v37_ref/walk_v3_eff.json
body-v3.27r/sim/v38_ref/arm_heat_v3.json,07b5df779e4043a927a2b4d6fb21639a,4222,body-v3.10/sim/arm_heat_v3.json
body-v3.27r/sim/v38_ref/results_v3.json,db7c5b8b22483b4f91eb46d530353928,7824,body-v3.10/sim/v38_ref/results_v3.json
body-v3.27r/sim/v38_ref/walk_v3.json,fee45989bdaf3ab94dcabed25b50e7bb,3039,body-v3.10/sim/v38_ref/walk_v3.json
body-v3.27r/sim/v38_ref/walk_v3_eff.json,228f2964c6705f80ebc7366edb2f0317,3043,body-v3.10/sim/v38_ref/walk_v3_eff.json
body-v3.27r/sim/v39_ref/arm_heat_v3.json,07b5df779e4043a927a2b4d6fb21639a,4222,body-v3.10/sim/arm_heat_v3.json
body-v3.27r/sim/v39_ref/results_v3.json,6603ecb5509ca86206a169ce15811895,7824,body-v3.10/sim/v39_ref/results_v3.json
body-v3.27r/sim/v39_ref/walk_v3.json,8fc65df0a06c89e667c1c6d739d66c3c,3033,body-v3.10/sim/v39_ref/walk_v3.json
body-v3.27r/sim/v39_ref/walk_v3_eff.json,79767a0ef34301f4d5f02ac4e2c255bf,3042,body-v3.10/sim/v39_ref/walk_v3_eff.json
body-v3.27r/sim/v3_ref/arm_heat_v3.json,24f0f1621b09d575497b233327d5af34,4223,body-v3/sim/arm_heat_v3.json
body-v3.27r/sim/v3_ref/results_v3.json,e91a5d8c46c37b6547966407c5d77848,8025,body-v3/sim/results_v3.json
body-v3.27r/sim/v3_ref/walk_v3.json,f6dfc33626937c34a72b551e33684da3,3337,body-v3/sim/walk_v3.json
body-v3.27r/sim/v3_ref/walk_v3_eff.json,394deba9fbf961cf5d88aae40d78c2e6,3347,body-v3/sim/walk_v3_eff.json
body-v3.28/README.md,65c2e177b5412a5e63ba38b5190edbde,6101,body-v3.10/README.md
body-v3.28/README_v3.md,d5dfb182350ce2de808eda08cc549acc,8398,body-v3/README.md
body-v3.28/README_v31.md,62cf5740b1281b505a1e2bb98d536030,8478,body-v3.1/README.md
body-v3.28/README_v310.md,8da2f237ff36b44d0add847660514f13,3734,body-v3.10/README_v310.md
body-v3.28/README_v311.md,00e8e1e244dfd4deb11e26e2ae98012f,4189,body-v3.11/README_v311.md
body-v3.28/README_v312.md,1661c05da47e75ae5678be1a9513648e,4010,body-v3.12/README_v312.md
body-v3.28/README_v313.md,60beb427e39b3057b625d7c402153ecd,3338,body-v3.13/README_v313.md
body-v3.28/README_v314.md,c06f881a9d452d57268625b05f4b8850,3978,body-v3.14/README_v314.md
body-v3.28/README_v315.md,e6dcd0fd62eb3f59d02bf840e1d59599,2771,body-v3.15/README_v315.md
body-v3.28/README_v316.md,af2d2b48ebd64516bfe0f1dd61b28da7,6517,body-v3.16/README_v316.md
body-v3.28/README_v317.md,08d1cd9d822124621f017e9b62a01692,4494,body-v3.17/README_v317.md
body-v3.28/README_v318.md,0af4e594f70c70c582978e26dba2fd10,4575,body-v3.18/README_v318.md
body-v3.28/README_v319.md,9cab512e2cc660ed2cc713091882f107,5665,body-v3.19/README_v319.md
body-v3.28/README_v32.md,36d5079dfd7d10c4ca271706c936cf5a,12057,body-v3.10/README_v32.md
body-v3.28/README_v320.md,1bd93ec87a4a978fead0c396fc582328,2026,body-v3.20/README_v320.md
body-v3.28/README_v321.md,940bbfbf636a75d9a05673bb9bf46acc,2892,body-v3.21/README_v321.md
body-v3.28/README_v322.md,d0144fa82487f3971e9f5466b74ae3bc,2977,body-v3.22/README_v322.md
body-v3.28/README_v327.md,e6df1f7c2a18fc814112b19b30916e1a,3302,body-v3.27/README_v327.md
body-v3.28/README_v328.md,7105c8579266315dbfdda7b8c375e5cb,5522,body-v3.28/README_v328.md
body-v3.28/README_v33.md,6752bb01dae32e530a285e330f4d5770,5164,body-v3.10/README_v33.md
body-v3.28/README_v34.md,b512057a38e8cd7dd3ee07219c058e51,2623,body-v3.10/README_v34.md
body-v3.28/README_v35.md,7d8c481c42edc18f57b68b7bcea44345,2418,body-v3.10/README_v35.md
body-v3.28/README_v36.md,756af93fbf80b2ee9e5fee1458509d98,2438,body-v3.10/README_v36.md
body-v3.28/README_v38.md,ed0092856c928668efe6274c4752d7c2,4651,body-v3.10/README_v38.md
body-v3.28/README_v39.md,93f974e23db0965ce50120ba22d3dfaf,4818,body-v3.10/README_v39.md
body-v3.28/armsweep_v316.json,1f5aeabfa91da235aef6d943587fcf20,232,body-v3.16/armsweep_v316.json
body-v3.28/armsweep_v317.json,64745441dcb259065e67e21ae09ffab6,1203,body-v3.17/armsweep_v317.json
body-v3.28/armsweep_v318.json,5ae60717248b7264e1f67c1252ce79a5,1198,body-v3.18/armsweep_v318.json
body-v3.28/armsweep_v319.json,8c6d5a5f572ff5fabd1bbab9856ddf11,1230,body-v3.19/armsweep_v319.json
body-v3.28/armsweep_v320.json,9cf76322dae0716251c9d43d851284dd,992,body-v3.20/armsweep_v320.json
body-v3.28/armsweep_v321.json,185ddf1d621c09dea5d35968652520a9,790,body-v3.21/armsweep_v321.json
body-v3.28/armsweep_v322.json,1c2b3fd30dfdab42e8c6f9655d7801af,990,body-v3.22/armsweep_v322.json
body-v3.28/armsweep_v323_on_this.json,cc1d45898859189c26dfa9af89931450,1090,body-v3.23/armsweep_v323_on_this.json
body-v3.28/armsweep_v324.json,da76ca344a4ed4b0207c31572c35376a,990,body-v3.24/armsweep_v324.json
body-v3.28/armsweep_v325.json,da76ca344a4ed4b0207c31572c35376a,990,body-v3.24/armsweep_v324.json
body-v3.28/armsweep_v326.json,da76ca344a4ed4b0207c31572c35376a,990,body-v3.24/armsweep_v324.json
body-v3.28/armsweep_v327_on_this.json,da76ca344a4ed4b0207c31572c35376a,990,body-v3.24/armsweep_v324.json
body-v3.28/armsweep_v328_on_this.json,da76ca344a4ed4b0207c31572c35376a,990,body-v3.24/armsweep_v324.json
body-v3.28/bom_v35.md,54e414cced6d75762caa12cba76d0d40,1012,body-v3.10/bom_v35.md
body-v3.28/build_report.json,3c08239c078593b51d293cace8ec1a27,19929,body-v3.10/build_report.json
body-v3.28/changed_parts_v36_to_v37.json,a9a41d7c46a2ad62fed49408f90e4b29,1338,body-v3.10/changed_parts_v36_to_v37.json
body-v3.28/changed_parts_v37_to_v38.json,49ae233dc0c85f386397a6f0a52f4f9a,6172,body-v3.10/changed_parts_v37_to_v38.json
body-v3.28/changed_parts_v38_to_v39.json,d3cd5cdf0f50ea6407e39f2225cef809,6381,body-v3.10/changed_parts_v38_to_v39.json
body-v3.28/collide_head_v310.json,e25c6464886e09f567ee551e6f338f74,2142,body-v3.10/collide_head_v310.json
body-v3.28/collide_head_v311.json,e25c6464886e09f567ee551e6f338f74,2142,body-v3.10/collide_head_v310.json
body-v3.28/collide_head_v312.json,e25c6464886e09f567ee551e6f338f74,2142,body-v3.10/collide_head_v310.json
body-v3.28/collide_head_v312_baseline_for_v313.json,9b4637517f3bf949c5067330e618d235,10236,body-v3.13/collide_head_v312_baseline_for_v313.json
body-v3.28/collide_head_v313.json,b49557fdb2e92668b038eff5c1f559b2,10094,body-v3.13/collide_head_v313.json
body-v3.28/collide_head_v314.json,84a15622992a6302ff45de44e07548b2,10324,body-v3.14/collide_head_v314.json
body-v3.28/collide_head_v315.json,3abfd60515fd19ab49ad5e9844607e08,9549,body-v3.15/collide_head_v315.json
body-v3.28/collide_log_v38.txt,9401ea726b306a56955aecbaf3d6525e,4281,body-v3.10/collide_log_v38.txt
body-v3.28/collide_log_v39.txt,9401ea726b306a56955aecbaf3d6525e,4281,body-v3.10/collide_log_v38.txt
body-v3.28/collide_report.json,e6ddd4078834a837f9559a91643465bb,20690,body-v3.10/collide_report.json
body-v3.28/collide_v31_rule_check.json,2cfb89f60ed078067a5b0d563369f90c,129,body-v3.1/collide_v31_rule_check.json
body-v3.28/collide_v32_rule_check.json,005b67a629f7dd1569344a87c0e8df7b,164,body-v3.10/collide_v32_rule_check.json
body-v3.28/crest_valley_v321.json,3f672f077ad7c227637940c3147cf8b7,1542,body-v3.21/crest_valley_v321.json
body-v3.28/crest_valley_v322.json,ace9cd2fe2155ae48ab8593e69f98b44,1392,body-v3.22/crest_valley_v322.json
body-v3.28/fit_v314.json,f8aae41806d01c56389950094ea546d5,320,body-v3.14/fit_v314.json
body-v3.28/grain_report_v37.json,dc3ae47adc44c16ed731cae1839ef4a2,1958,body-v3.28/grain_report_v37.json
body-v3.28/hair_print_report_v313.json,860be9dcc14d271703ad67c23017d1dc,2832,body-v3.13/hair_print_report_v313.json
body-v3.28/hair_print_report_v314.json,a9210bb284841958846ddb4167713788,4794,body-v3.14/hair_print_report_v314.json
body-v3.28/hair_print_report_v315.json,7c5a3f9afea264b52bd3e2841e3c9b82,3652,body-v3.15/hair_print_report_v315.json
body-v3.28/head_print_report.json,79f615cf398723aa2801b3336ef39415,6972,body-v3.10/head_print_report.json
body-v3.28/head_print_report_v315.json,2009b6b02676dc6b96c6dd0d5ffded22,5848,body-v3.15/head_print_report_v315.json
body-v3.28/head_print_report_v316.json,f8e1f5b80ec4e1a19764713305d52d78,3997,body-v3.16/head_print_report_v316.json
body-v3.28/head_print_report_v317.json,fe0ed67ed9be1c640ebe2961c972f159,3397,body-v3.17/head_print_report_v317.json
body-v3.28/head_print_report_v318.json,0c4af57a9b076781b75f49f381e6e2db,3274,body-v3.18/head_print_report_v318.json
body-v3.28/head_print_report_v319.json,19394cee936c19e67eee4e7b4a8bc97a,3164,body-v3.19/head_print_report_v319.json
body-v3.28/head_print_report_v320.json,fc1afe8bee3905b206b2b7456cbb73c3,3165,body-v3.20/head_print_report_v320.json
body-v3.28/head_print_report_v321.json,45ab6961dd3d64dcc06d9b6925a8d9be,3290,body-v3.21/head_print_report_v321.json
body-v3.28/head_print_report_v322.json,40a054a1a377cb70088eb61b6ed08ea3,3312,body-v3.22/head_print_report_v322.json
body-v3.28/head_print_report_v323.json,3e2871c80dabcd440fcd72c46185e909,3244,body-v3.23/head_print_report_v323.json
body-v3.28/head_print_report_v324.json,8783d5355568fb44b8e83f285cdfbbc4,3406,body-v3.24/head_print_report_v324.json
body-v3.28/head_print_report_v325.json,c713d2096a945d0a6e12eb087fb47bba,3244,body-v3.25/head_print_report_v325.json
body-v3.28/head_print_report_v326.json,cae2e2ff4b71336f3e7bbcfb520aaedc,3227,body-v3.26/head_print_report_v326.json
body-v3.28/head_print_report_v327.json,665ee54eb8db38c3e0340c13658f1432,3239,body-v3.27/head_print_report_v327.json
body-v3.28/head_print_report_v328.json,5eb3b4009e441b2a32a6fb6c4fca8a25,3299,body-v3.28/head_print_report_v328.json
body-v3.28/head_print_report_v36.json,d33da0d7f147f0bd784709823ca6e9ae,7037,body-v3.10/head_print_report_v36.json
body-v3.28/head_print_report_v37.json,4e0e79baf232a56165080655c08ae618,7733,body-v3.10/head_print_report_v37.json
body-v3.28/head_print_report_v38.json,5d6e16e5fb2414e0bbfca34176d0c3f5,7735,body-v3.10/head_print_report_v38.json
body-v3.28/head_print_report_v39.json,ba2c678786c8b3f4cd8feca3787e75dd,7781,body-v3.10/head_print_report_v39.json
body-v3.28/head_size_v36.json,04f54b55f682598962ff3481a5aba85f,717,body-v3.10/head_size_v36.json
body-v3.28/headrange_v320.json,4d62c8eed17cabb04608f6e91debbee5,916,body-v3.20/headrange_v320.json
body-v3.28/headrange_v320_on_this.json,e090b9226b138f75c9d8ba8ea04b0003,955,body-v3.28/headrange_v320_on_this.json
body-v3.28/kilt_check_v316.json,799d097cf52f2f781aee6f772478ae4c,2826,body-v3.16/kilt_check_v316.json
body-v3.28/kilt_check_v316_final_gaits.json,430d99554b945ffe97d090947af9ac02,346,body-v3.16/kilt_check_v316_final_gaits.json
body-v3.28/kilt_print_report_v316.json,7df362561b2ccfefc2eccfe6ae1b03f8,1855,body-v3.16/kilt_print_report_v316.json
body-v3.28/lock_table_v319.md,e055209e989f675cd40a57a2cc4250fc,2047,body-v3.19/lock_table_v319.md
body-v3.28/print_note_hair_v313.md,1e35268b4a671737e912d031e769524e,1665,body-v3.13/print_note_hair_v313.md
body-v3.28/print_note_hair_v314.md,d703f5636f9c988f749d1147171e51e9,2397,body-v3.14/print_note_hair_v314.md
body-v3.28/print_note_hair_v315.md,6a889c9eb945efe71cbd55e83070b248,2211,body-v3.15/print_note_hair_v315.md
body-v3.28/print_note_head_v315.md,b00ab61a458365b15abc38025eeb9024,3040,body-v3.15/print_note_head_v315.md
body-v3.28/print_note_head_v316.md,a4f5d5bc7d9d8ed629a2d852a4c13a00,2664,body-v3.16/print_note_head_v316.md
body-v3.28/print_note_head_v317.md,4688ae5478c06dc314ccd47e767dad95,2703,body-v3.17/print_note_head_v317.md
body-v3.28/print_note_head_v318.md,84654fd7ff87f728f90ca899ef84a8e0,2674,body-v3.18/print_note_head_v318.md
body-v3.28/print_note_head_v319.md,d0467f682f653a81efa0dfad57f3b62c,2611,body-v3.19/print_note_head_v319.md
body-v3.28/print_note_head_v320.md,fb8d40d0d708aecb53cdaab4c505c66a,2785,body-v3.20/print_note_head_v320.md
body-v3.28/print_note_head_v321.md,ed4789b2cfaee2d5338d341f14f4290e,3089,body-v3.21/print_note_head_v321.md
body-v3.28/print_note_head_v322.md,ad4097edd061a164f96d6a5d60ca8ff4,3108,body-v3.22/print_note_head_v322.md
body-v3.28/print_note_head_v323.md,5bc5d802a84be4fac02ed4256de40358,3214,body-v3.23/print_note_head_v323.md
body-v3.28/print_note_head_v324.md,aebc8c225ff6c8acad7e87fec2a8d757,3643,body-v3.24/print_note_head_v324.md
body-v3.28/print_note_head_v325.md,a69acec014ec68e7f6c61b97201d56ef,3371,body-v3.25/print_note_head_v325.md
body-v3.28/print_note_head_v326.md,477e07d7962413dee16330601d6dcc1a,3698,body-v3.26/print_note_head_v326.md
body-v3.28/print_note_head_v327.md,a665738361151e0b5fa650a218de34a3,3887,body-v3.27/print_note_head_v327.md
body-v3.28/print_note_head_v328.md,38db1002dd4fa09d34efd89becc6621c,4109,body-v3.28/print_note_head_v328.md
body-v3.28/print_note_kilt_v316.md,0fdb4004cc378b066f170eedf905c93a,3348,body-v3.16/print_note_kilt_v316.md
body-v3.28/print_note_snout_v310.md,8c28ce33c8014e2a35235021cfe421d2,1461,body-v3.10/print_note_snout_v310.md
body-v3.28/print_note_snout_v311.md,9e46a723542d0793ff9f75be43a9b93f,2029,body-v3.11/print_note_snout_v311.md
body-v3.28/print_note_snout_v312.md,c45bac8778b151145198787bdf6e0062,1827,body-v3.12/print_note_snout_v312.md
body-v3.28/print_sheet_body_v38.md,face3494b2f0898c92d4de88aa098edc,6733,body-v3.10/print_sheet_body_v38.md
body-v3.28/print_sheet_head.md,ac0500e69043b84dbd57f7204b995982,3511,body-v3.10/print_sheet_head.md
body-v3.28/print_sheet_head_v36.md,6ac4c2094ed80fd60fd094d5b6ead7f8,3683,body-v3.10/print_sheet_head_v36.md
body-v3.28/print_sheet_head_v37.md,e9fbab93227e450a8c099f93fd6ea65b,5234,body-v3.10/print_sheet_head_v37.md
body-v3.28/print_sheet_head_v38.md,1bd44b955d22ea2e13d00bf05d107d31,5698,body-v3.10/print_sheet_head_v38.md
body-v3.28/print_sheet_head_v39.md,be1e14d15b9f562fb02da2a9853dbef9,5766,body-v3.10/print_sheet_head_v39.md
body-v3.28/servo_choice.md,316473d63f90ad6a5649462db90ee4c3,7062,body-v3.1/servo_choice.md
body-v3.28/snout_print_report_v310.json,4bf50103ac3941a34a8e642e795d6244,1079,body-v3.10/snout_print_report_v310.json
body-v3.28/snout_print_report_v311.json,3a2a461ef0f6fd92fab4a720d1521a76,1010,body-v3.11/snout_print_report_v311.json
body-v3.28/snout_print_report_v312.json,777e230a1c3e92c7a47d5c5b7220e6ad,918,body-v3.12/snout_print_report_v312.json
body-v3.28/torso_env_v34.json,bda31ea296b814d3685d260d29f3e20f,36249,body-v3.10/torso_env_v34.json
body-v3.28/torso_env_v36.json,8b9d02fce005d442335cfb062533af58,54421,body-v3.10/torso_env_v36.json
body-v3.28/torso_env_v38.json,687e14f2e4e89bf21a99087d015075c6,54455,body-v3.10/torso_env_v38.json
body-v3.28/wall_v316_wig_ref.json,da76d2f347b1e63a64657da82a9b63a9,229,body-v3.17/wall_v316_wig_ref.json
body-v3.28/wall_v317.json,9a56d2bc81b85bf45a7a5b2ef12f0c2b,227,body-v3.17/wall_v317.json
body-v3.28/wall_v318.json,8a58771e7725eb91575b2ee5d5f624b9,226,body-v3.18/wall_v318.json
body-v3.28/wall_v319.json,157779f9e5124b4b3dbd7b14b49fd287,226,body-v3.19/wall_v319.json
body-v3.28/wall_v320.json,5dec19b66934cea85dd96c36a283b115,226,body-v3.20/wall_v320.json
body-v3.28/wall_v321.json,a493b5556d52663136969869fdd431dd,228,body-v3.21/wall_v321.json
body-v3.28/wall_v322.json,2aaf6d528fc179661a6ddb5b08e5efa4,222,body-v3.22/wall_v322.json
body-v3.28/wall_v323.json,3dffa10c6b233c74f3061a182e64b2d7,225,body-v3.23/wall_v323.json
body-v3.28/wall_v324.json,c231902a905aea6ab387914d89fe37c4,225,body-v3.24/wall_v324.json
body-v3.28/wall_v325.json,34efe9e675f226588484db0a70b003d4,226,body-v3.25/wall_v325.json
body-v3.28/wall_v326.json,a07b691b862a6e387d5e757473dc4e85,212,body-v3.26/wall_v326.json
body-v3.28/wall_v327.json,6cc940c809060fd54ed3160cef584ef6,226,body-v3.27/wall_v327.json
body-v3.28/wall_v328.json,eb532d30717af73ade5df796060470e1,212,body-v3.28/wall_v328.json
body-v3.28/measure/photo_measure.json,5832cf5aab493edae31cd598e050fc53,2746,body-v3/measure/photo_measure.json
body-v3.28/measure/snout_taper_v312.json,36dde250b844c6de6e65956251b874de,1330,body-v3.12/measure/snout_taper_v312.json
body-v3.28/measure/targets.json,7b665a9c4ecd33771be6d5312f1cfcdb,5282,body-v3/measure/targets.json
body-v3.28/measure/v31_measure.json,7770567faa6c6ee5ce5e18b1da51c474,1121,body-v3.1/measure/v31_measure.json
body-v3.28/measure/v32_measure.json,852640a3181a17ea81aee224e86ac5f7,979,body-v3.10/measure/v32_measure.json
body-v3.28/measure/v32_neck_scale.json,14486360543aa63b349b95440d1f1729,914,body-v3.10/measure/v32_neck_scale.json
body-v3.28/measure/v33_head_size.json,fc2bb9834c1e56d00aff074751409e63,968,body-v3.10/measure/v33_head_size.json
body-v3.28/measure/v33_head_size_overlay.json,f59662c96f18842e63e50af4d4cb1315,567,body-v3.10/measure/v33_head_size_overlay.json
body-v3.28/measure/v33_neck_scale.json,e40e7e3d179e145a736191fd39b80f52,368,body-v3.10/measure/v33_neck_scale.json
body-v3.28/measure319/iou_A.json,b3155955a510a356d68ea43593b1fed0,795,body-v3.26/measure319/iou_A.json
body-v3.28/measure319/iou_A1.json,edba57704027f3f4b4c1ec2224d0e063,798,body-v3.27/measure319/iou_A1.json
body-v3.28/measure319/iou_A2.json,1c76efa9a8547a55517143c51172175a,797,body-v3.27/measure319/iou_A2.json
body-v3.28/measure319/iou_B.json,99837d60d6645b6eac1d1e2f94528244,801,body-v3.26/measure319/iou_B.json
body-v3.28/measure319/iou_B1.json,074a246c1bcfe7bf8f79f7492b3849e7,799,body-v3.27/measure319/iou_B1.json
body-v3.28/measure319/iou_B2.json,3f60caca17629ba51f7ad2018c7d9f42,801,body-v3.27/measure319/iou_B2.json
body-v3.28/measure319/iou_B3.json,7ceee17566fb09bcca043ba16ac4e488,801,body-v3.27/measure319/iou_B3.json
body-v3.28/measure319/iou_B4.json,a59ea9a26b61ed4cbb0a96ef3a20489c,799,body-v3.27/measure319/iou_B4.json
body-v3.28/measure319/iou_B5.json,70d2be5970baf2c4043070e85ec5e013,801,body-v3.27/measure319/iou_B5.json
body-v3.28/measure319/iou_B6.json,4c358bfd23416862e67bd6fb351bbfec,800,body-v3.27/measure319/iou_B6.json
body-v3.28/measure319/iou_C.json,faeb5a2f55655ae8e74bd209be8af10b,800,body-v3.26/measure319/iou_C.json
body-v3.28/measure319/iou_C1.json,01d1caf0fc6ac87b50297d9d1da454a8,798,body-v3.27/measure319/iou_C1.json
body-v3.28/measure319/iou_C2.json,1ca3ad2b7cf6765e2adc68ae302536db,801,body-v3.27/measure319/iou_C2.json
body-v3.28/measure319/iou_D.json,da20e8aff026eeb3782f4d8581d6f05b,798,body-v3.26/measure319/iou_D.json
body-v3.28/measure319/iou_D1.json,54a609eb5fc2d64192e2cc276ec9beeb,801,body-v3.27/measure319/iou_D1.json
body-v3.28/measure319/iou_D2.json,a68e3e72bc9321adeb0c693685db0894,800,body-v3.27/measure319/iou_D2.json
body-v3.28/measure319/iou_E.json,f933c46b77b4d4ca123ae2d7a10c4fc6,800,body-v3.26/measure319/iou_E.json
body-v3.28/measure319/iou_E1.json,ab0bbe1c68e76f934cf688ab927400df,801,body-v3.27/measure319/iou_E1.json
body-v3.28/measure319/iou_E2.json,61a5ba3130c4f46b54d462a1143c549d,799,body-v3.27/measure319/iou_E2.json
body-v3.28/measure319/iou_E70.json,eebebab2f2df6c2da90554f95eebb273,799,body-v3.26/measure319/iou_E70.json
body-v3.28/measure319/iou_E85.json,4f1b17725e1aebfaeb51a873116a654b,797,body-v3.26/measure319/iou_E85.json
body-v3.28/measure319/iou_F.json,b1270e6d41b7219985614c66cb72416c,801,body-v3.26/measure319/iou_F.json
body-v3.28/measure319/iou_F1.json,f567b1c09c089260757cd17c92dc8553,800,body-v3.27/measure319/iou_F1.json
body-v3.28/measure319/iou_F2.json,ce611d5ff11f4db3c431ad031da62fc0,801,body-v3.27/measure319/iou_F2.json
body-v3.28/measure319/iou_FIN1.json,0e5018d752aaedf09668622b3cefdcb5,801,body-v3.26/measure319/iou_FIN1.json
body-v3.28/measure319/iou_FIN2.json,483031ab1fe24e2dde9427c994364d59,801,body-v3.26/measure319/iou_FIN2.json
body-v3.28/measure319/iou_G.json,63a3376b5570743733112608d90ebd23,803,body-v3.26/measure319/iou_G.json
body-v3.28/measure319/iou_G1.json,b6f5fd9da051017859c60ee48e93a11a,798,body-v3.27/measure319/iou_G1.json
body-v3.28/measure319/iou_G2.json,d5483c566bb1f2a0d073372289a92041,799,body-v3.27/measure319/iou_G2.json
body-v3.28/measure319/iou_G3.json,46c432c72a7755e7930fd2e5e00d1883,800,body-v3.27/measure319/iou_G3.json
body-v3.28/measure319/iou_G4.json,bbaf1dc749fbfaa5f11f6a35e7cac5a8,800,body-v3.27/measure319/iou_G4.json
body-v3.28/measure319/iou_G70.json,f54bcb3466a77fc348011467f0e15cc4,798,body-v3.26/measure319/iou_G70.json
body-v3.28/measure319/iou_G72.json,df52b4e95f6ec8528b049733ae625247,800,body-v3.26/measure319/iou_G72.json
body-v3.28/measure319/iou_H.json,1350e5018f57980c040077333daa728b,799,body-v3.26/measure319/iou_H.json
body-v3.28/measure319/iou_H1.json,b333b7c64b5906679d29dc115a7a7132,800,body-v3.27/measure319/iou_H1.json
body-v3.28/measure319/iou_H2.json,4b1db403ea1f638eb9399e4491e35b49,800,body-v3.27/measure319/iou_H2.json
body-v3.28/measure319/iou_H3.json,126ee58ff2edf228252bbb86d53fc15e,798,body-v3.27/measure319/iou_H3.json
body-v3.28/measure319/iou_H4.json,018d7c6243ccad4567f1a8eea1437b69,800,body-v3.27/measure319/iou_H4.json
body-v3.28/measure319/iou_H5.json,093e7b3d2f8c1e6cd3b6fc65380c9f33,801,body-v3.27/measure319/iou_H5.json
body-v3.28/measure319/iou_I.json,ea4add5c0752278e590dcc1c1de82016,801,body-v3.26/measure319/iou_I.json
body-v3.28/measure319/iou_J.json,9fbbb996d8c97a5a0471024cf055c1c9,797,body-v3.26/measure319/iou_J.json
body-v3.28/measure319/iou_K.json,73f328373b6c8e1d6053e493a51668c2,800,body-v3.26/measure319/iou_K.json
body-v3.28/measure319/iou_K2.json,780472a93e7542100cdc035b0a830570,799,body-v3.26/measure319/iou_K2.json
body-v3.28/measure319/iou_L.json,e72aea4512a346a22112070d6d2226ff,800,body-v3.26/measure319/iou_L.json
body-v3.28/measure319/iou_M.json,a8f331b975360a2f107c3ad14f02de49,799,body-v3.25/measure319/iou_M.json
body-v3.28/measure319/iou_M3.json,df116bddc1ddf92f1759e4e157ee3768,800,body-v3.26/measure319/iou_M3.json
body-v3.28/measure319/iou_N.json,fc741b2a5cccd31cac2c7f7ce88afb9c,800,body-v3.26/measure319/iou_N.json
body-v3.28/measure319/iou_O.json,5f7fa2f892975d2eb03484a282cf1ef8,801,body-v3.25/measure319/iou_O.json
body-v3.28/measure319/iou_OLDHAT.json,3879ad4f031ea818abdfd799a3f46c67,800,body-v3.26/measure319/iou_OLDHAT.json
body-v3.28/measure319/iou_P.json,a9be321e8f79b3c8f69e82e1dd9d6299,799,body-v3.26/measure319/iou_P.json
body-v3.28/measure319/iou_Q.json,8d5a2a73058b9aae9c41c3dfff03d6aa,799,body-v3.26/measure319/iou_Q.json
body-v3.28/measure319/iou_R.json,98464f443079957d0548700870ea6646,798,body-v3.25/measure319/iou_R.json
body-v3.28/measure319/iou_S.json,8ccefb57ab2420453f688eb05f1a0772,800,body-v3.26/measure319/iou_S.json
body-v3.28/measure319/iou_T.json,26c1633a471422e7401f5ca62c57eaf0,798,body-v3.26/measure319/iou_T.json
body-v3.28/measure319/iou_U.json,f9ef00c871314a28e451b08f1c2a779c,801,body-v3.26/measure319/iou_U.json
body-v3.28/measure319/iou_V.json,f06e6cb94383c4b6efafeb33ba8aa9e9,798,body-v3.25/measure319/iou_V.json
body-v3.28/measure319/iou_V1.json,2ad76e88b01a3c928ab345adf8675cbe,800,body-v3.27r/measure319/iou_V1.json
body-v3.28/measure319/iou_V2.json,d80007c26553012fdaf89f56fb1bfe02,799,body-v3.27r/measure319/iou_V2.json
body-v3.28/measure319/iou_V3.json,de62610bcf5f39044dba00fc41b9b0b6,798,body-v3.27r/measure319/iou_V3.json
body-v3.28/measure319/iou_V4.json,8798125065d0cec8df36c802e45b5662,799,body-v3.27r/measure319/iou_V4.json
body-v3.28/measure319/iou_V5.json,e086c60d7d3a80a9565e68abaf05d014,798,body-v3.27r/measure319/iou_V5.json
body-v3.28/measure319/iou_V6.json,3a1fd7358820d0736bf4b5ebc7c9cede,799,body-v3.27r/measure319/iou_V6.json
body-v3.28/measure319/iou_V7.json,1d86d0cc96450291b866f3cb5b510a48,798,body-v3.27r/measure319/iou_V7.json
body-v3.28/measure319/iou_W.json,27fc5b75f0766397eac0a3a1b142f148,798,body-v3.25/measure319/iou_W.json
body-v3.28/measure319/iou_W1.json,6a62909d6b011773cc9a52cadf533385,800,body-v3.26/measure319/iou_W1.json
body-v3.28/measure319/iou_W2.json,8bd600ec768519ed1fb26427b5f2eb3f,800,body-v3.26/measure319/iou_W2.json
body-v3.28/measure319/iou_W3.json,4852cdde19716f6b2f8e0da6e4ef3e5d,799,body-v3.26/measure319/iou_W3.json
body-v3.28/measure319/iou_X.json,b49a09a68124ffbfbdd9bf6249242e2a,801,body-v3.25/measure319/iou_X.json
body-v3.28/measure319/iou_X1.json,e4c109652955bf03550c5484f3c86837,800,body-v3.26/measure319/iou_X1.json
body-v3.28/measure319/iou_X2.json,7dd66e1bc0badf9279c543fb13429095,798,body-v3.26/measure319/iou_X2.json
body-v3.28/measure319/iou_X3.json,4c2e38ee5ebc322066df71edbc238f8b,801,body-v3.26/measure319/iou_X3.json
body-v3.28/measure319/iou_Y.json,98847a6efb52f6dd8638b6b86d0411a7,800,body-v3.25/measure319/iou_Y.json
body-v3.28/measure319/iou_Y1.json,5fd747436fd371be87ed77aa4719013c,799,body-v3.26/measure319/iou_Y1.json
body-v3.28/measure319/iou_Y2.json,9ea387d318f0011f7a8e310262f13ab5,800,body-v3.26/measure319/iou_Y2.json
body-v3.28/measure319/iou_Y3.json,3aaba828e051f16397aedc937edf8854,800,body-v3.26/measure319/iou_Y3.json
body-v3.28/measure319/iou_Z.json,e3514b8802426f0b11b38b3e3483b7aa,800,body-v3.26/measure319/iou_Z.json
body-v3.28/measure319/iou_Z2.json,a694cb9b17cd0b81fc096ba8dea13043,799,body-v3.26/measure319/iou_Z2.json
body-v3.28/measure319/iou_Za50.json,6062a325da8dc3a0ee47dffa850ac888,798,body-v3.26/measure319/iou_Za50.json
body-v3.28/measure319/iou_Za54.json,ef459569036ceafb8df6fbcc98da4aea,801,body-v3.26/measure319/iou_Za54.json
body-v3.28/measure319/iou_Za58.json,1dc4e90c25c1a9216fe5a9b32a6f5c94,800,body-v3.26/measure319/iou_Za58.json
body-v3.28/measure319/iou_Zs50.json,5774f74c00dcbae423a3bd414b6e8519,800,body-v3.26/measure319/iou_Zs50.json
body-v3.28/measure319/iou_Zs54.json,55ce4c308faed0bfea0669cfe97f09ff,797,body-v3.26/measure319/iou_Zs54.json
body-v3.28/measure319/iou_Zs58.json,d9757de40e0b15c753039abce6a3a63f,799,body-v3.26/measure319/iou_Zs58.json
body-v3.28/measure319/iou_base.json,e3d7226399c0d8a3322e223db6b54210,801,body-v3.24/measure319/iou_v324.json
body-v3.28/measure319/iou_v318.json,479e9d0e0a858c996d286c9f83753d7f,801,body-v3.19/measure319/iou_v318.json
body-v3.28/measure319/iou_v319.json,6834cf8c196fae3875b56aec31675659,799,body-v3.19/measure319/iou_v319.json
body-v3.28/measure319/iou_v320.json,359608708d417279476b7ab6976694cd,801,body-v3.20/measure319/iou_v320.json
body-v3.28/measure319/iou_v321.json,b9fe0ae29db8389520bb6955d045764e,801,body-v3.21/measure319/iou_v321.json
body-v3.28/measure319/iou_v322.json,cc10aee573c5504c45e51ca85dd43da1,801,body-v3.22/measure319/iou_v322.json
body-v3.28/measure319/iou_v323.json,bbe2e688de35efe13bf1d10463fdc8a0,800,body-v3.23/measure319/iou_v323.json
body-v3.28/measure319/iou_v324.json,e3d7226399c0d8a3322e223db6b54210,801,body-v3.24/measure319/iou_v324.json
body-v3.28/measure319/iou_v325.json,4195d638e067eb15c193f8ce0f047d83,795,body-v3.25/measure319/iou_Z.json
body-v3.28/measure319/iou_v326.json,483031ab1fe24e2dde9427c994364d59,801,body-v3.26/measure319/iou_FIN2.json
body-v3.28/measure319/iou_v326_oldhat.json,e7b0c1c56713dbe0223e9547fae49eba,800,body-v3.26/measure319/iou_v326_oldhat.json
body-v3.28/measure319/iou_v327.json,dae20c07b5838e61b19f4af7b7fbae11,801,body-v3.27/measure319/iou_v327.json
body-v3.28/measure319/iou_v327_oldhat.json,03096065c59264a191f65097286b9eb2,797,body-v3.27/measure319/iou_v327_oldhat.json
body-v3.28/measure319/iou_v328.json,c3b33213ae0e32ed47110f56c1c3665e,798,body-v3.28/measure319/iou_v328.json
body-v3.28/measure319/iou_v328_oldhat.json,5597d38bca77e6a13eedebf2d34c2538,796,body-v3.28/measure319/iou_v328_oldhat.json
body-v3.28/measure319/iou_vA.json,8a0fdb44451e8e02236f704eadde71f2,801,body-v3.23/measure319/iou_vA.json
body-v3.28/measure319/iou_vB.json,522a6af83873165328ba309d918fe12b,798,body-v3.23/measure319/iou_vB.json
body-v3.28/measure319/iou_vC.json,1c0d88467bc3a102217bd6c8438b9f23,801,body-v3.23/measure319/iou_vC.json
body-v3.28/sim/README.md,5a2184fcce272380e8a22600e08816c1,13351,body-v3.10/sim/README.md
body-v3.28/sim/arm_heat_v2.json,bc311c1775b81c9405219b9bbff5ec13,4223,body-v3/sim/arm_heat_v2.json
body-v3.28/sim/arm_heat_v3.json,07b5df779e4043a927a2b4d6fb21639a,4222,body-v3.10/sim/arm_heat_v3.json
body-v3.28/sim/cmp326.log,812b6e52fe80b1bd2be419d9055fd38f,1749,body-v3.26/sim/cmp326.log
body-v3.28/sim/cmp327.log,7e1f4a899f5e18b0c6b7be4a9d9e3087,1749,body-v3.27/sim/cmp327.log
body-v3.28/sim/cmp328.log,f2909106f829dab4e3ae6a463be17511,1748,body-v3.28/sim/cmp328.log
body-v3.28/sim/compare_stock_v2_v3.json,0ed3b329d48797a6244eeffa2d5fde08,3805,body-v3/sim/compare_stock_v2_v3.json
body-v3.28/sim/compare_stock_v2_v3.md,895225c90e71fdfa98f1516ec893a8b1,2949,body-v3/sim/compare_stock_v2_v3.md
body-v3.28/sim/compare_v311_v312.json,3473272bc00ed7d7bd1011e4668be807,3275,body-v3.12/sim/compare_v311_v312.json
body-v3.28/sim/compare_v311_v312.md,22edbe199a0bd1aadce75c39aed27780,1921,body-v3.12/sim/compare_v311_v312.md
body-v3.28/sim/compare_v312_v313.json,5dd49cf449e49debec85c42ab559d377,3276,body-v3.13/sim/compare_v312_v313.json
body-v3.28/sim/compare_v312_v313.md,b8d569cdec4a0b4d85e633e1fad8d729,1922,body-v3.13/sim/compare_v312_v313.md
body-v3.28/sim/compare_v313_v314.json,5ee81ca0f77cf165bdf818892ffd6dca,3276,body-v3.14/sim/compare_v313_v314.json
body-v3.28/sim/compare_v313_v314.md,6283c46bebaa7397b4d96d193bfc9c77,1922,body-v3.14/sim/compare_v313_v314.md
body-v3.28/sim/compare_v314_v315.json,ae355b8cf1a564bbec7efc7eb413a87a,3275,body-v3.15/sim/compare_v314_v315.json
body-v3.28/sim/compare_v314_v315.md,5022aaec37e2cbfffaaa0ffda9155353,1921,body-v3.15/sim/compare_v314_v315.md
body-v3.28/sim/compare_v315_v316.json,05b068e032c61b44a735110dd68d824f,3275,body-v3.16/sim/compare_v315_v316.json
body-v3.28/sim/compare_v315_v316.md,7f3d98d608546dfa4b151456866195a1,1921,body-v3.16/sim/compare_v315_v316.md
body-v3.28/sim/compare_v316_v317.json,89fc00addd46ac4183394325d465c0b6,3276,body-v3.17/sim/compare_v316_v317.json
body-v3.28/sim/compare_v316_v317.md,83688af2bb79fc2348ba36b5274ba16a,1922,body-v3.17/sim/compare_v316_v317.md
body-v3.28/sim/compare_v317_v318.json,ad0dc738bc0a716df0978250c0782c47,3276,body-v3.18/sim/compare_v317_v318.json
body-v3.28/sim/compare_v317_v318.md,e48cf4f4e269a3976efa4d3045ee151b,1922,body-v3.18/sim/compare_v317_v318.md
body-v3.28/sim/compare_v318_v319.json,0e65f3737cf34fa7999880e013a7cd91,3274,body-v3.19/sim/compare_v318_v319.json
body-v3.28/sim/compare_v318_v319.md,c4243a4bef93963eaf6f9b4f77832ff6,1920,body-v3.19/sim/compare_v318_v319.md
body-v3.28/sim/compare_v319_v320.json,bab95bb7d04ef783644b5849d6af0ea4,3274,body-v3.20/sim/compare_v319_v320.json
body-v3.28/sim/compare_v319_v320.md,c75a6c9adff1c572d18b39ed317b99e8,1920,body-v3.20/sim/compare_v319_v320.md
body-v3.28/sim/compare_v31_v32.json,c51ae2424f05c1ab5562ee15e9b2965f,3254,body-v3.10/sim/compare_v31_v32.json
body-v3.28/sim/compare_v31_v32.md,644ebfad4fb06dc032148c27094bee2c,1939,body-v3.10/sim/compare_v31_v32.md
body-v3.28/sim/compare_v320_v321.json,7c5080f5760645a1aef606488f8d7e1c,3275,body-v3.21/sim/compare_v320_v321.json
body-v3.28/sim/compare_v320_v321.md,46a012e37a610a9fa3786dc1fb72d54b,1921,body-v3.21/sim/compare_v320_v321.md
body-v3.28/sim/compare_v321_v322.json,6cfba00157bfee31f045cd1f5fb511c4,3275,body-v3.22/sim/compare_v321_v322.json
body-v3.28/sim/compare_v321_v322.md,612869a9d426091336938b142bd604fc,1921,body-v3.22/sim/compare_v321_v322.md
body-v3.28/sim/compare_v322_v323.json,4b06bad9663207db1f5e6ae12259e9c4,3275,body-v3.23/sim/compare_v322_v323.json
body-v3.28/sim/compare_v322_v323.md,c74ddd392bf5f3aaf3d22b57f9397102,1921,body-v3.23/sim/compare_v322_v323.md
body-v3.28/sim/compare_v323_v324.json,d221b0638f841ab63d8cb1311374ed68,3275,body-v3.24/sim/compare_v323_v324.json
body-v3.28/sim/compare_v323_v324.md,d5a778e5955913bf22ba75fe34098cb7,1921,body-v3.24/sim/compare_v323_v324.md
body-v3.28/sim/compare_v324_v325.json,9cfa71e95360471aa3b03b16912dbda5,3275,body-v3.25/sim/compare_v324_v325.json
body-v3.28/sim/compare_v324_v325.md,d6e821f4ecd9c226804d8a0ba6d7791b,1921,body-v3.25/sim/compare_v324_v325.md
body-v3.28/sim/compare_v325_v326.json,0a80f1ef16809da5b562f013b9c900d8,3274,body-v3.26/sim/compare_v325_v326.json
body-v3.28/sim/compare_v325_v326.md,ff4c832007d1d6aec9418dc2a8f9490f,1920,body-v3.26/sim/compare_v325_v326.md
body-v3.28/sim/compare_v326_v327.json,4bccb3cd68abf258c15026304d5f01d9,3274,body-v3.27/sim/compare_v326_v327.json
body-v3.28/sim/compare_v326_v327.md,56568f406f4c736d8bb0811f206dbd38,1920,body-v3.27/sim/compare_v326_v327.md
body-v3.28/sim/compare_v327_v328.json,71ed48266887c7b4e3e7462310ffe49d,3273,body-v3.28/sim/compare_v327_v328.json
body-v3.28/sim/compare_v327_v328.md,f8c740a6f792608419926446446866da,1919,body-v3.28/sim/compare_v327_v328.md
body-v3.28/sim/compare_v32_v33.json,a6b9c313414ce0741dcde7c80ce064a7,3255,body-v3.10/sim/compare_v32_v33.json
body-v3.28/sim/compare_v32_v33.md,de11b2bed04349fe3059fe2af1f01f8d,1861,body-v3.10/sim/compare_v32_v33.md
body-v3.28/sim/compare_v33_v34.json,9970e48ff8444752844c36261fdbc8a7,3255,body-v3.10/sim/compare_v33_v34.json
body-v3.28/sim/compare_v33_v34.md,1bee2d057cf0af55e9285ae39642e0d4,1861,body-v3.10/sim/compare_v33_v34.md
body-v3.28/sim/compare_v34_v35.json,15b209ba528bca78169f2c308cc5a0c0,3263,body-v3.10/sim/compare_v34_v35.json
body-v3.28/sim/compare_v34_v35.md,e7b150ed0f30c20b731c9a2ac12058d0,2289,body-v3.10/sim/compare_v34_v35.md
body-v3.28/sim/compare_v35_v36.json,91ae3e17f2ce269016d61be082636f3e,3272,body-v3.10/sim/compare_v35_v36.json
body-v3.28/sim/compare_v35_v36.md,ada8c03eeb0156deaac729f93149e461,2344,body-v3.10/sim/compare_v35_v36.md
body-v3.28/sim/compare_v36_v37.json,3e11a3460b142718d63652a501df696e,3271,body-v3.10/sim/compare_v36_v37.json
body-v3.28/sim/compare_v36_v37.md,fda6c06c3d45610df1ba016b41b4ba7b,2405,body-v3.10/sim/compare_v36_v37.md
body-v3.28/sim/compare_v37_v38.json,1276986b406e998977d666daa157cf71,3272,body-v3.10/sim/compare_v37_v38.json
body-v3.28/sim/compare_v37_v38.md,f8a800c1b0a12f6fdc9a81f7131ee562,1915,body-v3.10/sim/compare_v37_v38.md
body-v3.28/sim/compare_v38_v39.json,5a057226cca27472ecf7125a724e8082,3274,body-v3.10/sim/compare_v38_v39.json
body-v3.28/sim/compare_v38_v39.md,dc30e35f4edbde2136c3daf04fc04bcc,1917,body-v3.10/sim/compare_v38_v39.md
body-v3.28/sim/compare_v39_v310.json,8d43b630f2580e8ba95a586df3f3d406,3275,body-v3.10/sim/compare_v39_v310.json
body-v3.28/sim/compare_v39_v310.md,03dd6304ccf2ba5f39991cdadfafd6c8,1921,body-v3.10/sim/compare_v39_v310.md
body-v3.28/sim/compare_v39_v311.json,bf0d8a9069f17dfd3c90f0ae651cbc80,3274,body-v3.11/sim/compare_v39_v311.json
body-v3.28/sim/compare_v39_v311.md,504094156e0454adb92ca4e51fd97da2,1920,body-v3.11/sim/compare_v39_v311.md
body-v3.28/sim/compare_v3_v31.json,7e29f9219c9b23c6c5982ab3a1a89db3,2829,body-v3.1/sim/compare_v3_v31.json
body-v3.28/sim/compare_v3_v31.md,175081c021dce15c7e987872af0ac43f,1611,body-v3.1/sim/compare_v3_v31.md
body-v3.28/sim/gen317.log,d1364dfc1ced2a5a433641ee9c86e977,799,body-v3.17/sim/gen317.log
body-v3.28/sim/gen318.log,4b275951c1b9a0045efd57346cbaa4f8,799,body-v3.18/sim/gen318.log
body-v3.28/sim/gen319.log,be94467370eae037352b4abf64edbf77,799,body-v3.19/sim/gen319.log
body-v3.28/sim/gen320.log,01f6e4df684b699877f852a33ff39cd7,799,body-v3.20/sim/gen320.log
body-v3.28/sim/gen322.log,16510f42780f21957b8d809a3deae052,799,body-v3.22/sim/gen322.log
body-v3.28/sim/gen323.log,977ac1c0307f32f8ddc6b7ff0863b72d,799,body-v3.23/sim/gen323.log
body-v3.28/sim/gen324.log,e10c1214fa25ba1ce60615dbd1f3ab48,799,body-v3.24/sim/gen324.log
body-v3.28/sim/gen325.log,94afa33045734501174c461de48eb293,799,body-v3.25/sim/gen325.log
body-v3.28/sim/gen326.log,73415211c72e96c9f83433bb9aba1ab9,799,body-v3.26/sim/gen326.log
body-v3.28/sim/gen327.log,23758c84ecf9dac0de4880000ace5818,798,body-v3.27/sim/gen327.log
body-v3.28/sim/gen328.log,f6484951cc68f5153710eec91da6cf1c,799,body-v3.28/sim/gen328.log
body-v3.28/sim/mass_report_v3.json,aa2a9db28c6254ea42292665068125f1,13479,body-v3.28/sim/mass_report_v3.json
body-v3.28/sim/plot_compare.png,2457a623d2f320f37f590b6d2c9af28b,58887,body-v3/sim/plot_compare.png
body-v3.28/sim/ref326.log,63ab64f94ed8ce8ccfee8ff6e1548c17,547,body-v3.26/sim/ref326.log
body-v3.28/sim/ref326b.log,99ca765cdde6218b39fc0bae14869fbc,547,body-v3.26/sim/ref326b.log
body-v3.28/sim/ref326c.log,fae58ab07c129a49adf699a87a9c7011,548,body-v3.26/sim/ref326c.log
body-v3.28/sim/ref327_.log,c2eaf31420a53fe9622670d09a7aa3c4,501,body-v3.27/sim/ref327_.log
body-v3.28/sim/ref327_33.log,0439d1cbcf82aa3e8205aa137fda57fb,543,body-v3.27/sim/ref327_33.log
body-v3.28/sim/ref327_7.log,22aa256e97481e686582a6f6b5152747,545,body-v3.27/sim/ref327_7.log
body-v3.28/sim/results_v3.json,8646f4dd05dc9bd4836baeb0667864b8,7777,body-v3.28/sim/results_v3.json
body-v3.28/sim/results_v3_8pct.json,cb25e47bae840299a65617cae6694f56,7820,body-v3.11/sim/results_v3_8pct.json
body-v3.28/sim/results_v3_snout10pct.json,103a1aed6577f64926a156f4fcbe8328,7823,body-v3.11/sim/results_v3_snout10pct.json
body-v3.28/sim/rt317.log,734339dad8e117eede012b875d819072,2997,body-v3.17/sim/rt317.log
body-v3.28/sim/rt318.log,247bdf8654fc2b7269fc35245609c6e0,2996,body-v3.18/sim/rt318.log
body-v3.28/sim/rt319.log,324a9b3cec0b51d6489bf0504706f4e2,2991,body-v3.19/sim/rt319.log
body-v3.28/sim/rt320.log,bfbbed9c401c39dd1f62267c258aa1e3,2994,body-v3.20/sim/rt320.log
body-v3.28/sim/rt322.log,4056c292613a182c8cc4446cca90f152,2993,body-v3.22/sim/rt322.log
body-v3.28/sim/rt323.log,a7659744cf7ee25b5132c56a89dc1e79,2995,body-v3.23/sim/rt323.log
body-v3.28/sim/rt324.log,002359ba599ec119b71e5966331c76dd,2999,body-v3.24/sim/rt324.log
body-v3.28/sim/rt325.log,fc7ce9706f3dfca4b4952b082de22786,2995,body-v3.25/sim/rt325.log
body-v3.28/sim/rt326.log,663afd91e26759036882513d308cf915,2995,body-v3.26/sim/rt326.log
body-v3.28/sim/rt327.log,7b48b3841679c0dd179123dd9e7489b6,2991,body-v3.27/sim/rt327.log
body-v3.28/sim/rt328.log,d4bfb74c23c09d7326dc1ce02bfcc4cb,2991,body-v3.28/sim/rt328.log
body-v3.28/sim/sweep319.txt,278100be8b4725996bbdeb59fc299feb,345,body-v3.19/sim/sweep319.txt
body-v3.28/sim/sweep322.txt,a9369f3a91cf7155248fccd019054a28,593,body-v3.22/sim/sweep322.txt
body-v3.28/sim/sweep323.txt,70d6d4ea8f1e5c890e96da9a63831f53,535,body-v3.23/sim/sweep323.txt
body-v3.28/sim/sweep324.txt,cfd4222ae0c7676c3e2007af218ed7f1,734,body-v3.24/sim/sweep324.txt
body-v3.28/sim/sweep325.txt,3c409c7b0c8bbc7d48bf344950569360,1016,body-v3.25/sim/sweep325.txt
body-v3.28/sim/sweep325b.txt,b7f771ed43e2784c7cca9755926d5e26,793,body-v3.25/sim/sweep325b.txt
body-v3.28/sim/sweep326.txt,61017d58f8403ff335f370077ea3a9a7,727,body-v3.26/sim/sweep326.txt
body-v3.28/sim/sweep327.txt,44eb2703abffb2fea5bd81229318973e,727,body-v3.27/sim/sweep327.txt
body-v3.28/sim/sweep328.txt,1512277e6bfeb253f2fb01412bd1ea30,1252,body-v3.28/sim/sweep328.txt
body-v3.28/sim/walk_refine_eff_v32.json,c16511f9d50b2474cee6257db0d85351,157,body-v3.23/sim/walk_refine_eff_v32.json
body-v3.28/sim/walk_refine_v32.json,3b253aeda52b4392617f6df852890e82,156,body-v3.27/sim/walk_refine_v32.json
body-v3.28/sim/walk_v3.json,2d4c4e88df2b7bcf4fddc9388a195c38,3034,body-v3.28/sim/walk_v3.json
body-v3.28/sim/walk_v3_eff.json,9ac63cc450b6eb72b33ec6927801f609,3044,body-v3.28/sim/walk_v3_eff.json
body-v3.28/sim/walk_v3_eff_noref.json,ebaa41acfaaef3b24dc77ab83db09f93,3101,body-v3.10/sim/walk_v3_eff_noref.json
body-v3.28/sim/walk_v3_noref.json,85f5f335181e839cfdc2d627ecca5d32,3095,body-v3.10/sim/walk_v3_noref.json
body-v3.28/sim/walk_v3_prerefine_v310.json,09d03ddff2a0a115af858a30f0934a7e,3038,body-v3.10/sim/walk_v3_prerefine_v310.json
body-v3.28/sim/we317.log,909b74c0ea465803e8271ca953cb24d3,126,body-v3.17/sim/we317.log
body-v3.28/sim/we318.log,cf4768c1657856fc40fa2c919d66ea86,127,body-v3.18/sim/we318.log
body-v3.28/sim/we319.log,3f677b2656f761d6d36a48d6fef04cbf,126,body-v3.19/sim/we319.log
body-v3.28/sim/we320.log,ce08323dee1e373fba90bff4e78c5694,127,body-v3.20/sim/we320.log
body-v3.28/sim/we321b.log,e45662280140f094d9074850f66b1e0c,127,body-v3.21/sim/we321b.log
body-v3.28/sim/we322.log,407e0e99965ade0f7cb2f4186060a3d0,125,body-v3.22/sim/we322.log
body-v3.28/sim/we323.log,cde16558d70b04c25b7adf3b0969e050,125,body-v3.23/sim/we323.log
body-v3.28/sim/we324.log,0f6e6d7e6bac13e7e866e1d6d21aedf1,125,body-v3.24/sim/we324.log
body-v3.28/sim/we325.log,68bbf14b07f1c54de9d05de7a759c7c5,121,body-v3.25/sim/we325.log
body-v3.28/sim/we326.log,827d83d724450dd20afb6b3a6dc20582,126,body-v3.26/sim/we326.log
body-v3.28/sim/we327.log,9045dbde47267af8338cbf5fdcb8c865,124,body-v3.27/sim/we327.log
body-v3.28/sim/we328.log,3f4ae637bcc8037a61457be27efa019d,123,body-v3.28/sim/we328.log
body-v3.28/sim/wee317.log,7656cb072a79947613d2fb1b6f43d853,127,body-v3.17/sim/wee317.log
body-v3.28/sim/wee318.log,5190b6cd46b96e2cbaf59dc74937c829,127,body-v3.18/sim/wee318.log
body-v3.28/sim/wee319.log,e1617f52cb38131115c93a6a9b087131,129,body-v3.19/sim/wee319.log
body-v3.28/sim/wee320.log,1ef65b3d0c0e312f23a72c1397253066,128,body-v3.20/sim/wee320.log
body-v3.28/sim/wee322.log,70e4d67b26be70fc24d55061a7dfccb9,128,body-v3.22/sim/wee322.log
body-v3.28/sim/wee323.log,4266b6265524378564c2dc06c5dd19b1,128,body-v3.23/sim/wee323.log
body-v3.28/sim/wee324.log,c8d8924e457d570fa7dab2bae59f97e0,128,body-v3.24/sim/wee324.log
body-v3.28/sim/wee325.log,bde6846c08458aad761a999bf230f4d2,128,body-v3.25/sim/wee325.log
body-v3.28/sim/wee326.log,cd8f1464bd4109de2dd38f52a38a2d56,128,body-v3.26/sim/wee326.log
body-v3.28/sim/wee327.log,a10d176937225b58c7883fe58adc8501,128,body-v3.27/sim/wee327.log
body-v3.28/sim/wee328.log,a001a183cf8bfbe3bf0c55a510d06888,129,body-v3.28/sim/wee328.log
body-v3.28/sim/wr317.log,7aabad450d8fee0e5cf88845890bc832,549,body-v3.17/sim/wr317.log
body-v3.28/sim/wr318.log,7e3296c6912b1ea3665e1eecf625a1fa,550,body-v3.18/sim/wr318.log
body-v3.28/sim/wr319.log,ec71d90097784f9358b910a600739de9,546,body-v3.19/sim/wr319.log
body-v3.28/sim/wr321.log,9c5746707350699dfcddcafbe5fa9862,556,body-v3.21/sim/wr321.log
body-v3.28/sim/wr321b.log,6f26a7b15ab047e6ae1b24ac2760b222,549,body-v3.21/sim/wr321b.log
body-v3.28/sim/wr322.log,b5f9a4d5217cff369faf1c7aad137242,539,body-v3.22/sim/wr322.log
body-v3.28/sim/wr325.log,fadc71913b836e043acf136ed234e37e,543,body-v3.25/sim/wr325.log
body-v3.28/sim/wr325b.log,ac252fa78c414c08bc6bd915c72c1023,546,body-v3.25/sim/wr325b.log
body-v3.28/sim/wre319.log,5dc35f4200037d2feeaab949c4f83421,548,body-v3.19/sim/wre319.log
body-v3.28/sim/wre319b.log,27e94bc650d92537dfcb31ffd6dabc89,549,body-v3.19/sim/wre319b.log
body-v3.28/sim/wre323.log,13900173b09c52a190bfc13d54fab539,546,body-v3.23/sim/wre323.log
body-v3.28/sim/wre323b.log,e86f9c63be2ec9ad4d431aa2a45d64c1,546,body-v3.23/sim/wre323b.log
body-v3.28/sim/wre323c.log,4e2a1d0c084021ffa7bf77f1d3d00bb6,544,body-v3.23/sim/wre323c.log
body-v3.28/sim/bak327/walk_v3.json,964824afd26ad9c0522d6d7782401523,3037,body-v3.27/sim/bak327/walk_v3.json
body-v3.28/sim/bak327/walk_v3_eff.json,da3a9965c5a1098dfc507e9eb7a6f94f,3047,body-v3.27/sim/walk_v3_eff.json
body-v3.28/sim/bak327/walk_v3_eff_noref.json,ebaa41acfaaef3b24dc77ab83db09f93,3101,body-v3.10/sim/walk_v3_eff_noref.json
body-v3.28/sim/bak327/walk_v3_noref.json,85f5f335181e839cfdc2d627ecca5d32,3095,body-v3.10/sim/walk_v3_noref.json
body-v3.28/sim/bak327/walk_v3_prerefine_v310.json,09d03ddff2a0a115af858a30f0934a7e,3038,body-v3.10/sim/walk_v3_prerefine_v310.json
body-v3.28/sim/bak_pre_refine_v323/walk_v3_eff.json,b2efa2b2ba6f159fc5162672a5423484,3047,body-v3.23/sim/bak_pre_refine_v323/walk_v3_eff.json
body-v3.28/sim/bak_pre_refine_v325/walk_v3.json,d91486a67e40fef0468f5922a172614f,3033,body-v3.25/sim/bak_pre_refine_v325/walk_v3.json
body-v3.28/sim/bak_pre_refine_v325/walk_v3_eff.json,60d2713caf97465e4706ec75bf0e1245,3043,body-v3.25/sim/bak_pre_refine_v325/walk_v3_eff.json
body-v3.28/sim/bak_pre_refine_v325/walk_v3_eff_noref.json,ebaa41acfaaef3b24dc77ab83db09f93,3101,body-v3.10/sim/walk_v3_eff_noref.json
body-v3.28/sim/bak_pre_refine_v325/walk_v3_noref.json,85f5f335181e839cfdc2d627ecca5d32,3095,body-v3.10/sim/walk_v3_noref.json
body-v3.28/sim/bak_pre_refine_v325/walk_v3_prerefine_v310.json,09d03ddff2a0a115af858a30f0934a7e,3038,body-v3.10/sim/walk_v3_prerefine_v310.json
body-v3.28/sim/bak_pre_refine_v325b/walk_v3.json,688eb379af559a5a89ffdd61de0ab178,3035,body-v3.25/sim/bak_pre_refine_v325b/walk_v3.json
body-v3.28/sim/bak_pre_refine_v325b/walk_v3_eff.json,1ab8d66660ab95f06130677b82b97602,3044,body-v3.25/sim/walk_v3_eff.json
body-v3.28/sim/bak_pre_refine_v325b/walk_v3_eff_noref.json,ebaa41acfaaef3b24dc77ab83db09f93,3101,body-v3.10/sim/walk_v3_eff_noref.json
body-v3.28/sim/bak_pre_refine_v325b/walk_v3_noref.json,85f5f335181e839cfdc2d627ecca5d32,3095,body-v3.10/sim/walk_v3_noref.json
body-v3.28/sim/bak_pre_refine_v325b/walk_v3_prerefine_v310.json,09d03ddff2a0a115af858a30f0934a7e,3038,body-v3.10/sim/walk_v3_prerefine_v310.json
body-v3.28/sim/v310_ref/arm_heat_v3.json,07b5df779e4043a927a2b4d6fb21639a,4222,body-v3.10/sim/arm_heat_v3.json
body-v3.28/sim/v310_ref/results_v3.json,2370068638410dd3864dd3c892cd6a3b,7823,body-v3.10/sim/results_v3.json
body-v3.28/sim/v310_ref/walk_v3.json,e9d78c042a9e739225f3023ca5bd64dd,3038,body-v3.10/sim/walk_v3.json
body-v3.28/sim/v310_ref/walk_v3_eff.json,1e744e11cd7023f86b9f07eff160bb5d,3038,body-v3.10/sim/walk_v3_eff.json
body-v3.28/sim/v311_ref/arm_heat_v3.json,07b5df779e4043a927a2b4d6fb21639a,4222,body-v3.10/sim/arm_heat_v3.json
body-v3.28/sim/v311_ref/results_v3.json,859125992a19eb68d7b6dfc8772bce89,7823,body-v3.11/sim/results_v3.json
body-v3.28/sim/v311_ref/walk_v3.json,4af9789103d25cb741517657b5fde163,3031,body-v3.11/sim/walk_v3.json
body-v3.28/sim/v311_ref/walk_v3_eff.json,90de5e2d159d49e1a165ee89674e8272,3049,body-v3.11/sim/walk_v3_eff.json
body-v3.28/sim/v312_ref/arm_heat_v3.json,07b5df779e4043a927a2b4d6fb21639a,4222,body-v3.10/sim/arm_heat_v3.json
body-v3.28/sim/v312_ref/results_v3.json,5424004f332c0e8e99cd9a8ec70d033e,7823,body-v3.12/sim/results_v3.json
body-v3.28/sim/v312_ref/walk_v3.json,6813456c6d543b75d9ce3378cc7ec76d,3035,body-v3.12/sim/walk_v3.json
body-v3.28/sim/v312_ref/walk_v3_eff.json,da1bc95efaa4f87cffc8d4173df08fb6,3048,body-v3.12/sim/walk_v3_eff.json
body-v3.28/sim/v314_ref/arm_heat_v3.json,07b5df779e4043a927a2b4d6fb21639a,4222,body-v3.10/sim/arm_heat_v3.json
body-v3.28/sim/v314_ref/results_v3.json,5ff19fd27ab58cd5229b75f149e29603,7823,body-v3.14/sim/results_v3.json
body-v3.28/sim/v314_ref/walk_v3.json,1e30876edb5e0bee39df59123740079d,3036,body-v3.14/sim/walk_v3.json
body-v3.28/sim/v314_ref/walk_v3_eff.json,c116a8d3fe477f01a98b8bb54dabfa7f,3045,body-v3.14/sim/walk_v3_eff.json
body-v3.28/sim/v315_ref/arm_heat_v3.json,07b5df779e4043a927a2b4d6fb21639a,4222,body-v3.10/sim/arm_heat_v3.json
body-v3.28/sim/v315_ref/results_v3.json,b313775a19af5f0e29ea8d9ae9575fe6,7822,body-v3.15/sim/results_v3.json
body-v3.28/sim/v315_ref/walk_v3.json,c985f9e94b78a0fe370d07b3b066741c,3031,body-v3.15/sim/walk_v3.json
body-v3.28/sim/v315_ref/walk_v3_eff.json,ffd36628ae1263713261beaf6e10d638,3039,body-v3.15/sim/walk_v3_eff.json
body-v3.28/sim/v316_ref/arm_heat_v3.json,07b5df779e4043a927a2b4d6fb21639a,4222,body-v3.10/sim/arm_heat_v3.json
body-v3.28/sim/v316_ref/results_v3.json,24e44ae5ede579cf27e9c59f3e91a5de,7775,body-v3.16/sim/results_v3.json
body-v3.28/sim/v316_ref/walk_v3.json,204d18347ae73d7c7dea42312c01ae3f,3036,body-v3.16/sim/walk_v3.json
body-v3.28/sim/v316_ref/walk_v3_eff.json,fbf1db72d2d067b3cd3d9ac1219e6d20,3040,body-v3.16/sim/walk_v3_eff.json
body-v3.28/sim/v317_ref/arm_heat_v3.json,07b5df779e4043a927a2b4d6fb21639a,4222,body-v3.10/sim/arm_heat_v3.json
body-v3.28/sim/v317_ref/results_v3.json,935d6addfe550f20e12c8b793636fe96,7778,body-v3.17/sim/results_v3.json
body-v3.28/sim/v317_ref/walk_v3.json,0514cc614c854751602a29fa12e9d12f,3035,body-v3.17/sim/walk_v3.json
body-v3.28/sim/v317_ref/walk_v3_eff.json,bf910ab795ecc5688ba847d99747c920,3035,body-v3.17/sim/walk_v3_eff.json
body-v3.28/sim/v318_ref/arm_heat_v3.json,07b5df779e4043a927a2b4d6fb21639a,4222,body-v3.10/sim/arm_heat_v3.json
body-v3.28/sim/v318_ref/results_v3.json,b574dd55b92c2a33487ba4df1b2c8382,7730,body-v3.18/sim/results_v3.json
body-v3.28/sim/v318_ref/walk_v3.json,33e5b5229a31a9aab20310892ef2c5a7,3033,body-v3.18/sim/walk_v3.json
body-v3.28/sim/v318_ref/walk_v3_eff.json,b7f747d38a4ab2f7f6855d9d19724dda,3041,body-v3.18/sim/walk_v3_eff.json
body-v3.28/sim/v319_ref/arm_heat_v3.json,07b5df779e4043a927a2b4d6fb21639a,4222,body-v3.10/sim/arm_heat_v3.json
body-v3.28/sim/v319_ref/results_v3.json,b6381dfeaa6b0f3c7fda067dc519bbf6,7719,body-v3.19/sim/results_v3.json
body-v3.28/sim/v319_ref/walk_v3.json,2befac91b8fb900a116412d9eb360ef1,3040,body-v3.19/sim/walk_v3.json
body-v3.28/sim/v319_ref/walk_v3_eff.json,958b7e2ebedc49ce3e3f984ed44e4648,3043,body-v3.19/sim/walk_v3_eff.json
body-v3.28/sim/v31_ref/arm_heat_v3.json,2126fcc62fd7d3c396dcb7770419204a,4220,body-v3.1/sim/arm_heat_v3.json
body-v3.28/sim/v31_ref/mass_report_v3.json,b22177cef249a8bc99fcb2f57bb05878,12902,body-v3.1/sim/mass_report_v3.json
body-v3.28/sim/v31_ref/results_v3.json,510d1456468455e8152b440555672307,8029,body-v3.1/sim/results_v3.json
body-v3.28/sim/v31_ref/walk_v3.json,21a198ab40b540b4e3398bd7bdd66988,3094,body-v3.1/sim/walk_v3.json
body-v3.28/sim/v31_ref/walk_v3_eff.json,031ec90a823c37124efb0f9b271545e0,3102,body-v3.1/sim/walk_v3_eff.json
body-v3.28/sim/v320_ref/arm_heat_v3.json,07b5df779e4043a927a2b4d6fb21639a,4222,body-v3.10/sim/arm_heat_v3.json
body-v3.28/sim/v320_ref/results_v3.json,a3f76d9df0efa840ce3eedc394c67c25,7725,body-v3.20/sim/results_v3.json
body-v3.28/sim/v320_ref/walk_v3.json,3c60ae1fab664f989b79e69f90a262b8,3041,body-v3.20/sim/walk_v3.json
body-v3.28/sim/v320_ref/walk_v3_eff.json,03eb5773b7046ab0d35d27298ebcb3a6,3042,body-v3.20/sim/walk_v3_eff.json
body-v3.28/sim/v321_ref/arm_heat_v3.json,07b5df779e4043a927a2b4d6fb21639a,4222,body-v3.10/sim/arm_heat_v3.json
body-v3.28/sim/v321_ref/results_v3.json,9376232a72512e604ebf34cf3b0762df,7731,body-v3.21/sim/results_v3.json
body-v3.28/sim/v321_ref/walk_v3.json,01446e40422c7d46429c72ec2607530b,3036,body-v3.21/sim/walk_v3.json
body-v3.28/sim/v321_ref/walk_v3_eff.json,3ce6d50a38fd9906f253a17dd746cce3,3047,body-v3.21/sim/walk_v3_eff.json
body-v3.28/sim/v322_ref/arm_heat_v3.json,07b5df779e4043a927a2b4d6fb21639a,4222,body-v3.10/sim/arm_heat_v3.json
body-v3.28/sim/v322_ref/results_v3.json,6ad0ee2d5d6d53f8b36744fa2ee3242d,7719,body-v3.22/sim/results_v3.json
body-v3.28/sim/v322_ref/walk_v3.json,7967a3be11fabb980089e5200d649aa6,3033,body-v3.22/sim/walk_v3.json
body-v3.28/sim/v322_ref/walk_v3_eff.json,098c6cd614912b59984aee1711e1acd5,3043,body-v3.22/sim/walk_v3_eff.json
body-v3.28/sim/v323_ref/arm_heat_v3.json,07b5df779e4043a927a2b4d6fb21639a,4222,body-v3.10/sim/arm_heat_v3.json
body-v3.28/sim/v323_ref/results_v3.json,8d437b38b13edee42f6213c5b73acaba,7723,body-v3.23/sim/results_v3.json
body-v3.28/sim/v323_ref/walk_v3.json,5d86ba253d556f0c4e06a6b6a6ee3b16,3035,body-v3.23/sim/walk_v3.json
body-v3.28/sim/v323_ref/walk_v3_eff.json,b809785c839b19be78d9cac4f267cc4a,3044,body-v3.23/sim/walk_v3_eff.json
body-v3.28/sim/v324_ref/arm_heat_v3.json,07b5df779e4043a927a2b4d6fb21639a,4222,body-v3.10/sim/arm_heat_v3.json
body-v3.28/sim/v324_ref/results_v3.json,c2d2ee2856647249a3c0edef466fd442,7733,body-v3.24/sim/results_v3.json
body-v3.28/sim/v324_ref/walk_v3.json,77e520cc6fba6e96027e334d719150a5,3024,body-v3.24/sim/walk_v3.json
body-v3.28/sim/v324_ref/walk_v3_eff.json,2bb82f6d7a4c038ecb38c57e67604e13,3046,body-v3.24/sim/walk_v3_eff.json
body-v3.28/sim/v325_ref/arm_heat_v3.json,07b5df779e4043a927a2b4d6fb21639a,4222,body-v3.10/sim/arm_heat_v3.json
body-v3.28/sim/v325_ref/results_v3.json,b51494e74102af742a56d63696279dba,7727,body-v3.25/sim/results_v3.json
body-v3.28/sim/v325_ref/walk_v3.json,f60a951a4b18058b700a5325219addab,3031,body-v3.25/sim/walk_v3.json
body-v3.28/sim/v325_ref/walk_v3_eff.json,1ab8d66660ab95f06130677b82b97602,3044,body-v3.25/sim/walk_v3_eff.json
body-v3.28/sim/v326_ref/arm_heat_v3.json,07b5df779e4043a927a2b4d6fb21639a,4222,body-v3.10/sim/arm_heat_v3.json
body-v3.28/sim/v326_ref/results_v3.json,70359bc6e7e5f934374929b7bfa2db96,7726,body-v3.26/sim/results_v3.json
body-v3.28/sim/v326_ref/walk_v3.json,a1b5d52b0263f38a5d6db909f045829a,3038,body-v3.26/sim/walk_v3.json
body-v3.28/sim/v326_ref/walk_v3_eff.json,84947c78401902a0e0b4f111c92ad675,3046,body-v3.26/sim/walk_v3_eff.json
body-v3.28/sim/v327_ref/arm_heat_v3.json,07b5df779e4043a927a2b4d6fb21639a,4222,body-v3.10/sim/arm_heat_v3.json
body-v3.28/sim/v327_ref/results_v3.json,19357f3c943fcbe6e772f28f2c66563f,7722,body-v3.27/sim/results_v3.json
body-v3.28/sim/v327_ref/walk_v3.json,73af163fcbe80e541d505b06e19bebe6,3035,body-v3.27/sim/walk_v3.json
body-v3.28/sim/v327_ref/walk_v3_eff.json,da3a9965c5a1098dfc507e9eb7a6f94f,3047,body-v3.27/sim/walk_v3_eff.json
body-v3.28/sim/v32_ref/arm_heat_v3.json,07b5df779e4043a927a2b4d6fb21639a,4222,body-v3.10/sim/arm_heat_v3.json
body-v3.28/sim/v32_ref/results_v3.json,691b926aea221e63317388971ca903f7,8023,body-v3.10/sim/v32_ref/results_v3.json
body-v3.28/sim/v32_ref/walk_refine_v32.json,0648267fc7b09edeaa65985c0b4db260,157,body-v3.10/sim/v32_ref/walk_refine_v32.json
body-v3.28/sim/v32_ref/walk_v3.json,120423616b57938b7fd7672da7ad00f6,3165,body-v3.10/sim/v32_ref/walk_v3.json
body-v3.28/sim/v32_ref/walk_v3_eff.json,0860666c2fb00c61803ca5cf38d8cf2e,3103,body-v3.10/sim/v32_ref/walk_v3_eff.json
body-v3.28/sim/v33_ref/arm_heat_v3.json,07b5df779e4043a927a2b4d6fb21639a,4222,body-v3.10/sim/arm_heat_v3.json
body-v3.28/sim/v33_ref/results_v3.json,1f5b949f70ea6f2d2ca68c339ea885bb,8028,body-v3.10/sim/v33_ref/results_v3.json
body-v3.28/sim/v33_ref/walk_v3.json,135fd3eba247694b2d0455b05c2b1ed0,3154,body-v3.10/sim/v33_ref/walk_v3.json
body-v3.28/sim/v33_ref/walk_v3_eff.json,07f206d2b718406f84a80514363a0894,3163,body-v3.10/sim/v33_ref/walk_v3_eff.json
body-v3.28/sim/v34_ref/arm_heat_v3.json,07b5df779e4043a927a2b4d6fb21639a,4222,body-v3.10/sim/arm_heat_v3.json
body-v3.28/sim/v34_ref/results_v3.json,daa3ef05a96a0d46bbace841296e31c6,8020,body-v3.10/sim/v34_ref/results_v3.json
body-v3.28/sim/v34_ref/walk_v3.json,7f1ce820d388e0e41ba3dfc2c5faba4a,3155,body-v3.10/sim/v34_ref/walk_v3.json
body-v3.28/sim/v34_ref/walk_v3_eff.json,4ea2b63d0b9eba2faa54ba882cf92f93,3160,body-v3.10/sim/v34_ref/walk_v3_eff.json
body-v3.28/sim/v36_ref/arm_heat_v3.json,07b5df779e4043a927a2b4d6fb21639a,4222,body-v3.10/sim/arm_heat_v3.json
body-v3.28/sim/v36_ref/results_v3.json,6d09c34dcdbeb0ab1721a3015ed869a3,7773,body-v3.10/sim/v36_ref/results_v3.json
body-v3.28/sim/v36_ref/walk_v3.json,38bcf54acd4ca8bbf675993d585329f0,3039,body-v3.10/sim/v36_ref/walk_v3.json
body-v3.28/sim/v36_ref/walk_v3_eff.json,31b8a828b14afc9f5d317ef29cfbe9a9,3042,body-v3.10/sim/v36_ref/walk_v3_eff.json
body-v3.28/sim/v37_ref/arm_heat_v3.json,07b5df779e4043a927a2b4d6fb21639a,4222,body-v3.10/sim/arm_heat_v3.json
body-v3.28/sim/v37_ref/results_v3.json,e28526abee73fc3f1f2ce8a8893f87ae,7780,body-v3.10/sim/v37_ref/results_v3.json
body-v3.28/sim/v37_ref/walk_v3.json,33671a750fd7dce386401bce59f686a8,3032,body-v3.10/sim/v37_ref/walk_v3.json
body-v3.28/sim/v37_ref/walk_v3_eff.json,7be0f1960d01f0a3b80fb0f12f58de19,3043,body-v3.10/sim/v37_ref/walk_v3_eff.json
body-v3.28/sim/v38_ref/arm_heat_v3.json,07b5df779e4043a927a2b4d6fb21639a,4222,body-v3.10/sim/arm_heat_v3.json
body-v3.28/sim/v38_ref/results_v3.json,db7c5b8b22483b4f91eb46d530353928,7824,body-v3.10/sim/v38_ref/results_v3.json
body-v3.28/sim/v38_ref/walk_v3.json,fee45989bdaf3ab94dcabed25b50e7bb,3039,body-v3.10/sim/v38_ref/walk_v3.json
body-v3.28/sim/v38_ref/walk_v3_eff.json,228f2964c6705f80ebc7366edb2f0317,3043,body-v3.10/sim/v38_ref/walk_v3_eff.json
body-v3.28/sim/v39_ref/arm_heat_v3.json,07b5df779e4043a927a2b4d6fb21639a,4222,body-v3.10/sim/arm_heat_v3.json
body-v3.28/sim/v39_ref/results_v3.json,6603ecb5509ca86206a169ce15811895,7824,body-v3.10/sim/v39_ref/results_v3.json
body-v3.28/sim/v39_ref/walk_v3.json,8fc65df0a06c89e667c1c6d739d66c3c,3033,body-v3.10/sim/v39_ref/walk_v3.json
body-v3.28/sim/v39_ref/walk_v3_eff.json,79767a0ef34301f4d5f02ac4e2c255bf,3042,body-v3.10/sim/v39_ref/walk_v3_eff.json
body-v3.28/sim/v3_ref/arm_heat_v3.json,24f0f1621b09d575497b233327d5af34,4223,body-v3/sim/arm_heat_v3.json
body-v3.28/sim/v3_ref/results_v3.json,e91a5d8c46c37b6547966407c5d77848,8025,body-v3/sim/results_v3.json
body-v3.28/sim/v3_ref/walk_v3.json,f6dfc33626937c34a72b551e33684da3,3337,body-v3/sim/walk_v3.json
body-v3.28/sim/v3_ref/walk_v3_eff.json,394deba9fbf961cf5d88aae40d78c2e6,3347,body-v3/sim/walk_v3_eff.json
body-v3.29/README.md,65c2e177b5412a5e63ba38b5190edbde,6101,body-v3.10/README.md
body-v3.29/README_v3.md,d5dfb182350ce2de808eda08cc549acc,8398,body-v3/README.md
body-v3.29/README_v31.md,62cf5740b1281b505a1e2bb98d536030,8478,body-v3.1/README.md
body-v3.29/README_v310.md,8da2f237ff36b44d0add847660514f13,3734,body-v3.10/README_v310.md
body-v3.29/README_v311.md,00e8e1e244dfd4deb11e26e2ae98012f,4189,body-v3.11/README_v311.md
body-v3.29/README_v312.md,1661c05da47e75ae5678be1a9513648e,4010,body-v3.12/README_v312.md
body-v3.29/README_v313.md,60beb427e39b3057b625d7c402153ecd,3338,body-v3.13/README_v313.md
body-v3.29/README_v314.md,c06f881a9d452d57268625b05f4b8850,3978,body-v3.14/README_v314.md
body-v3.29/README_v315.md,e6dcd0fd62eb3f59d02bf840e1d59599,2771,body-v3.15/README_v315.md
body-v3.29/README_v316.md,af2d2b48ebd64516bfe0f1dd61b28da7,6517,body-v3.16/README_v316.md
body-v3.29/README_v317.md,08d1cd9d822124621f017e9b62a01692,4494,body-v3.17/README_v317.md
body-v3.29/README_v318.md,0af4e594f70c70c582978e26dba2fd10,4575,body-v3.18/README_v318.md
body-v3.29/README_v319.md,9cab512e2cc660ed2cc713091882f107,5665,body-v3.19/README_v319.md
body-v3.29/README_v32.md,36d5079dfd7d10c4ca271706c936cf5a,12057,body-v3.10/README_v32.md
body-v3.29/README_v320.md,1bd93ec87a4a978fead0c396fc582328,2026,body-v3.20/README_v320.md
body-v3.29/README_v321.md,940bbfbf636a75d9a05673bb9bf46acc,2892,body-v3.21/README_v321.md
body-v3.29/README_v322.md,d0144fa82487f3971e9f5466b74ae3bc,2977,body-v3.22/README_v322.md
body-v3.29/README_v327.md,e6df1f7c2a18fc814112b19b30916e1a,3302,body-v3.27/README_v327.md
body-v3.29/README_v328.md,7105c8579266315dbfdda7b8c375e5cb,5522,body-v3.28/README_v328.md
body-v3.29/README_v329.md,71452aa691ecd9fbfd72871ce71e8239,5854,body-v3.29/README_v329.md
body-v3.29/README_v33.md,6752bb01dae32e530a285e330f4d5770,5164,body-v3.10/README_v33.md
body-v3.29/README_v34.md,b512057a38e8cd7dd3ee07219c058e51,2623,body-v3.10/README_v34.md
body-v3.29/README_v35.md,7d8c481c42edc18f57b68b7bcea44345,2418,body-v3.10/README_v35.md
body-v3.29/README_v36.md,756af93fbf80b2ee9e5fee1458509d98,2438,body-v3.10/README_v36.md
body-v3.29/README_v38.md,ed0092856c928668efe6274c4752d7c2,4651,body-v3.10/README_v38.md
body-v3.29/README_v39.md,93f974e23db0965ce50120ba22d3dfaf,4818,body-v3.10/README_v39.md
body-v3.29/armsweep_v316.json,1f5aeabfa91da235aef6d943587fcf20,232,body-v3.16/armsweep_v316.json
body-v3.29/armsweep_v317.json,64745441dcb259065e67e21ae09ffab6,1203,body-v3.17/armsweep_v317.json
body-v3.29/armsweep_v318.json,5ae60717248b7264e1f67c1252ce79a5,1198,body-v3.18/armsweep_v318.json
body-v3.29/armsweep_v319.json,8c6d5a5f572ff5fabd1bbab9856ddf11,1230,body-v3.19/armsweep_v319.json
body-v3.29/armsweep_v320.json,9cf76322dae0716251c9d43d851284dd,992,body-v3.20/armsweep_v320.json
body-v3.29/armsweep_v321.json,185ddf1d621c09dea5d35968652520a9,790,body-v3.21/armsweep_v321.json
body-v3.29/armsweep_v322.json,1c2b3fd30dfdab42e8c6f9655d7801af,990,body-v3.22/armsweep_v322.json
body-v3.29/armsweep_v323_on_this.json,cc1d45898859189c26dfa9af89931450,1090,body-v3.23/armsweep_v323_on_this.json
body-v3.29/armsweep_v324.json,da76ca344a4ed4b0207c31572c35376a,990,body-v3.24/armsweep_v324.json
body-v3.29/armsweep_v325.json,da76ca344a4ed4b0207c31572c35376a,990,body-v3.24/armsweep_v324.json
body-v3.29/armsweep_v326.json,da76ca344a4ed4b0207c31572c35376a,990,body-v3.24/armsweep_v324.json
body-v3.29/armsweep_v327_on_this.json,da76ca344a4ed4b0207c31572c35376a,990,body-v3.24/armsweep_v324.json
body-v3.29/armsweep_v328_on_this.json,da76ca344a4ed4b0207c31572c35376a,990,body-v3.24/armsweep_v324.json
body-v3.29/armsweep_v329_on_this.json,da76ca344a4ed4b0207c31572c35376a,990,body-v3.24/armsweep_v324.json
body-v3.29/bom_v35.md,54e414cced6d75762caa12cba76d0d40,1012,body-v3.10/bom_v35.md
body-v3.29/build_report.json,3c08239c078593b51d293cace8ec1a27,19929,body-v3.10/build_report.json
body-v3.29/changed_parts_v36_to_v37.json,a9a41d7c46a2ad62fed49408f90e4b29,1338,body-v3.10/changed_parts_v36_to_v37.json
body-v3.29/changed_parts_v37_to_v38.json,49ae233dc0c85f386397a6f0a52f4f9a,6172,body-v3.10/changed_parts_v37_to_v38.json
body-v3.29/changed_parts_v38_to_v39.json,d3cd5cdf0f50ea6407e39f2225cef809,6381,body-v3.10/changed_parts_v38_to_v39.json
body-v3.29/collide_head_v310.json,e25c6464886e09f567ee551e6f338f74,2142,body-v3.10/collide_head_v310.json
body-v3.29/collide_head_v311.json,e25c6464886e09f567ee551e6f338f74,2142,body-v3.10/collide_head_v310.json
body-v3.29/collide_head_v312.json,e25c6464886e09f567ee551e6f338f74,2142,body-v3.10/collide_head_v310.json
body-v3.29/collide_head_v312_baseline_for_v313.json,9b4637517f3bf949c5067330e618d235,10236,body-v3.13/collide_head_v312_baseline_for_v313.json
body-v3.29/collide_head_v313.json,b49557fdb2e92668b038eff5c1f559b2,10094,body-v3.13/collide_head_v313.json
body-v3.29/collide_head_v314.json,84a15622992a6302ff45de44e07548b2,10324,body-v3.14/collide_head_v314.json
body-v3.29/collide_head_v315.json,3abfd60515fd19ab49ad5e9844607e08,9549,body-v3.15/collide_head_v315.json
body-v3.29/collide_log_v38.txt,9401ea726b306a56955aecbaf3d6525e,4281,body-v3.10/collide_log_v38.txt
body-v3.29/collide_log_v39.txt,9401ea726b306a56955aecbaf3d6525e,4281,body-v3.10/collide_log_v38.txt
body-v3.29/collide_report.json,e6ddd4078834a837f9559a91643465bb,20690,body-v3.10/collide_report.json
body-v3.29/collide_v31_rule_check.json,2cfb89f60ed078067a5b0d563369f90c,129,body-v3.1/collide_v31_rule_check.json
body-v3.29/collide_v32_rule_check.json,005b67a629f7dd1569344a87c0e8df7b,164,body-v3.10/collide_v32_rule_check.json
body-v3.29/crest_valley_v321.json,3f672f077ad7c227637940c3147cf8b7,1542,body-v3.21/crest_valley_v321.json
body-v3.29/crest_valley_v322.json,ace9cd2fe2155ae48ab8593e69f98b44,1392,body-v3.22/crest_valley_v322.json
body-v3.29/fit_v314.json,f8aae41806d01c56389950094ea546d5,320,body-v3.14/fit_v314.json
body-v3.29/grain_report_v37.json,afbb2b0c9e43f4693c210470fb4a21a9,1962,body-v3.29/grain_report_v37.json
body-v3.29/hair_print_report_v313.json,860be9dcc14d271703ad67c23017d1dc,2832,body-v3.13/hair_print_report_v313.json
body-v3.29/hair_print_report_v314.json,a9210bb284841958846ddb4167713788,4794,body-v3.14/hair_print_report_v314.json
body-v3.29/hair_print_report_v315.json,7c5a3f9afea264b52bd3e2841e3c9b82,3652,body-v3.15/hair_print_report_v315.json
body-v3.29/head_print_report.json,79f615cf398723aa2801b3336ef39415,6972,body-v3.10/head_print_report.json
body-v3.29/head_print_report_v315.json,2009b6b02676dc6b96c6dd0d5ffded22,5848,body-v3.15/head_print_report_v315.json
body-v3.29/head_print_report_v316.json,f8e1f5b80ec4e1a19764713305d52d78,3997,body-v3.16/head_print_report_v316.json
body-v3.29/head_print_report_v317.json,fe0ed67ed9be1c640ebe2961c972f159,3397,body-v3.17/head_print_report_v317.json
body-v3.29/head_print_report_v318.json,0c4af57a9b076781b75f49f381e6e2db,3274,body-v3.18/head_print_report_v318.json
body-v3.29/head_print_report_v319.json,19394cee936c19e67eee4e7b4a8bc97a,3164,body-v3.19/head_print_report_v319.json
body-v3.29/head_print_report_v320.json,fc1afe8bee3905b206b2b7456cbb73c3,3165,body-v3.20/head_print_report_v320.json
body-v3.29/head_print_report_v321.json,45ab6961dd3d64dcc06d9b6925a8d9be,3290,body-v3.21/head_print_report_v321.json
body-v3.29/head_print_report_v322.json,40a054a1a377cb70088eb61b6ed08ea3,3312,body-v3.22/head_print_report_v322.json
body-v3.29/head_print_report_v323.json,3e2871c80dabcd440fcd72c46185e909,3244,body-v3.23/head_print_report_v323.json
body-v3.29/head_print_report_v324.json,8783d5355568fb44b8e83f285cdfbbc4,3406,body-v3.24/head_print_report_v324.json
body-v3.29/head_print_report_v325.json,c713d2096a945d0a6e12eb087fb47bba,3244,body-v3.25/head_print_report_v325.json
body-v3.29/head_print_report_v326.json,cae2e2ff4b71336f3e7bbcfb520aaedc,3227,body-v3.26/head_print_report_v326.json
body-v3.29/head_print_report_v327.json,665ee54eb8db38c3e0340c13658f1432,3239,body-v3.27/head_print_report_v327.json
body-v3.29/head_print_report_v328.json,5eb3b4009e441b2a32a6fb6c4fca8a25,3299,body-v3.28/head_print_report_v328.json
body-v3.29/head_print_report_v329.json,4697b7a67903b03389d9fa615ca856bf,3354,body-v3.29/head_print_report_v329.json
body-v3.29/head_print_report_v36.json,d33da0d7f147f0bd784709823ca6e9ae,7037,body-v3.10/head_print_report_v36.json
body-v3.29/head_print_report_v37.json,4e0e79baf232a56165080655c08ae618,7733,body-v3.10/head_print_report_v37.json
body-v3.29/head_print_report_v38.json,5d6e16e5fb2414e0bbfca34176d0c3f5,7735,body-v3.10/head_print_report_v38.json
body-v3.29/head_print_report_v39.json,ba2c678786c8b3f4cd8feca3787e75dd,7781,body-v3.10/head_print_report_v39.json
body-v3.29/head_size_v36.json,04f54b55f682598962ff3481a5aba85f,717,body-v3.10/head_size_v36.json
body-v3.29/headrange_v320.json,4d62c8eed17cabb04608f6e91debbee5,916,body-v3.20/headrange_v320.json
body-v3.29/headrange_v320_on_this.json,25eb0351f478ae4b6bbf5735f82c0c97,997,body-v3.29/headrange_v320_on_this.json
body-v3.29/kilt_check_v316.json,799d097cf52f2f781aee6f772478ae4c,2826,body-v3.16/kilt_check_v316.json
body-v3.29/kilt_check_v316_final_gaits.json,430d99554b945ffe97d090947af9ac02,346,body-v3.16/kilt_check_v316_final_gaits.json
body-v3.29/kilt_print_report_v316.json,7df362561b2ccfefc2eccfe6ae1b03f8,1855,body-v3.16/kilt_print_report_v316.json
body-v3.29/lock_table_v319.md,e055209e989f675cd40a57a2cc4250fc,2047,body-v3.19/lock_table_v319.md
body-v3.29/print_note_hair_v313.md,1e35268b4a671737e912d031e769524e,1665,body-v3.13/print_note_hair_v313.md
body-v3.29/print_note_hair_v314.md,d703f5636f9c988f749d1147171e51e9,2397,body-v3.14/print_note_hair_v314.md
body-v3.29/print_note_hair_v315.md,6a889c9eb945efe71cbd55e83070b248,2211,body-v3.15/print_note_hair_v315.md
body-v3.29/print_note_head_v315.md,b00ab61a458365b15abc38025eeb9024,3040,body-v3.15/print_note_head_v315.md
body-v3.29/print_note_head_v316.md,a4f5d5bc7d9d8ed629a2d852a4c13a00,2664,body-v3.16/print_note_head_v316.md
body-v3.29/print_note_head_v317.md,4688ae5478c06dc314ccd47e767dad95,2703,body-v3.17/print_note_head_v317.md
body-v3.29/print_note_head_v318.md,84654fd7ff87f728f90ca899ef84a8e0,2674,body-v3.18/print_note_head_v318.md
body-v3.29/print_note_head_v319.md,d0467f682f653a81efa0dfad57f3b62c,2611,body-v3.19/print_note_head_v319.md
body-v3.29/print_note_head_v320.md,fb8d40d0d708aecb53cdaab4c505c66a,2785,body-v3.20/print_note_head_v320.md
body-v3.29/print_note_head_v321.md,ed4789b2cfaee2d5338d341f14f4290e,3089,body-v3.21/print_note_head_v321.md
body-v3.29/print_note_head_v322.md,ad4097edd061a164f96d6a5d60ca8ff4,3108,body-v3.22/print_note_head_v322.md
body-v3.29/print_note_head_v323.md,5bc5d802a84be4fac02ed4256de40358,3214,body-v3.23/print_note_head_v323.md
body-v3.29/print_note_head_v324.md,aebc8c225ff6c8acad7e87fec2a8d757,3643,body-v3.24/print_note_head_v324.md
body-v3.29/print_note_head_v325.md,a69acec014ec68e7f6c61b97201d56ef,3371,body-v3.25/print_note_head_v325.md
body-v3.29/print_note_head_v326.md,477e07d7962413dee16330601d6dcc1a,3698,body-v3.26/print_note_head_v326.md
body-v3.29/print_note_head_v327.md,a665738361151e0b5fa650a218de34a3,3887,body-v3.27/print_note_head_v327.md
body-v3.29/print_note_head_v328.md,38db1002dd4fa09d34efd89becc6621c,4109,body-v3.28/print_note_head_v328.md
body-v3.29/print_note_head_v329.md,f31d7bc34e6e8c85f8a59a7697df7bcc,3865,body-v3.29/print_note_head_v329.md
body-v3.29/print_note_kilt_v316.md,0fdb4004cc378b066f170eedf905c93a,3348,body-v3.16/print_note_kilt_v316.md
body-v3.29/print_note_snout_v310.md,8c28ce33c8014e2a35235021cfe421d2,1461,body-v3.10/print_note_snout_v310.md
body-v3.29/print_note_snout_v311.md,9e46a723542d0793ff9f75be43a9b93f,2029,body-v3.11/print_note_snout_v311.md
body-v3.29/print_note_snout_v312.md,c45bac8778b151145198787bdf6e0062,1827,body-v3.12/print_note_snout_v312.md
body-v3.29/print_sheet_body_v38.md,face3494b2f0898c92d4de88aa098edc,6733,body-v3.10/print_sheet_body_v38.md
body-v3.29/print_sheet_head.md,ac0500e69043b84dbd57f7204b995982,3511,body-v3.10/print_sheet_head.md
body-v3.29/print_sheet_head_v36.md,6ac4c2094ed80fd60fd094d5b6ead7f8,3683,body-v3.10/print_sheet_head_v36.md
body-v3.29/print_sheet_head_v37.md,e9fbab93227e450a8c099f93fd6ea65b,5234,body-v3.10/print_sheet_head_v37.md
body-v3.29/print_sheet_head_v38.md,1bd44b955d22ea2e13d00bf05d107d31,5698,body-v3.10/print_sheet_head_v38.md
body-v3.29/print_sheet_head_v39.md,be1e14d15b9f562fb02da2a9853dbef9,5766,body-v3.10/print_sheet_head_v39.md
body-v3.29/servo_choice.md,316473d63f90ad6a5649462db90ee4c3,7062,body-v3.1/servo_choice.md
body-v3.29/snout_print_report_v310.json,4bf50103ac3941a34a8e642e795d6244,1079,body-v3.10/snout_print_report_v310.json
body-v3.29/snout_print_report_v311.json,3a2a461ef0f6fd92fab4a720d1521a76,1010,body-v3.11/snout_print_report_v311.json
body-v3.29/snout_print_report_v312.json,777e230a1c3e92c7a47d5c5b7220e6ad,918,body-v3.12/snout_print_report_v312.json
body-v3.29/torso_env_v34.json,bda31ea296b814d3685d260d29f3e20f,36249,body-v3.10/torso_env_v34.json
body-v3.29/torso_env_v36.json,8b9d02fce005d442335cfb062533af58,54421,body-v3.10/torso_env_v36.json
body-v3.29/torso_env_v38.json,687e14f2e4e89bf21a99087d015075c6,54455,body-v3.10/torso_env_v38.json
body-v3.29/wall_v316_wig_ref.json,da76d2f347b1e63a64657da82a9b63a9,229,body-v3.17/wall_v316_wig_ref.json
body-v3.29/wall_v317.json,9a56d2bc81b85bf45a7a5b2ef12f0c2b,227,body-v3.17/wall_v317.json
body-v3.29/wall_v318.json,8a58771e7725eb91575b2ee5d5f624b9,226,body-v3.18/wall_v318.json
body-v3.29/wall_v319.json,157779f9e5124b4b3dbd7b14b49fd287,226,body-v3.19/wall_v319.json
body-v3.29/wall_v320.json,5dec19b66934cea85dd96c36a283b115,226,body-v3.20/wall_v320.json
body-v3.29/wall_v321.json,a493b5556d52663136969869fdd431dd,228,body-v3.21/wall_v321.json
body-v3.29/wall_v322.json,2aaf6d528fc179661a6ddb5b08e5efa4,222,body-v3.22/wall_v322.json
body-v3.29/wall_v323.json,3dffa10c6b233c74f3061a182e64b2d7,225,body-v3.23/wall_v323.json
body-v3.29/wall_v324.json,c231902a905aea6ab387914d89fe37c4,225,body-v3.24/wall_v324.json
body-v3.29/wall_v325.json,34efe9e675f226588484db0a70b003d4,226,body-v3.25/wall_v325.json
body-v3.29/wall_v326.json,a07b691b862a6e387d5e757473dc4e85,212,body-v3.26/wall_v326.json
body-v3.29/wall_v327.json,6cc940c809060fd54ed3160cef584ef6,226,body-v3.27/wall_v327.json
body-v3.29/wall_v328.json,eb532d30717af73ade5df796060470e1,212,body-v3.28/wall_v328.json
body-v3.29/wall_v329.json,daa5d849b59e5c46d3b13c203caa3804,211,body-v3.29/wall_v329.json
body-v3.29/measure/photo_measure.json,5832cf5aab493edae31cd598e050fc53,2746,body-v3/measure/photo_measure.json
body-v3.29/measure/snout_taper_v312.json,36dde250b844c6de6e65956251b874de,1330,body-v3.12/measure/snout_taper_v312.json
body-v3.29/measure/targets.json,7b665a9c4ecd33771be6d5312f1cfcdb,5282,body-v3/measure/targets.json
body-v3.29/measure/v31_measure.json,7770567faa6c6ee5ce5e18b1da51c474,1121,body-v3.1/measure/v31_measure.json
body-v3.29/measure/v32_measure.json,852640a3181a17ea81aee224e86ac5f7,979,body-v3.10/measure/v32_measure.json
body-v3.29/measure/v32_neck_scale.json,14486360543aa63b349b95440d1f1729,914,body-v3.10/measure/v32_neck_scale.json
body-v3.29/measure/v33_head_size.json,fc2bb9834c1e56d00aff074751409e63,968,body-v3.10/measure/v33_head_size.json
body-v3.29/measure/v33_head_size_overlay.json,f59662c96f18842e63e50af4d4cb1315,567,body-v3.10/measure/v33_head_size_overlay.json
body-v3.29/measure/v33_neck_scale.json,e40e7e3d179e145a736191fd39b80f52,368,body-v3.10/measure/v33_neck_scale.json
body-v3.29/measure319/iou_A.json,b3155955a510a356d68ea43593b1fed0,795,body-v3.26/measure319/iou_A.json
body-v3.29/measure319/iou_A1.json,edba57704027f3f4b4c1ec2224d0e063,798,body-v3.27/measure319/iou_A1.json
body-v3.29/measure319/iou_A2.json,1c76efa9a8547a55517143c51172175a,797,body-v3.27/measure319/iou_A2.json
body-v3.29/measure319/iou_B.json,99837d60d6645b6eac1d1e2f94528244,801,body-v3.26/measure319/iou_B.json
body-v3.29/measure319/iou_B1.json,074a246c1bcfe7bf8f79f7492b3849e7,799,body-v3.27/measure319/iou_B1.json
body-v3.29/measure319/iou_B2.json,3f60caca17629ba51f7ad2018c7d9f42,801,body-v3.27/measure319/iou_B2.json
body-v3.29/measure319/iou_B3.json,7ceee17566fb09bcca043ba16ac4e488,801,body-v3.27/measure319/iou_B3.json
body-v3.29/measure319/iou_B4.json,a59ea9a26b61ed4cbb0a96ef3a20489c,799,body-v3.27/measure319/iou_B4.json
body-v3.29/measure319/iou_B5.json,70d2be5970baf2c4043070e85ec5e013,801,body-v3.27/measure319/iou_B5.json
body-v3.29/measure319/iou_B6.json,4c358bfd23416862e67bd6fb351bbfec,800,body-v3.27/measure319/iou_B6.json
body-v3.29/measure319/iou_C.json,faeb5a2f55655ae8e74bd209be8af10b,800,body-v3.26/measure319/iou_C.json
body-v3.29/measure319/iou_C1.json,01d1caf0fc6ac87b50297d9d1da454a8,798,body-v3.27/measure319/iou_C1.json
body-v3.29/measure319/iou_C2.json,1ca3ad2b7cf6765e2adc68ae302536db,801,body-v3.27/measure319/iou_C2.json
body-v3.29/measure319/iou_D.json,da20e8aff026eeb3782f4d8581d6f05b,798,body-v3.26/measure319/iou_D.json
body-v3.29/measure319/iou_D1.json,54a609eb5fc2d64192e2cc276ec9beeb,801,body-v3.27/measure319/iou_D1.json
body-v3.29/measure319/iou_D2.json,a68e3e72bc9321adeb0c693685db0894,800,body-v3.27/measure319/iou_D2.json
body-v3.29/measure319/iou_E.json,f933c46b77b4d4ca123ae2d7a10c4fc6,800,body-v3.26/measure319/iou_E.json
body-v3.29/measure319/iou_E1.json,ab0bbe1c68e76f934cf688ab927400df,801,body-v3.27/measure319/iou_E1.json
body-v3.29/measure319/iou_E2.json,61a5ba3130c4f46b54d462a1143c549d,799,body-v3.27/measure319/iou_E2.json
body-v3.29/measure319/iou_E70.json,eebebab2f2df6c2da90554f95eebb273,799,body-v3.26/measure319/iou_E70.json
body-v3.29/measure319/iou_E85.json,4f1b17725e1aebfaeb51a873116a654b,797,body-v3.26/measure319/iou_E85.json
body-v3.29/measure319/iou_F.json,b1270e6d41b7219985614c66cb72416c,801,body-v3.26/measure319/iou_F.json
body-v3.29/measure319/iou_F1.json,f567b1c09c089260757cd17c92dc8553,800,body-v3.27/measure319/iou_F1.json
body-v3.29/measure319/iou_F2.json,ce611d5ff11f4db3c431ad031da62fc0,801,body-v3.27/measure319/iou_F2.json
body-v3.29/measure319/iou_FIN1.json,0e5018d752aaedf09668622b3cefdcb5,801,body-v3.26/measure319/iou_FIN1.json
body-v3.29/measure319/iou_FIN2.json,483031ab1fe24e2dde9427c994364d59,801,body-v3.26/measure319/iou_FIN2.json
body-v3.29/measure319/iou_G.json,63a3376b5570743733112608d90ebd23,803,body-v3.26/measure319/iou_G.json
body-v3.29/measure319/iou_G1.json,b6f5fd9da051017859c60ee48e93a11a,798,body-v3.27/measure319/iou_G1.json
body-v3.29/measure319/iou_G2.json,d5483c566bb1f2a0d073372289a92041,799,body-v3.27/measure319/iou_G2.json
body-v3.29/measure319/iou_G3.json,46c432c72a7755e7930fd2e5e00d1883,800,body-v3.27/measure319/iou_G3.json
body-v3.29/measure319/iou_G4.json,bbaf1dc749fbfaa5f11f6a35e7cac5a8,800,body-v3.27/measure319/iou_G4.json
body-v3.29/measure319/iou_G70.json,f54bcb3466a77fc348011467f0e15cc4,798,body-v3.26/measure319/iou_G70.json
body-v3.29/measure319/iou_G72.json,df52b4e95f6ec8528b049733ae625247,800,body-v3.26/measure319/iou_G72.json
body-v3.29/measure319/iou_H.json,1350e5018f57980c040077333daa728b,799,body-v3.26/measure319/iou_H.json
body-v3.29/measure319/iou_H1.json,b333b7c64b5906679d29dc115a7a7132,800,body-v3.27/measure319/iou_H1.json
body-v3.29/measure319/iou_H2.json,4b1db403ea1f638eb9399e4491e35b49,800,body-v3.27/measure319/iou_H2.json
body-v3.29/measure319/iou_H3.json,126ee58ff2edf228252bbb86d53fc15e,798,body-v3.27/measure319/iou_H3.json
body-v3.29/measure319/iou_H4.json,018d7c6243ccad4567f1a8eea1437b69,800,body-v3.27/measure319/iou_H4.json
body-v3.29/measure319/iou_H5.json,093e7b3d2f8c1e6cd3b6fc65380c9f33,801,body-v3.27/measure319/iou_H5.json
body-v3.29/measure319/iou_I.json,ea4add5c0752278e590dcc1c1de82016,801,body-v3.26/measure319/iou_I.json
body-v3.29/measure319/iou_J.json,9fbbb996d8c97a5a0471024cf055c1c9,797,body-v3.26/measure319/iou_J.json
body-v3.29/measure319/iou_K.json,73f328373b6c8e1d6053e493a51668c2,800,body-v3.26/measure319/iou_K.json
body-v3.29/measure319/iou_K2.json,780472a93e7542100cdc035b0a830570,799,body-v3.26/measure319/iou_K2.json
body-v3.29/measure319/iou_L.json,e72aea4512a346a22112070d6d2226ff,800,body-v3.26/measure319/iou_L.json
body-v3.29/measure319/iou_M.json,a8f331b975360a2f107c3ad14f02de49,799,body-v3.25/measure319/iou_M.json
body-v3.29/measure319/iou_M3.json,df116bddc1ddf92f1759e4e157ee3768,800,body-v3.26/measure319/iou_M3.json
body-v3.29/measure319/iou_N.json,fc741b2a5cccd31cac2c7f7ce88afb9c,800,body-v3.26/measure319/iou_N.json
body-v3.29/measure319/iou_O.json,5f7fa2f892975d2eb03484a282cf1ef8,801,body-v3.25/measure319/iou_O.json
body-v3.29/measure319/iou_OLDHAT.json,3879ad4f031ea818abdfd799a3f46c67,800,body-v3.26/measure319/iou_OLDHAT.json
body-v3.29/measure319/iou_P.json,a9be321e8f79b3c8f69e82e1dd9d6299,799,body-v3.26/measure319/iou_P.json
body-v3.29/measure319/iou_Q.json,8d5a2a73058b9aae9c41c3dfff03d6aa,799,body-v3.26/measure319/iou_Q.json
body-v3.29/measure319/iou_R.json,98464f443079957d0548700870ea6646,798,body-v3.25/measure319/iou_R.json
body-v3.29/measure319/iou_S.json,8ccefb57ab2420453f688eb05f1a0772,800,body-v3.26/measure319/iou_S.json
body-v3.29/measure319/iou_T.json,26c1633a471422e7401f5ca62c57eaf0,798,body-v3.26/measure319/iou_T.json
body-v3.29/measure319/iou_U.json,f9ef00c871314a28e451b08f1c2a779c,801,body-v3.26/measure319/iou_U.json
body-v3.29/measure319/iou_V.json,f06e6cb94383c4b6efafeb33ba8aa9e9,798,body-v3.25/measure319/iou_V.json
body-v3.29/measure319/iou_V1.json,2ad76e88b01a3c928ab345adf8675cbe,800,body-v3.27r/measure319/iou_V1.json
body-v3.29/measure319/iou_V2.json,d80007c26553012fdaf89f56fb1bfe02,799,body-v3.27r/measure319/iou_V2.json
body-v3.29/measure319/iou_V3.json,de62610bcf5f39044dba00fc41b9b0b6,798,body-v3.27r/measure319/iou_V3.json
body-v3.29/measure319/iou_V4.json,8798125065d0cec8df36c802e45b5662,799,body-v3.27r/measure319/iou_V4.json
body-v3.29/measure319/iou_V5.json,e086c60d7d3a80a9565e68abaf05d014,798,body-v3.27r/measure319/iou_V5.json
body-v3.29/measure319/iou_V6.json,3a1fd7358820d0736bf4b5ebc7c9cede,799,body-v3.27r/measure319/iou_V6.json
body-v3.29/measure319/iou_V7.json,1d86d0cc96450291b866f3cb5b510a48,798,body-v3.27r/measure319/iou_V7.json
body-v3.29/measure319/iou_W.json,27fc5b75f0766397eac0a3a1b142f148,798,body-v3.25/measure319/iou_W.json
body-v3.29/measure319/iou_W1.json,c0dafda10868c7a6a76d9348c140a775,801,body-v3.29/measure319/iou_W1.json
body-v3.29/measure319/iou_W10.json,305310e55d0a51dd8a1c6e7642ce2a2f,800,body-v3.29/measure319/iou_W10.json
body-v3.29/measure319/iou_W11.json,ccbc415beaa95423d07e77ff72d60eb9,800,body-v3.29/measure319/iou_W11.json
body-v3.29/measure319/iou_W12.json,a6000aa8f96d9ddc0ec269d4999c870f,800,body-v3.29/measure319/iou_W12.json
body-v3.29/measure319/iou_W13.json,b9328456b1a8ec59e4b7415cb0637dff,799,body-v3.29/measure319/iou_W13.json
body-v3.29/measure319/iou_W14.json,cb631d15e19997f839939a30c706d926,799,body-v3.29/measure319/iou_W14.json
body-v3.29/measure319/iou_W2.json,ee805aa6569334984cf7d937d9a31922,798,body-v3.29/measure319/iou_W2.json
body-v3.29/measure319/iou_W3.json,b527b05db8c446aafd3847f5e1e544ca,801,body-v3.29/measure319/iou_W3.json
body-v3.29/measure319/iou_W4.json,e586a4531030aa8a7b1122706ba18397,799,body-v3.29/measure319/iou_W4.json
body-v3.29/measure319/iou_W5.json,79cd874b0145701bdde147b5a92a5202,799,body-v3.29/measure319/iou_W5.json
body-v3.29/measure319/iou_W6.json,0db1f020f7a0a8b5a076296eb1a415df,798,body-v3.29/measure319/iou_W6.json
body-v3.29/measure319/iou_W7.json,d717ac93efbd1ff26394ea5f65595098,799,body-v3.29/measure319/iou_W7.json
body-v3.29/measure319/iou_W8.json,22e1c0586c531f46781110b475feaf4d,797,body-v3.29/measure319/iou_W8.json
body-v3.29/measure319/iou_W9.json,86b3d276d8fc97ee026e398bcedd7819,800,body-v3.29/measure319/iou_W9.json
body-v3.29/measure319/iou_X.json,b49a09a68124ffbfbdd9bf6249242e2a,801,body-v3.25/measure319/iou_X.json
body-v3.29/measure319/iou_X1.json,e4c109652955bf03550c5484f3c86837,800,body-v3.26/measure319/iou_X1.json
body-v3.29/measure319/iou_X2.json,7dd66e1bc0badf9279c543fb13429095,798,body-v3.26/measure319/iou_X2.json
body-v3.29/measure319/iou_X3.json,4c2e38ee5ebc322066df71edbc238f8b,801,body-v3.26/measure319/iou_X3.json
body-v3.29/measure319/iou_Y.json,98847a6efb52f6dd8638b6b86d0411a7,800,body-v3.25/measure319/iou_Y.json
body-v3.29/measure319/iou_Y1.json,5fd747436fd371be87ed77aa4719013c,799,body-v3.26/measure319/iou_Y1.json
body-v3.29/measure319/iou_Y2.json,9ea387d318f0011f7a8e310262f13ab5,800,body-v3.26/measure319/iou_Y2.json
body-v3.29/measure319/iou_Y3.json,3aaba828e051f16397aedc937edf8854,800,body-v3.26/measure319/iou_Y3.json
body-v3.29/measure319/iou_Z.json,e3514b8802426f0b11b38b3e3483b7aa,800,body-v3.26/measure319/iou_Z.json
body-v3.29/measure319/iou_Z2.json,a694cb9b17cd0b81fc096ba8dea13043,799,body-v3.26/measure319/iou_Z2.json
body-v3.29/measure319/iou_Za50.json,6062a325da8dc3a0ee47dffa850ac888,798,body-v3.26/measure319/iou_Za50.json
body-v3.29/measure319/iou_Za54.json,ef459569036ceafb8df6fbcc98da4aea,801,body-v3.26/measure319/iou_Za54.json
body-v3.29/measure319/iou_Za58.json,1dc4e90c25c1a9216fe5a9b32a6f5c94,800,body-v3.26/measure319/iou_Za58.json
body-v3.29/measure319/iou_Zs50.json,5774f74c00dcbae423a3bd414b6e8519,800,body-v3.26/measure319/iou_Zs50.json
body-v3.29/measure319/iou_Zs54.json,55ce4c308faed0bfea0669cfe97f09ff,797,body-v3.26/measure319/iou_Zs54.json
body-v3.29/measure319/iou_Zs58.json,d9757de40e0b15c753039abce6a3a63f,799,body-v3.26/measure319/iou_Zs58.json
body-v3.29/measure319/iou_base.json,e3d7226399c0d8a3322e223db6b54210,801,body-v3.24/measure319/iou_v324.json
body-v3.29/measure319/iou_v318.json,479e9d0e0a858c996d286c9f83753d7f,801,body-v3.19/measure319/iou_v318.json
body-v3.29/measure319/iou_v319.json,6834cf8c196fae3875b56aec31675659,799,body-v3.19/measure319/iou_v319.json
body-v3.29/measure319/iou_v320.json,359608708d417279476b7ab6976694cd,801,body-v3.20/measure319/iou_v320.json
body-v3.29/measure319/iou_v321.json,b9fe0ae29db8389520bb6955d045764e,801,body-v3.21/measure319/iou_v321.json
body-v3.29/measure319/iou_v322.json,cc10aee573c5504c45e51ca85dd43da1,801,body-v3.22/measure319/iou_v322.json
body-v3.29/measure319/iou_v323.json,bbe2e688de35efe13bf1d10463fdc8a0,800,body-v3.23/measure319/iou_v323.json
body-v3.29/measure319/iou_v324.json,e3d7226399c0d8a3322e223db6b54210,801,body-v3.24/measure319/iou_v324.json
body-v3.29/measure319/iou_v325.json,4195d638e067eb15c193f8ce0f047d83,795,body-v3.25/measure319/iou_Z.json
body-v3.29/measure319/iou_v326.json,483031ab1fe24e2dde9427c994364d59,801,body-v3.26/measure319/iou_FIN2.json
body-v3.29/measure319/iou_v326_oldhat.json,e7b0c1c56713dbe0223e9547fae49eba,800,body-v3.26/measure319/iou_v326_oldhat.json
body-v3.29/measure319/iou_v327.json,dae20c07b5838e61b19f4af7b7fbae11,801,body-v3.27/measure319/iou_v327.json
body-v3.29/measure319/iou_v327_oldhat.json,03096065c59264a191f65097286b9eb2,797,body-v3.27/measure319/iou_v327_oldhat.json
body-v3.29/measure319/iou_v328.json,c3b33213ae0e32ed47110f56c1c3665e,798,body-v3.28/measure319/iou_v328.json
body-v3.29/measure319/iou_v328_oldhat.json,5597d38bca77e6a13eedebf2d34c2538,796,body-v3.28/measure319/iou_v328_oldhat.json
body-v3.29/measure319/iou_v329.json,b9328456b1a8ec59e4b7415cb0637dff,799,body-v3.29/measure319/iou_W13.json
body-v3.29/measure319/iou_v329_oldhat.json,3c749fd742f1400144bbcaf4e9bcf7d0,799,body-v3.29/measure319/iou_v329_oldhat.json
body-v3.29/measure319/iou_vA.json,8a0fdb44451e8e02236f704eadde71f2,801,body-v3.23/measure319/iou_vA.json
body-v3.29/measure319/iou_vB.json,522a6af83873165328ba309d918fe12b,798,body-v3.23/measure319/iou_vB.json
body-v3.29/measure319/iou_vC.json,1c0d88467bc3a102217bd6c8438b9f23,801,body-v3.23/measure319/iou_vC.json
body-v3.29/sim/README.md,5a2184fcce272380e8a22600e08816c1,13351,body-v3.10/sim/README.md
body-v3.29/sim/arm_heat_v2.json,bc311c1775b81c9405219b9bbff5ec13,4223,body-v3/sim/arm_heat_v2.json
body-v3.29/sim/arm_heat_v3.json,07b5df779e4043a927a2b4d6fb21639a,4222,body-v3.10/sim/arm_heat_v3.json
body-v3.29/sim/cmp326.log,812b6e52fe80b1bd2be419d9055fd38f,1749,body-v3.26/sim/cmp326.log
body-v3.29/sim/cmp327.log,7e1f4a899f5e18b0c6b7be4a9d9e3087,1749,body-v3.27/sim/cmp327.log
body-v3.29/sim/cmp328.log,f2909106f829dab4e3ae6a463be17511,1748,body-v3.28/sim/cmp328.log
body-v3.29/sim/cmp329.log,d7b0a7149a6f02a8d59c5315c654a1bc,1747,body-v3.29/sim/cmp329.log
body-v3.29/sim/compare_stock_v2_v3.json,0ed3b329d48797a6244eeffa2d5fde08,3805,body-v3/sim/compare_stock_v2_v3.json
body-v3.29/sim/compare_stock_v2_v3.md,895225c90e71fdfa98f1516ec893a8b1,2949,body-v3/sim/compare_stock_v2_v3.md
body-v3.29/sim/compare_v311_v312.json,3473272bc00ed7d7bd1011e4668be807,3275,body-v3.12/sim/compare_v311_v312.json
body-v3.29/sim/compare_v311_v312.md,22edbe199a0bd1aadce75c39aed27780,1921,body-v3.12/sim/compare_v311_v312.md
body-v3.29/sim/compare_v312_v313.json,5dd49cf449e49debec85c42ab559d377,3276,body-v3.13/sim/compare_v312_v313.json
body-v3.29/sim/compare_v312_v313.md,b8d569cdec4a0b4d85e633e1fad8d729,1922,body-v3.13/sim/compare_v312_v313.md
body-v3.29/sim/compare_v313_v314.json,5ee81ca0f77cf165bdf818892ffd6dca,3276,body-v3.14/sim/compare_v313_v314.json
body-v3.29/sim/compare_v313_v314.md,6283c46bebaa7397b4d96d193bfc9c77,1922,body-v3.14/sim/compare_v313_v314.md
body-v3.29/sim/compare_v314_v315.json,ae355b8cf1a564bbec7efc7eb413a87a,3275,body-v3.15/sim/compare_v314_v315.json
body-v3.29/sim/compare_v314_v315.md,5022aaec37e2cbfffaaa0ffda9155353,1921,body-v3.15/sim/compare_v314_v315.md
body-v3.29/sim/compare_v315_v316.json,05b068e032c61b44a735110dd68d824f,3275,body-v3.16/sim/compare_v315_v316.json
body-v3.29/sim/compare_v315_v316.md,7f3d98d608546dfa4b151456866195a1,1921,body-v3.16/sim/compare_v315_v316.md
body-v3.29/sim/compare_v316_v317.json,89fc00addd46ac4183394325d465c0b6,3276,body-v3.17/sim/compare_v316_v317.json
body-v3.29/sim/compare_v316_v317.md,83688af2bb79fc2348ba36b5274ba16a,1922,body-v3.17/sim/compare_v316_v317.md
body-v3.29/sim/compare_v317_v318.json,ad0dc738bc0a716df0978250c0782c47,3276,body-v3.18/sim/compare_v317_v318.json
body-v3.29/sim/compare_v317_v318.md,e48cf4f4e269a3976efa4d3045ee151b,1922,body-v3.18/sim/compare_v317_v318.md
body-v3.29/sim/compare_v318_v319.json,0e65f3737cf34fa7999880e013a7cd91,3274,body-v3.19/sim/compare_v318_v319.json
body-v3.29/sim/compare_v318_v319.md,c4243a4bef93963eaf6f9b4f77832ff6,1920,body-v3.19/sim/compare_v318_v319.md
body-v3.29/sim/compare_v319_v320.json,bab95bb7d04ef783644b5849d6af0ea4,3274,body-v3.20/sim/compare_v319_v320.json
body-v3.29/sim/compare_v319_v320.md,c75a6c9adff1c572d18b39ed317b99e8,1920,body-v3.20/sim/compare_v319_v320.md
body-v3.29/sim/compare_v31_v32.json,c51ae2424f05c1ab5562ee15e9b2965f,3254,body-v3.10/sim/compare_v31_v32.json
body-v3.29/sim/compare_v31_v32.md,644ebfad4fb06dc032148c27094bee2c,1939,body-v3.10/sim/compare_v31_v32.md
body-v3.29/sim/compare_v320_v321.json,7c5080f5760645a1aef606488f8d7e1c,3275,body-v3.21/sim/compare_v320_v321.json
body-v3.29/sim/compare_v320_v321.md,46a012e37a610a9fa3786dc1fb72d54b,1921,body-v3.21/sim/compare_v320_v321.md
body-v3.29/sim/compare_v321_v322.json,6cfba00157bfee31f045cd1f5fb511c4,3275,body-v3.22/sim/compare_v321_v322.json
body-v3.29/sim/compare_v321_v322.md,612869a9d426091336938b142bd604fc,1921,body-v3.22/sim/compare_v321_v322.md
body-v3.29/sim/compare_v322_v323.json,4b06bad9663207db1f5e6ae12259e9c4,3275,body-v3.23/sim/compare_v322_v323.json
body-v3.29/sim/compare_v322_v323.md,c74ddd392bf5f3aaf3d22b57f9397102,1921,body-v3.23/sim/compare_v322_v323.md
body-v3.29/sim/compare_v323_v324.json,d221b0638f841ab63d8cb1311374ed68,3275,body-v3.24/sim/compare_v323_v324.json
body-v3.29/sim/compare_v323_v324.md,d5a778e5955913bf22ba75fe34098cb7,1921,body-v3.24/sim/compare_v323_v324.md
body-v3.29/sim/compare_v324_v325.json,9cfa71e95360471aa3b03b16912dbda5,3275,body-v3.25/sim/compare_v324_v325.json
body-v3.29/sim/compare_v324_v325.md,d6e821f4ecd9c226804d8a0ba6d7791b,1921,body-v3.25/sim/compare_v324_v325.md
body-v3.29/sim/compare_v325_v326.json,0a80f1ef16809da5b562f013b9c900d8,3274,body-v3.26/sim/compare_v325_v326.json
body-v3.29/sim/compare_v325_v326.md,ff4c832007d1d6aec9418dc2a8f9490f,1920,body-v3.26/sim/compare_v325_v326.md
body-v3.29/sim/compare_v326_v327.json,4bccb3cd68abf258c15026304d5f01d9,3274,body-v3.27/sim/compare_v326_v327.json
body-v3.29/sim/compare_v326_v327.md,56568f406f4c736d8bb0811f206dbd38,1920,body-v3.27/sim/compare_v326_v327.md
body-v3.29/sim/compare_v327_v328.json,71ed48266887c7b4e3e7462310ffe49d,3273,body-v3.28/sim/compare_v327_v328.json
body-v3.29/sim/compare_v327_v328.md,f8c740a6f792608419926446446866da,1919,body-v3.28/sim/compare_v327_v328.md
body-v3.29/sim/compare_v328_v329.json,281a5a7caa7f1344368bd880307c764d,3272,body-v3.29/sim/compare_v328_v329.json
body-v3.29/sim/compare_v328_v329.md,0e49801daea39bfea9dd85c57ded9196,1918,body-v3.29/sim/compare_v328_v329.md
body-v3.29/sim/compare_v32_v33.json,a6b9c313414ce0741dcde7c80ce064a7,3255,body-v3.10/sim/compare_v32_v33.json
body-v3.29/sim/compare_v32_v33.md,de11b2bed04349fe3059fe2af1f01f8d,1861,body-v3.10/sim/compare_v32_v33.md
body-v3.29/sim/compare_v33_v34.json,9970e48ff8444752844c36261fdbc8a7,3255,body-v3.10/sim/compare_v33_v34.json
body-v3.29/sim/compare_v33_v34.md,1bee2d057cf0af55e9285ae39642e0d4,1861,body-v3.10/sim/compare_v33_v34.md
body-v3.29/sim/compare_v34_v35.json,15b209ba528bca78169f2c308cc5a0c0,3263,body-v3.10/sim/compare_v34_v35.json
body-v3.29/sim/compare_v34_v35.md,e7b150ed0f30c20b731c9a2ac12058d0,2289,body-v3.10/sim/compare_v34_v35.md
body-v3.29/sim/compare_v35_v36.json,91ae3e17f2ce269016d61be082636f3e,3272,body-v3.10/sim/compare_v35_v36.json
body-v3.29/sim/compare_v35_v36.md,ada8c03eeb0156deaac729f93149e461,2344,body-v3.10/sim/compare_v35_v36.md
body-v3.29/sim/compare_v36_v37.json,3e11a3460b142718d63652a501df696e,3271,body-v3.10/sim/compare_v36_v37.json
body-v3.29/sim/compare_v36_v37.md,fda6c06c3d45610df1ba016b41b4ba7b,2405,body-v3.10/sim/compare_v36_v37.md
body-v3.29/sim/compare_v37_v38.json,1276986b406e998977d666daa157cf71,3272,body-v3.10/sim/compare_v37_v38.json
body-v3.29/sim/compare_v37_v38.md,f8a800c1b0a12f6fdc9a81f7131ee562,1915,body-v3.10/sim/compare_v37_v38.md
body-v3.29/sim/compare_v38_v39.json,5a057226cca27472ecf7125a724e8082,3274,body-v3.10/sim/compare_v38_v39.json
body-v3.29/sim/compare_v38_v39.md,dc30e35f4edbde2136c3daf04fc04bcc,1917,body-v3.10/sim/compare_v38_v39.md
body-v3.29/sim/compare_v39_v310.json,8d43b630f2580e8ba95a586df3f3d406,3275,body-v3.10/sim/compare_v39_v310.json
body-v3.29/sim/compare_v39_v310.md,03dd6304ccf2ba5f39991cdadfafd6c8,1921,body-v3.10/sim/compare_v39_v310.md
body-v3.29/sim/compare_v39_v311.json,bf0d8a9069f17dfd3c90f0ae651cbc80,3274,body-v3.11/sim/compare_v39_v311.json
body-v3.29/sim/compare_v39_v311.md,504094156e0454adb92ca4e51fd97da2,1920,body-v3.11/sim/compare_v39_v311.md
body-v3.29/sim/compare_v3_v31.json,7e29f9219c9b23c6c5982ab3a1a89db3,2829,body-v3.1/sim/compare_v3_v31.json
body-v3.29/sim/compare_v3_v31.md,175081c021dce15c7e987872af0ac43f,1611,body-v3.1/sim/compare_v3_v31.md
body-v3.29/sim/gen317.log,d1364dfc1ced2a5a433641ee9c86e977,799,body-v3.17/sim/gen317.log
body-v3.29/sim/gen318.log,4b275951c1b9a0045efd57346cbaa4f8,799,body-v3.18/sim/gen318.log
body-v3.29/sim/gen319.log,be94467370eae037352b4abf64edbf77,799,body-v3.19/sim/gen319.log
body-v3.29/sim/gen320.log,01f6e4df684b699877f852a33ff39cd7,799,body-v3.20/sim/gen320.log
body-v3.29/sim/gen322.log,16510f42780f21957b8d809a3deae052,799,body-v3.22/sim/gen322.log
body-v3.29/sim/gen323.log,977ac1c0307f32f8ddc6b7ff0863b72d,799,body-v3.23/sim/gen323.log
body-v3.29/sim/gen324.log,e10c1214fa25ba1ce60615dbd1f3ab48,799,body-v3.24/sim/gen324.log
body-v3.29/sim/gen325.log,94afa33045734501174c461de48eb293,799,body-v3.25/sim/gen325.log
body-v3.29/sim/gen326.log,73415211c72e96c9f83433bb9aba1ab9,799,body-v3.26/sim/gen326.log
body-v3.29/sim/gen327.log,23758c84ecf9dac0de4880000ace5818,798,body-v3.27/sim/gen327.log
body-v3.29/sim/gen328.log,f6484951cc68f5153710eec91da6cf1c,799,body-v3.28/sim/gen328.log
body-v3.29/sim/gen329.log,148d33e3d20e344b08aa6a9478c16f0e,799,body-v3.29/sim/gen329.log
body-v3.29/sim/mass_report_v3.json,0b410ade77cde2f95adee31452c26d20,13479,body-v3.29/sim/mass_report_v3.json
body-v3.29/sim/plot_compare.png,2457a623d2f320f37f590b6d2c9af28b,58887,body-v3/sim/plot_compare.png
body-v3.29/sim/ref326.log,63ab64f94ed8ce8ccfee8ff6e1548c17,547,body-v3.26/sim/ref326.log
body-v3.29/sim/ref326b.log,99ca765cdde6218b39fc0bae14869fbc,547,body-v3.26/sim/ref326b.log
body-v3.29/sim/ref326c.log,fae58ab07c129a49adf699a87a9c7011,548,body-v3.26/sim/ref326c.log
body-v3.29/sim/ref327_.log,c2eaf31420a53fe9622670d09a7aa3c4,501,body-v3.27/sim/ref327_.log
body-v3.29/sim/ref327_33.log,0439d1cbcf82aa3e8205aa137fda57fb,543,body-v3.27/sim/ref327_33.log
body-v3.29/sim/ref327_7.log,22aa256e97481e686582a6f6b5152747,545,body-v3.27/sim/ref327_7.log
body-v3.29/sim/results_v3.json,4b2f7a91e296ef9c17c0be4376e77dc8,7795,body-v3.29/sim/results_v3.json
body-v3.29/sim/results_v3_8pct.json,cb25e47bae840299a65617cae6694f56,7820,body-v3.11/sim/results_v3_8pct.json
body-v3.29/sim/results_v3_snout10pct.json,103a1aed6577f64926a156f4fcbe8328,7823,body-v3.11/sim/results_v3_snout10pct.json
body-v3.29/sim/rt317.log,734339dad8e117eede012b875d819072,2997,body-v3.17/sim/rt317.log
body-v3.29/sim/rt318.log,247bdf8654fc2b7269fc35245609c6e0,2996,body-v3.18/sim/rt318.log
body-v3.29/sim/rt319.log,324a9b3cec0b51d6489bf0504706f4e2,2991,body-v3.19/sim/rt319.log
body-v3.29/sim/rt320.log,bfbbed9c401c39dd1f62267c258aa1e3,2994,body-v3.20/sim/rt320.log
body-v3.29/sim/rt322.log,4056c292613a182c8cc4446cca90f152,2993,body-v3.22/sim/rt322.log
body-v3.29/sim/rt323.log,a7659744cf7ee25b5132c56a89dc1e79,2995,body-v3.23/sim/rt323.log
body-v3.29/sim/rt324.log,002359ba599ec119b71e5966331c76dd,2999,body-v3.24/sim/rt324.log
body-v3.29/sim/rt325.log,fc7ce9706f3dfca4b4952b082de22786,2995,body-v3.25/sim/rt325.log
body-v3.29/sim/rt326.log,663afd91e26759036882513d308cf915,2995,body-v3.26/sim/rt326.log
body-v3.29/sim/rt327.log,7b48b3841679c0dd179123dd9e7489b6,2991,body-v3.27/sim/rt327.log
body-v3.29/sim/rt328.log,d4bfb74c23c09d7326dc1ce02bfcc4cb,2991,body-v3.28/sim/rt328.log
body-v3.29/sim/rt329.log,3d7504664fc1a7161d0ce157d1c18f00,2989,body-v3.29/sim/rt329.log
body-v3.29/sim/sweep319.txt,278100be8b4725996bbdeb59fc299feb,345,body-v3.19/sim/sweep319.txt
body-v3.29/sim/sweep322.txt,a9369f3a91cf7155248fccd019054a28,593,body-v3.22/sim/sweep322.txt
body-v3.29/sim/sweep323.txt,70d6d4ea8f1e5c890e96da9a63831f53,535,body-v3.23/sim/sweep323.txt
body-v3.29/sim/sweep324.txt,cfd4222ae0c7676c3e2007af218ed7f1,734,body-v3.24/sim/sweep324.txt
body-v3.29/sim/sweep325.txt,3c409c7b0c8bbc7d48bf344950569360,1016,body-v3.25/sim/sweep325.txt
body-v3.29/sim/sweep325b.txt,b7f771ed43e2784c7cca9755926d5e26,793,body-v3.25/sim/sweep325b.txt
body-v3.29/sim/sweep326.txt,61017d58f8403ff335f370077ea3a9a7,727,body-v3.26/sim/sweep326.txt
body-v3.29/sim/sweep327.txt,44eb2703abffb2fea5bd81229318973e,727,body-v3.27/sim/sweep327.txt
body-v3.29/sim/sweep328.txt,1512277e6bfeb253f2fb01412bd1ea30,1252,body-v3.28/sim/sweep328.txt
body-v3.29/sim/sweep329.txt,b07dd365363f62d8a4de797ca917487b,995,body-v3.29/sim/sweep329.txt
body-v3.29/sim/walk_refine_eff_v32.json,c16511f9d50b2474cee6257db0d85351,157,body-v3.23/sim/walk_refine_eff_v32.json
body-v3.29/sim/walk_refine_v32.json,3b253aeda52b4392617f6df852890e82,156,body-v3.27/sim/walk_refine_v32.json
body-v3.29/sim/walk_v3.json,949adbd99d2075070848c79c37c3413d,3030,body-v3.29/sim/walk_v3.json
body-v3.29/sim/walk_v3_eff.json,9456b62db5bf2d15d20193551ec12eab,3043,body-v3.29/sim/walk_v3_eff.json
body-v3.29/sim/walk_v3_eff_noref.json,ebaa41acfaaef3b24dc77ab83db09f93,3101,body-v3.10/sim/walk_v3_eff_noref.json
body-v3.29/sim/walk_v3_noref.json,85f5f335181e839cfdc2d627ecca5d32,3095,body-v3.10/sim/walk_v3_noref.json
body-v3.29/sim/walk_v3_prerefine_v310.json,09d03ddff2a0a115af858a30f0934a7e,3038,body-v3.10/sim/walk_v3_prerefine_v310.json
body-v3.29/sim/we317.log,909b74c0ea465803e8271ca953cb24d3,126,body-v3.17/sim/we317.log
body-v3.29/sim/we318.log,cf4768c1657856fc40fa2c919d66ea86,127,body-v3.18/sim/we318.log
body-v3.29/sim/we319.log,3f677b2656f761d6d36a48d6fef04cbf,126,body-v3.19/sim/we319.log
body-v3.29/sim/we320.log,ce08323dee1e373fba90bff4e78c5694,127,body-v3.20/sim/we320.log
body-v3.29/sim/we321b.log,e45662280140f094d9074850f66b1e0c,127,body-v3.21/sim/we321b.log
body-v3.29/sim/we322.log,407e0e99965ade0f7cb2f4186060a3d0,125,body-v3.22/sim/we322.log
body-v3.29/sim/we323.log,cde16558d70b04c25b7adf3b0969e050,125,body-v3.23/sim/we323.log
body-v3.29/sim/we324.log,0f6e6d7e6bac13e7e866e1d6d21aedf1,125,body-v3.24/sim/we324.log
body-v3.29/sim/we325.log,68bbf14b07f1c54de9d05de7a759c7c5,121,body-v3.25/sim/we325.log
body-v3.29/sim/we326.log,827d83d724450dd20afb6b3a6dc20582,126,body-v3.26/sim/we326.log
body-v3.29/sim/we327.log,9045dbde47267af8338cbf5fdcb8c865,124,body-v3.27/sim/we327.log
body-v3.29/sim/we328.log,3f4ae637bcc8037a61457be27efa019d,123,body-v3.28/sim/we328.log
body-v3.29/sim/we329.log,6665176953917c400a318ccf4a25793f,124,body-v3.29/sim/we329.log
body-v3.29/sim/wee317.log,7656cb072a79947613d2fb1b6f43d853,127,body-v3.17/sim/wee317.log
body-v3.29/sim/wee318.log,5190b6cd46b96e2cbaf59dc74937c829,127,body-v3.18/sim/wee318.log
body-v3.29/sim/wee319.log,e1617f52cb38131115c93a6a9b087131,129,body-v3.19/sim/wee319.log
body-v3.29/sim/wee320.log,1ef65b3d0c0e312f23a72c1397253066,128,body-v3.20/sim/wee320.log
body-v3.29/sim/wee322.log,70e4d67b26be70fc24d55061a7dfccb9,128,body-v3.22/sim/wee322.log
body-v3.29/sim/wee323.log,4266b6265524378564c2dc06c5dd19b1,128,body-v3.23/sim/wee323.log
body-v3.29/sim/wee324.log,c8d8924e457d570fa7dab2bae59f97e0,128,body-v3.24/sim/wee324.log
body-v3.29/sim/wee325.log,bde6846c08458aad761a999bf230f4d2,128,body-v3.25/sim/wee325.log
body-v3.29/sim/wee326.log,cd8f1464bd4109de2dd38f52a38a2d56,128,body-v3.26/sim/wee326.log
body-v3.29/sim/wee327.log,a10d176937225b58c7883fe58adc8501,128,body-v3.27/sim/wee327.log
body-v3.29/sim/wee328.log,a001a183cf8bfbe3bf0c55a510d06888,129,body-v3.28/sim/wee328.log
body-v3.29/sim/wee329.log,0f0f370df7f538d52a9c5043049f6ccb,129,body-v3.29/sim/wee329.log
body-v3.29/sim/wr317.log,7aabad450d8fee0e5cf88845890bc832,549,body-v3.17/sim/wr317.log
body-v3.29/sim/wr318.log,7e3296c6912b1ea3665e1eecf625a1fa,550,body-v3.18/sim/wr318.log
body-v3.29/sim/wr319.log,ec71d90097784f9358b910a600739de9,546,body-v3.19/sim/wr319.log
body-v3.29/sim/wr321.log,9c5746707350699dfcddcafbe5fa9862,556,body-v3.21/sim/wr321.log
body-v3.29/sim/wr321b.log,6f26a7b15ab047e6ae1b24ac2760b222,549,body-v3.21/sim/wr321b.log
body-v3.29/sim/wr322.log,b5f9a4d5217cff369faf1c7aad137242,539,body-v3.22/sim/wr322.log
body-v3.29/sim/wr325.log,fadc71913b836e043acf136ed234e37e,543,body-v3.25/sim/wr325.log
body-v3.29/sim/wr325b.log,ac252fa78c414c08bc6bd915c72c1023,546,body-v3.25/sim/wr325b.log
body-v3.29/sim/wre319.log,5dc35f4200037d2feeaab949c4f83421,548,body-v3.19/sim/wre319.log
body-v3.29/sim/wre319b.log,27e94bc650d92537dfcb31ffd6dabc89,549,body-v3.19/sim/wre319b.log
body-v3.29/sim/wre323.log,13900173b09c52a190bfc13d54fab539,546,body-v3.23/sim/wre323.log
body-v3.29/sim/wre323b.log,e86f9c63be2ec9ad4d431aa2a45d64c1,546,body-v3.23/sim/wre323b.log
body-v3.29/sim/wre323c.log,4e2a1d0c084021ffa7bf77f1d3d00bb6,544,body-v3.23/sim/wre323c.log
body-v3.29/sim/bak327/walk_v3.json,964824afd26ad9c0522d6d7782401523,3037,body-v3.27/sim/bak327/walk_v3.json
body-v3.29/sim/bak327/walk_v3_eff.json,da3a9965c5a1098dfc507e9eb7a6f94f,3047,body-v3.27/sim/walk_v3_eff.json
body-v3.29/sim/bak327/walk_v3_eff_noref.json,ebaa41acfaaef3b24dc77ab83db09f93,3101,body-v3.10/sim/walk_v3_eff_noref.json
body-v3.29/sim/bak327/walk_v3_noref.json,85f5f335181e839cfdc2d627ecca5d32,3095,body-v3.10/sim/walk_v3_noref.json
body-v3.29/sim/bak327/walk_v3_prerefine_v310.json,09d03ddff2a0a115af858a30f0934a7e,3038,body-v3.10/sim/walk_v3_prerefine_v310.json
body-v3.29/sim/bak_pre_refine_v323/walk_v3_eff.json,b2efa2b2ba6f159fc5162672a5423484,3047,body-v3.23/sim/bak_pre_refine_v323/walk_v3_eff.json
body-v3.29/sim/bak_pre_refine_v325/walk_v3.json,d91486a67e40fef0468f5922a172614f,3033,body-v3.25/sim/bak_pre_refine_v325/walk_v3.json
body-v3.29/sim/bak_pre_refine_v325/walk_v3_eff.json,60d2713caf97465e4706ec75bf0e1245,3043,body-v3.25/sim/bak_pre_refine_v325/walk_v3_eff.json
body-v3.29/sim/bak_pre_refine_v325/walk_v3_eff_noref.json,ebaa41acfaaef3b24dc77ab83db09f93,3101,body-v3.10/sim/walk_v3_eff_noref.json
body-v3.29/sim/bak_pre_refine_v325/walk_v3_noref.json,85f5f335181e839cfdc2d627ecca5d32,3095,body-v3.10/sim/walk_v3_noref.json
body-v3.29/sim/bak_pre_refine_v325/walk_v3_prerefine_v310.json,09d03ddff2a0a115af858a30f0934a7e,3038,body-v3.10/sim/walk_v3_prerefine_v310.json
body-v3.29/sim/bak_pre_refine_v325b/walk_v3.json,688eb379af559a5a89ffdd61de0ab178,3035,body-v3.25/sim/bak_pre_refine_v325b/walk_v3.json
body-v3.29/sim/bak_pre_refine_v325b/walk_v3_eff.json,1ab8d66660ab95f06130677b82b97602,3044,body-v3.25/sim/walk_v3_eff.json
body-v3.29/sim/bak_pre_refine_v325b/walk_v3_eff_noref.json,ebaa41acfaaef3b24dc77ab83db09f93,3101,body-v3.10/sim/walk_v3_eff_noref.json
body-v3.29/sim/bak_pre_refine_v325b/walk_v3_noref.json,85f5f335181e839cfdc2d627ecca5d32,3095,body-v3.10/sim/walk_v3_noref.json
body-v3.29/sim/bak_pre_refine_v325b/walk_v3_prerefine_v310.json,09d03ddff2a0a115af858a30f0934a7e,3038,body-v3.10/sim/walk_v3_prerefine_v310.json
body-v3.29/sim/v310_ref/arm_heat_v3.json,07b5df779e4043a927a2b4d6fb21639a,4222,body-v3.10/sim/arm_heat_v3.json
body-v3.29/sim/v310_ref/results_v3.json,2370068638410dd3864dd3c892cd6a3b,7823,body-v3.10/sim/results_v3.json
body-v3.29/sim/v310_ref/walk_v3.json,e9d78c042a9e739225f3023ca5bd64dd,3038,body-v3.10/sim/walk_v3.json
body-v3.29/sim/v310_ref/walk_v3_eff.json,1e744e11cd7023f86b9f07eff160bb5d,3038,body-v3.10/sim/walk_v3_eff.json
body-v3.29/sim/v311_ref/arm_heat_v3.json,07b5df779e4043a927a2b4d6fb21639a,4222,body-v3.10/sim/arm_heat_v3.json
body-v3.29/sim/v311_ref/results_v3.json,859125992a19eb68d7b6dfc8772bce89,7823,body-v3.11/sim/results_v3.json
body-v3.29/sim/v311_ref/walk_v3.json,4af9789103d25cb741517657b5fde163,3031,body-v3.11/sim/walk_v3.json
body-v3.29/sim/v311_ref/walk_v3_eff.json,90de5e2d159d49e1a165ee89674e8272,3049,body-v3.11/sim/walk_v3_eff.json
body-v3.29/sim/v312_ref/arm_heat_v3.json,07b5df779e4043a927a2b4d6fb21639a,4222,body-v3.10/sim/arm_heat_v3.json
body-v3.29/sim/v312_ref/results_v3.json,5424004f332c0e8e99cd9a8ec70d033e,7823,body-v3.12/sim/results_v3.json
body-v3.29/sim/v312_ref/walk_v3.json,6813456c6d543b75d9ce3378cc7ec76d,3035,body-v3.12/sim/walk_v3.json
body-v3.29/sim/v312_ref/walk_v3_eff.json,da1bc95efaa4f87cffc8d4173df08fb6,3048,body-v3.12/sim/walk_v3_eff.json
body-v3.29/sim/v314_ref/arm_heat_v3.json,07b5df779e4043a927a2b4d6fb21639a,4222,body-v3.10/sim/arm_heat_v3.json
body-v3.29/sim/v314_ref/results_v3.json,5ff19fd27ab58cd5229b75f149e29603,7823,body-v3.14/sim/results_v3.json
body-v3.29/sim/v314_ref/walk_v3.json,1e30876edb5e0bee39df59123740079d,3036,body-v3.14/sim/walk_v3.json
body-v3.29/sim/v314_ref/walk_v3_eff.json,c116a8d3fe477f01a98b8bb54dabfa7f,3045,body-v3.14/sim/walk_v3_eff.json
body-v3.29/sim/v315_ref/arm_heat_v3.json,07b5df779e4043a927a2b4d6fb21639a,4222,body-v3.10/sim/arm_heat_v3.json
body-v3.29/sim/v315_ref/results_v3.json,b313775a19af5f0e29ea8d9ae9575fe6,7822,body-v3.15/sim/results_v3.json
body-v3.29/sim/v315_ref/walk_v3.json,c985f9e94b78a0fe370d07b3b066741c,3031,body-v3.15/sim/walk_v3.json
body-v3.29/sim/v315_ref/walk_v3_eff.json,ffd36628ae1263713261beaf6e10d638,3039,body-v3.15/sim/walk_v3_eff.json
body-v3.29/sim/v316_ref/arm_heat_v3.json,07b5df779e4043a927a2b4d6fb21639a,4222,body-v3.10/sim/arm_heat_v3.json
body-v3.29/sim/v316_ref/results_v3.json,24e44ae5ede579cf27e9c59f3e91a5de,7775,body-v3.16/sim/results_v3.json
body-v3.29/sim/v316_ref/walk_v3.json,204d18347ae73d7c7dea42312c01ae3f,3036,body-v3.16/sim/walk_v3.json
body-v3.29/sim/v316_ref/walk_v3_eff.json,fbf1db72d2d067b3cd3d9ac1219e6d20,3040,body-v3.16/sim/walk_v3_eff.json
body-v3.29/sim/v317_ref/arm_heat_v3.json,07b5df779e4043a927a2b4d6fb21639a,4222,body-v3.10/sim/arm_heat_v3.json
body-v3.29/sim/v317_ref/results_v3.json,935d6addfe550f20e12c8b793636fe96,7778,body-v3.17/sim/results_v3.json
body-v3.29/sim/v317_ref/walk_v3.json,0514cc614c854751602a29fa12e9d12f,3035,body-v3.17/sim/walk_v3.json
body-v3.29/sim/v317_ref/walk_v3_eff.json,bf910ab795ecc5688ba847d99747c920,3035,body-v3.17/sim/walk_v3_eff.json
body-v3.29/sim/v318_ref/arm_heat_v3.json,07b5df779e4043a927a2b4d6fb21639a,4222,body-v3.10/sim/arm_heat_v3.json
body-v3.29/sim/v318_ref/results_v3.json,b574dd55b92c2a33487ba4df1b2c8382,7730,body-v3.18/sim/results_v3.json
body-v3.29/sim/v318_ref/walk_v3.json,33e5b5229a31a9aab20310892ef2c5a7,3033,body-v3.18/sim/walk_v3.json
body-v3.29/sim/v318_ref/walk_v3_eff.json,b7f747d38a4ab2f7f6855d9d19724dda,3041,body-v3.18/sim/walk_v3_eff.json
body-v3.29/sim/v319_ref/arm_heat_v3.json,07b5df779e4043a927a2b4d6fb21639a,4222,body-v3.10/sim/arm_heat_v3.json
body-v3.29/sim/v319_ref/results_v3.json,b6381dfeaa6b0f3c7fda067dc519bbf6,7719,body-v3.19/sim/results_v3.json
body-v3.29/sim/v319_ref/walk_v3.json,2befac91b8fb900a116412d9eb360ef1,3040,body-v3.19/sim/walk_v3.json
body-v3.29/sim/v319_ref/walk_v3_eff.json,958b7e2ebedc49ce3e3f984ed44e4648,3043,body-v3.19/sim/walk_v3_eff.json
body-v3.29/sim/v31_ref/arm_heat_v3.json,2126fcc62fd7d3c396dcb7770419204a,4220,body-v3.1/sim/arm_heat_v3.json
body-v3.29/sim/v31_ref/mass_report_v3.json,b22177cef249a8bc99fcb2f57bb05878,12902,body-v3.1/sim/mass_report_v3.json
body-v3.29/sim/v31_ref/results_v3.json,510d1456468455e8152b440555672307,8029,body-v3.1/sim/results_v3.json
body-v3.29/sim/v31_ref/walk_v3.json,21a198ab40b540b4e3398bd7bdd66988,3094,body-v3.1/sim/walk_v3.json
body-v3.29/sim/v31_ref/walk_v3_eff.json,031ec90a823c37124efb0f9b271545e0,3102,body-v3.1/sim/walk_v3_eff.json
body-v3.29/sim/v320_ref/arm_heat_v3.json,07b5df779e4043a927a2b4d6fb21639a,4222,body-v3.10/sim/arm_heat_v3.json
body-v3.29/sim/v320_ref/results_v3.json,a3f76d9df0efa840ce3eedc394c67c25,7725,body-v3.20/sim/results_v3.json
body-v3.29/sim/v320_ref/walk_v3.json,3c60ae1fab664f989b79e69f90a262b8,3041,body-v3.20/sim/walk_v3.json
body-v3.29/sim/v320_ref/walk_v3_eff.json,03eb5773b7046ab0d35d27298ebcb3a6,3042,body-v3.20/sim/walk_v3_eff.json
body-v3.29/sim/v321_ref/arm_heat_v3.json,07b5df779e4043a927a2b4d6fb21639a,4222,body-v3.10/sim/arm_heat_v3.json
body-v3.29/sim/v321_ref/results_v3.json,9376232a72512e604ebf34cf3b0762df,7731,body-v3.21/sim/results_v3.json
body-v3.29/sim/v321_ref/walk_v3.json,01446e40422c7d46429c72ec2607530b,3036,body-v3.21/sim/walk_v3.json
body-v3.29/sim/v321_ref/walk_v3_eff.json,3ce6d50a38fd9906f253a17dd746cce3,3047,body-v3.21/sim/walk_v3_eff.json
body-v3.29/sim/v322_ref/arm_heat_v3.json,07b5df779e4043a927a2b4d6fb21639a,4222,body-v3.10/sim/arm_heat_v3.json
body-v3.29/sim/v322_ref/results_v3.json,6ad0ee2d5d6d53f8b36744fa2ee3242d,7719,body-v3.22/sim/results_v3.json
body-v3.29/sim/v322_ref/walk_v3.json,7967a3be11fabb980089e5200d649aa6,3033,body-v3.22/sim/walk_v3.json
body-v3.29/sim/v322_ref/walk_v3_eff.json,098c6cd614912b59984aee1711e1acd5,3043,body-v3.22/sim/walk_v3_eff.json
body-v3.29/sim/v323_ref/arm_heat_v3.json,07b5df779e4043a927a2b4d6fb21639a,4222,body-v3.10/sim/arm_heat_v3.json
body-v3.29/sim/v323_ref/results_v3.json,8d437b38b13edee42f6213c5b73acaba,7723,body-v3.23/sim/results_v3.json
body-v3.29/sim/v323_ref/walk_v3.json,5d86ba253d556f0c4e06a6b6a6ee3b16,3035,body-v3.23/sim/walk_v3.json
body-v3.29/sim/v323_ref/walk_v3_eff.json,b809785c839b19be78d9cac4f267cc4a,3044,body-v3.23/sim/walk_v3_eff.json
body-v3.29/sim/v324_ref/arm_heat_v3.json,07b5df779e4043a927a2b4d6fb21639a,4222,body-v3.10/sim/arm_heat_v3.json
body-v3.29/sim/v324_ref/results_v3.json,c2d2ee2856647249a3c0edef466fd442,7733,body-v3.24/sim/results_v3.json
body-v3.29/sim/v324_ref/walk_v3.json,77e520cc6fba6e96027e334d719150a5,3024,body-v3.24/sim/walk_v3.json
body-v3.29/sim/v324_ref/walk_v3_eff.json,2bb82f6d7a4c038ecb38c57e67604e13,3046,body-v3.24/sim/walk_v3_eff.json
body-v3.29/sim/v325_ref/arm_heat_v3.json,07b5df779e4043a927a2b4d6fb21639a,4222,body-v3.10/sim/arm_heat_v3.json
body-v3.29/sim/v325_ref/results_v3.json,b51494e74102af742a56d63696279dba,7727,body-v3.25/sim/results_v3.json
body-v3.29/sim/v325_ref/walk_v3.json,f60a951a4b18058b700a5325219addab,3031,body-v3.25/sim/walk_v3.json
body-v3.29/sim/v325_ref/walk_v3_eff.json,1ab8d66660ab95f06130677b82b97602,3044,body-v3.25/sim/walk_v3_eff.json
body-v3.29/sim/v326_ref/arm_heat_v3.json,07b5df779e4043a927a2b4d6fb21639a,4222,body-v3.10/sim/arm_heat_v3.json
body-v3.29/sim/v326_ref/results_v3.json,70359bc6e7e5f934374929b7bfa2db96,7726,body-v3.26/sim/results_v3.json
body-v3.29/sim/v326_ref/walk_v3.json,a1b5d52b0263f38a5d6db909f045829a,3038,body-v3.26/sim/walk_v3.json
body-v3.29/sim/v326_ref/walk_v3_eff.json,84947c78401902a0e0b4f111c92ad675,3046,body-v3.26/sim/walk_v3_eff.json
body-v3.29/sim/v327_ref/arm_heat_v3.json,07b5df779e4043a927a2b4d6fb21639a,4222,body-v3.10/sim/arm_heat_v3.json
body-v3.29/sim/v327_ref/results_v3.json,19357f3c943fcbe6e772f28f2c66563f,7722,body-v3.27/sim/results_v3.json
body-v3.29/sim/v327_ref/walk_v3.json,73af163fcbe80e541d505b06e19bebe6,3035,body-v3.27/sim/walk_v3.json
body-v3.29/sim/v327_ref/walk_v3_eff.json,da3a9965c5a1098dfc507e9eb7a6f94f,3047,body-v3.27/sim/walk_v3_eff.json
body-v3.29/sim/v328_ref/arm_heat_v3.json,07b5df779e4043a927a2b4d6fb21639a,4222,body-v3.10/sim/arm_heat_v3.json
body-v3.29/sim/v328_ref/results_v3.json,8646f4dd05dc9bd4836baeb0667864b8,7777,body-v3.28/sim/results_v3.json
body-v3.29/sim/v328_ref/walk_v3.json,2d4c4e88df2b7bcf4fddc9388a195c38,3034,body-v3.28/sim/walk_v3.json
body-v3.29/sim/v328_ref/walk_v3_eff.json,9ac63cc450b6eb72b33ec6927801f609,3044,body-v3.28/sim/walk_v3_eff.json
body-v3.29/sim/v32_ref/arm_heat_v3.json,07b5df779e4043a927a2b4d6fb21639a,4222,body-v3.10/sim/arm_heat_v3.json
body-v3.29/sim/v32_ref/results_v3.json,691b926aea221e63317388971ca903f7,8023,body-v3.10/sim/v32_ref/results_v3.json
body-v3.29/sim/v32_ref/walk_refine_v32.json,0648267fc7b09edeaa65985c0b4db260,157,body-v3.10/sim/v32_ref/walk_refine_v32.json
body-v3.29/sim/v32_ref/walk_v3.json,120423616b57938b7fd7672da7ad00f6,3165,body-v3.10/sim/v32_ref/walk_v3.json
body-v3.29/sim/v32_ref/walk_v3_eff.json,0860666c2fb00c61803ca5cf38d8cf2e,3103,body-v3.10/sim/v32_ref/walk_v3_eff.json
body-v3.29/sim/v33_ref/arm_heat_v3.json,07b5df779e4043a927a2b4d6fb21639a,4222,body-v3.10/sim/arm_heat_v3.json
body-v3.29/sim/v33_ref/results_v3.json,1f5b949f70ea6f2d2ca68c339ea885bb,8028,body-v3.10/sim/v33_ref/results_v3.json
body-v3.29/sim/v33_ref/walk_v3.json,135fd3eba247694b2d0455b05c2b1ed0,3154,body-v3.10/sim/v33_ref/walk_v3.json
body-v3.29/sim/v33_ref/walk_v3_eff.json,07f206d2b718406f84a80514363a0894,3163,body-v3.10/sim/v33_ref/walk_v3_eff.json
body-v3.29/sim/v34_ref/arm_heat_v3.json,07b5df779e4043a927a2b4d6fb21639a,4222,body-v3.10/sim/arm_heat_v3.json
body-v3.29/sim/v34_ref/results_v3.json,daa3ef05a96a0d46bbace841296e31c6,8020,body-v3.10/sim/v34_ref/results_v3.json
body-v3.29/sim/v34_ref/walk_v3.json,7f1ce820d388e0e41ba3dfc2c5faba4a,3155,body-v3.10/sim/v34_ref/walk_v3.json
body-v3.29/sim/v34_ref/walk_v3_eff.json,4ea2b63d0b9eba2faa54ba882cf92f93,3160,body-v3.10/sim/v34_ref/walk_v3_eff.json
body-v3.29/sim/v36_ref/arm_heat_v3.json,07b5df779e4043a927a2b4d6fb21639a,4222,body-v3.10/sim/arm_heat_v3.json
body-v3.29/sim/v36_ref/results_v3.json,6d09c34dcdbeb0ab1721a3015ed869a3,7773,body-v3.10/sim/v36_ref/results_v3.json
body-v3.29/sim/v36_ref/walk_v3.json,38bcf54acd4ca8bbf675993d585329f0,3039,body-v3.10/sim/v36_ref/walk_v3.json
body-v3.29/sim/v36_ref/walk_v3_eff.json,31b8a828b14afc9f5d317ef29cfbe9a9,3042,body-v3.10/sim/v36_ref/walk_v3_eff.json
body-v3.29/sim/v37_ref/arm_heat_v3.json,07b5df779e4043a927a2b4d6fb21639a,4222,body-v3.10/sim/arm_heat_v3.json
body-v3.29/sim/v37_ref/results_v3.json,e28526abee73fc3f1f2ce8a8893f87ae,7780,body-v3.10/sim/v37_ref/results_v3.json
body-v3.29/sim/v37_ref/walk_v3.json,33671a750fd7dce386401bce59f686a8,3032,body-v3.10/sim/v37_ref/walk_v3.json
body-v3.29/sim/v37_ref/walk_v3_eff.json,7be0f1960d01f0a3b80fb0f12f58de19,3043,body-v3.10/sim/v37_ref/walk_v3_eff.json
body-v3.29/sim/v38_ref/arm_heat_v3.json,07b5df779e4043a927a2b4d6fb21639a,4222,body-v3.10/sim/arm_heat_v3.json
body-v3.29/sim/v38_ref/results_v3.json,db7c5b8b22483b4f91eb46d530353928,7824,body-v3.10/sim/v38_ref/results_v3.json
body-v3.29/sim/v38_ref/walk_v3.json,fee45989bdaf3ab94dcabed25b50e7bb,3039,body-v3.10/sim/v38_ref/walk_v3.json
body-v3.29/sim/v38_ref/walk_v3_eff.json,228f2964c6705f80ebc7366edb2f0317,3043,body-v3.10/sim/v38_ref/walk_v3_eff.json
body-v3.29/sim/v39_ref/arm_heat_v3.json,07b5df779e4043a927a2b4d6fb21639a,4222,body-v3.10/sim/arm_heat_v3.json
body-v3.29/sim/v39_ref/results_v3.json,6603ecb5509ca86206a169ce15811895,7824,body-v3.10/sim/v39_ref/results_v3.json
body-v3.29/sim/v39_ref/walk_v3.json,8fc65df0a06c89e667c1c6d739d66c3c,3033,body-v3.10/sim/v39_ref/walk_v3.json
body-v3.29/sim/v39_ref/walk_v3_eff.json,79767a0ef34301f4d5f02ac4e2c255bf,3042,body-v3.10/sim/v39_ref/walk_v3_eff.json
body-v3.29/sim/v3_ref/arm_heat_v3.json,24f0f1621b09d575497b233327d5af34,4223,body-v3/sim/arm_heat_v3.json
body-v3.29/sim/v3_ref/results_v3.json,e91a5d8c46c37b6547966407c5d77848,8025,body-v3/sim/results_v3.json
body-v3.29/sim/v3_ref/walk_v3.json,f6dfc33626937c34a72b551e33684da3,3337,body-v3/sim/walk_v3.json
body-v3.29/sim/v3_ref/walk_v3_eff.json,394deba9fbf961cf5d88aae40d78c2e6,3347,body-v3/sim/walk_v3_eff.json
body-v3.3/README.md,6752bb01dae32e530a285e330f4d5770,5164,body-v3.10/README_v33.md
body-v3.3/README_v3.md,d5dfb182350ce2de808eda08cc549acc,8398,body-v3/README.md
body-v3.3/README_v31.md,62cf5740b1281b505a1e2bb98d536030,8478,body-v3.1/README.md
body-v3.3/README_v32.md,36d5079dfd7d10c4ca271706c936cf5a,12057,body-v3.10/README_v32.md
body-v3.3/build_report.json,43c004b80fb9bac1baf66a4d7898ddec,16975,body-v3.3/build_report.json
body-v3.3/collide_report.json,4f3fd6030e79af9278318ec019c61a8f,23506,body-v3.3/collide_report.json
body-v3.3/collide_v31_rule_check.json,2cfb89f60ed078067a5b0d563369f90c,129,body-v3.1/collide_v31_rule_check.json
body-v3.3/collide_v32_rule_check.json,005b67a629f7dd1569344a87c0e8df7b,164,body-v3.10/collide_v32_rule_check.json
body-v3.3/head_print_report.json,79f615cf398723aa2801b3336ef39415,6972,body-v3.10/head_print_report.json
body-v3.3/print_sheet_head.md,ac0500e69043b84dbd57f7204b995982,3511,body-v3.10/print_sheet_head.md
body-v3.3/servo_choice.md,316473d63f90ad6a5649462db90ee4c3,7062,body-v3.1/servo_choice.md
body-v3.3/measure/photo_measure.json,5832cf5aab493edae31cd598e050fc53,2746,body-v3/measure/photo_measure.json
body-v3.3/measure/targets.json,7b665a9c4ecd33771be6d5312f1cfcdb,5282,body-v3/measure/targets.json
body-v3.3/measure/v31_measure.json,7770567faa6c6ee5ce5e18b1da51c474,1121,body-v3.1/measure/v31_measure.json
body-v3.3/measure/v32_measure.json,852640a3181a17ea81aee224e86ac5f7,979,body-v3.10/measure/v32_measure.json
body-v3.3/measure/v32_neck_scale.json,14486360543aa63b349b95440d1f1729,914,body-v3.10/measure/v32_neck_scale.json
body-v3.3/measure/v33_head_size.json,fc2bb9834c1e56d00aff074751409e63,968,body-v3.10/measure/v33_head_size.json
body-v3.3/measure/v33_head_size_overlay.json,f59662c96f18842e63e50af4d4cb1315,567,body-v3.10/measure/v33_head_size_overlay.json
body-v3.3/measure/v33_neck_scale.json,e40e7e3d179e145a736191fd39b80f52,368,body-v3.10/measure/v33_neck_scale.json
body-v3.3/sim/README.md,5a2184fcce272380e8a22600e08816c1,13351,body-v3.10/sim/README.md
body-v3.3/sim/arm_heat_v2.json,bc311c1775b81c9405219b9bbff5ec13,4223,body-v3/sim/arm_heat_v2.json
body-v3.3/sim/arm_heat_v3.json,07b5df779e4043a927a2b4d6fb21639a,4222,body-v3.10/sim/arm_heat_v3.json
body-v3.3/sim/compare_stock_v2_v3.json,0ed3b329d48797a6244eeffa2d5fde08,3805,body-v3/sim/compare_stock_v2_v3.json
body-v3.3/sim/compare_stock_v2_v3.md,895225c90e71fdfa98f1516ec893a8b1,2949,body-v3/sim/compare_stock_v2_v3.md
body-v3.3/sim/compare_v31_v32.json,c51ae2424f05c1ab5562ee15e9b2965f,3254,body-v3.10/sim/compare_v31_v32.json
body-v3.3/sim/compare_v31_v32.md,644ebfad4fb06dc032148c27094bee2c,1939,body-v3.10/sim/compare_v31_v32.md
body-v3.3/sim/compare_v32_v33.json,a6b9c313414ce0741dcde7c80ce064a7,3255,body-v3.10/sim/compare_v32_v33.json
body-v3.3/sim/compare_v32_v33.md,de11b2bed04349fe3059fe2af1f01f8d,1861,body-v3.10/sim/compare_v32_v33.md
body-v3.3/sim/compare_v3_v31.json,7e29f9219c9b23c6c5982ab3a1a89db3,2829,body-v3.1/sim/compare_v3_v31.json
body-v3.3/sim/compare_v3_v31.md,175081c021dce15c7e987872af0ac43f,1611,body-v3.1/sim/compare_v3_v31.md
body-v3.3/sim/mass_report_v3.json,d109d2fba48b0ac5b74bd98ab7d19362,12901,body-v3.3/sim/mass_report_v3.json
body-v3.3/sim/plot_compare.png,2457a623d2f320f37f590b6d2c9af28b,58887,body-v3/sim/plot_compare.png
body-v3.3/sim/results_v3.json,1f5b949f70ea6f2d2ca68c339ea885bb,8028,body-v3.10/sim/v33_ref/results_v3.json
body-v3.3/sim/v31_head_arms_v3.mp4,48a7d3e494eb7931d9cf1ae21757dc2d,158269,body-v3.1/sim/v31_head_arms_v3.mp4
body-v3.3/sim/v31_push_recovery_v3.mp4,3ab9571e7c6a56d8814a84cbb6aa1c72,381814,body-v3.1/sim/v31_push_recovery_v3.mp4
body-v3.3/sim/v31_walk_v3.mp4,f8b129b2c60318bb3e51ceb73bc7391b,956000,body-v3.1/sim/v31_walk_v3.mp4
body-v3.3/sim/v31_walk_v3_eff.mp4,854d3e13fb48f5733b015b48fa7595c0,983294,body-v3.1/sim/v31_walk_v3_eff.mp4
body-v3.3/sim/v32_head_arms_v3.mp4,f85ac100948abeed35a74a90e08f60ad,74735,body-v3.2/sim/v32_head_arms_v3.mp4
body-v3.3/sim/v32_push_recovery_v3.mp4,e0912366df08d5beee307c2c50dc8c5a,355980,body-v3.2/sim/v32_push_recovery_v3.mp4
body-v3.3/sim/v32_walk_v3.mp4,83772e47b3364a3bd88c8af899851e7b,935909,body-v3.2/sim/v32_walk_v3.mp4
body-v3.3/sim/walk_refine_v32.json,0648267fc7b09edeaa65985c0b4db260,157,body-v3.10/sim/v32_ref/walk_refine_v32.json
body-v3.3/sim/walk_v3.json,135fd3eba247694b2d0455b05c2b1ed0,3154,body-v3.10/sim/v33_ref/walk_v3.json
body-v3.3/sim/walk_v3_eff.json,07f206d2b718406f84a80514363a0894,3163,body-v3.10/sim/v33_ref/walk_v3_eff.json
body-v3.3/sim/walk_v3_eff_noref.json,ebaa41acfaaef3b24dc77ab83db09f93,3101,body-v3.10/sim/walk_v3_eff_noref.json
body-v3.3/sim/walk_v3_noref.json,85f5f335181e839cfdc2d627ecca5d32,3095,body-v3.10/sim/walk_v3_noref.json
body-v3.3/sim/alt_head200/arm_heat_v3.json,415ae593221c747feb4b9be77c742570,4223,body-v3.2/sim/alt_head200/arm_heat_v3.json
body-v3.3/sim/alt_head200/compare_v31_v32.json,75618cf1c153a8898376901e508c5216,3255,body-v3.2/sim/alt_head200/compare_v31_v32.json
body-v3.3/sim/alt_head200/compare_v31_v32.md,ca59f18aba57e37f966041f73b576e0b,1940,body-v3.2/sim/alt_head200/compare_v31_v32.md
body-v3.3/sim/alt_head200/push_recovery_v3.mp4,43de8292a845ab20dd81acbabee78501,338203,body-v3.2/sim/alt_head200/push_recovery_v3.mp4
body-v3.3/sim/alt_head200/results_v3.json,5069046fb17153e37be43fb2a0b96ea3,8033,body-v3.2/sim/alt_head200/results_v3.json
body-v3.3/sim/alt_head200/walk_refine_v32.json,1e7df509ecf7571b17dad55ac977dc5d,156,body-v3.2/sim/alt_head200/walk_refine_v32.json
body-v3.3/sim/alt_head200/walk_v3.json,1a42c00305832f7b54d9384b3a7cbeee,3151,body-v3.2/sim/alt_head200/walk_v3.json
body-v3.3/sim/alt_head200/walk_v3_eff.json,2844524459710f4265f6396a1a59830c,3097,body-v3.2/sim/alt_head200/walk_v3_eff.json
body-v3.3/sim/v31_ref/arm_heat_v3.json,2126fcc62fd7d3c396dcb7770419204a,4220,body-v3.1/sim/arm_heat_v3.json
body-v3.3/sim/v31_ref/mass_report_v3.json,b22177cef249a8bc99fcb2f57bb05878,12902,body-v3.1/sim/mass_report_v3.json
body-v3.3/sim/v31_ref/results_v3.json,510d1456468455e8152b440555672307,8029,body-v3.1/sim/results_v3.json
body-v3.3/sim/v31_ref/walk_v3.json,21a198ab40b540b4e3398bd7bdd66988,3094,body-v3.1/sim/walk_v3.json
body-v3.3/sim/v31_ref/walk_v3_eff.json,031ec90a823c37124efb0f9b271545e0,3102,body-v3.1/sim/walk_v3_eff.json
body-v3.3/sim/v32_ref/arm_heat_v3.json,07b5df779e4043a927a2b4d6fb21639a,4222,body-v3.10/sim/arm_heat_v3.json
body-v3.3/sim/v32_ref/results_v3.json,691b926aea221e63317388971ca903f7,8023,body-v3.10/sim/v32_ref/results_v3.json
body-v3.3/sim/v32_ref/walk_refine_v32.json,0648267fc7b09edeaa65985c0b4db260,157,body-v3.10/sim/v32_ref/walk_refine_v32.json
body-v3.3/sim/v32_ref/walk_v3.json,120423616b57938b7fd7672da7ad00f6,3165,body-v3.10/sim/v32_ref/walk_v3.json
body-v3.3/sim/v32_ref/walk_v3_eff.json,0860666c2fb00c61803ca5cf38d8cf2e,3103,body-v3.10/sim/v32_ref/walk_v3_eff.json
body-v3.3/sim/v3_ref/arm_heat_v3.json,24f0f1621b09d575497b233327d5af34,4223,body-v3/sim/arm_heat_v3.json
body-v3.3/sim/v3_ref/results_v3.json,e91a5d8c46c37b6547966407c5d77848,8025,body-v3/sim/results_v3.json
body-v3.3/sim/v3_ref/walk_v3.json,f6dfc33626937c34a72b551e33684da3,3337,body-v3/sim/walk_v3.json
body-v3.3/sim/v3_ref/walk_v3_eff.json,394deba9fbf961cf5d88aae40d78c2e6,3347,body-v3/sim/walk_v3_eff.json
body-v3.30/README.md,65c2e177b5412a5e63ba38b5190edbde,6101,body-v3.10/README.md
body-v3.30/README_v3.md,d5dfb182350ce2de808eda08cc549acc,8398,body-v3/README.md
body-v3.30/README_v31.md,62cf5740b1281b505a1e2bb98d536030,8478,body-v3.1/README.md
body-v3.30/README_v310.md,8da2f237ff36b44d0add847660514f13,3734,body-v3.10/README_v310.md
body-v3.30/README_v311.md,00e8e1e244dfd4deb11e26e2ae98012f,4189,body-v3.11/README_v311.md
body-v3.30/README_v312.md,1661c05da47e75ae5678be1a9513648e,4010,body-v3.12/README_v312.md
body-v3.30/README_v313.md,60beb427e39b3057b625d7c402153ecd,3338,body-v3.13/README_v313.md
body-v3.30/README_v314.md,c06f881a9d452d57268625b05f4b8850,3978,body-v3.14/README_v314.md
body-v3.30/README_v315.md,e6dcd0fd62eb3f59d02bf840e1d59599,2771,body-v3.15/README_v315.md
body-v3.30/README_v316.md,af2d2b48ebd64516bfe0f1dd61b28da7,6517,body-v3.16/README_v316.md
body-v3.30/README_v317.md,08d1cd9d822124621f017e9b62a01692,4494,body-v3.17/README_v317.md
body-v3.30/README_v318.md,0af4e594f70c70c582978e26dba2fd10,4575,body-v3.18/README_v318.md
body-v3.30/README_v319.md,9cab512e2cc660ed2cc713091882f107,5665,body-v3.19/README_v319.md
body-v3.30/README_v32.md,36d5079dfd7d10c4ca271706c936cf5a,12057,body-v3.10/README_v32.md
body-v3.30/README_v320.md,1bd93ec87a4a978fead0c396fc582328,2026,body-v3.20/README_v320.md
body-v3.30/README_v321.md,940bbfbf636a75d9a05673bb9bf46acc,2892,body-v3.21/README_v321.md
body-v3.30/README_v322.md,d0144fa82487f3971e9f5466b74ae3bc,2977,body-v3.22/README_v322.md
body-v3.30/README_v327.md,e6df1f7c2a18fc814112b19b30916e1a,3302,body-v3.27/README_v327.md
body-v3.30/README_v328.md,7105c8579266315dbfdda7b8c375e5cb,5522,body-v3.28/README_v328.md
body-v3.30/README_v329.md,71452aa691ecd9fbfd72871ce71e8239,5854,body-v3.29/README_v329.md
body-v3.30/README_v33.md,6752bb01dae32e530a285e330f4d5770,5164,body-v3.10/README_v33.md
body-v3.30/README_v330.md,52b3af9cfe2f294fb6a91d306c855d52,5385,body-v3.30/README_v330.md
body-v3.30/README_v34.md,b512057a38e8cd7dd3ee07219c058e51,2623,body-v3.10/README_v34.md
body-v3.30/README_v35.md,7d8c481c42edc18f57b68b7bcea44345,2418,body-v3.10/README_v35.md
body-v3.30/README_v36.md,756af93fbf80b2ee9e5fee1458509d98,2438,body-v3.10/README_v36.md
body-v3.30/README_v38.md,ed0092856c928668efe6274c4752d7c2,4651,body-v3.10/README_v38.md
body-v3.30/README_v39.md,93f974e23db0965ce50120ba22d3dfaf,4818,body-v3.10/README_v39.md
body-v3.30/armsweep_v316.json,1f5aeabfa91da235aef6d943587fcf20,232,body-v3.16/armsweep_v316.json
body-v3.30/armsweep_v317.json,64745441dcb259065e67e21ae09ffab6,1203,body-v3.17/armsweep_v317.json
body-v3.30/armsweep_v318.json,5ae60717248b7264e1f67c1252ce79a5,1198,body-v3.18/armsweep_v318.json
body-v3.30/armsweep_v319.json,8c6d5a5f572ff5fabd1bbab9856ddf11,1230,body-v3.19/armsweep_v319.json
body-v3.30/armsweep_v320.json,9cf76322dae0716251c9d43d851284dd,992,body-v3.20/armsweep_v320.json
body-v3.30/armsweep_v321.json,185ddf1d621c09dea5d35968652520a9,790,body-v3.21/armsweep_v321.json
body-v3.30/armsweep_v322.json,1c2b3fd30dfdab42e8c6f9655d7801af,990,body-v3.22/armsweep_v322.json
body-v3.30/armsweep_v323_on_this.json,cc1d45898859189c26dfa9af89931450,1090,body-v3.23/armsweep_v323_on_this.json
body-v3.30/armsweep_v324.json,da76ca344a4ed4b0207c31572c35376a,990,body-v3.24/armsweep_v324.json
body-v3.30/armsweep_v325.json,da76ca344a4ed4b0207c31572c35376a,990,body-v3.24/armsweep_v324.json
body-v3.30/armsweep_v326.json,da76ca344a4ed4b0207c31572c35376a,990,body-v3.24/armsweep_v324.json
body-v3.30/armsweep_v327_on_this.json,da76ca344a4ed4b0207c31572c35376a,990,body-v3.24/armsweep_v324.json
body-v3.30/armsweep_v328_on_this.json,da76ca344a4ed4b0207c31572c35376a,990,body-v3.24/armsweep_v324.json
body-v3.30/armsweep_v329_on_this.json,da76ca344a4ed4b0207c31572c35376a,990,body-v3.24/armsweep_v324.json
body-v3.30/armsweep_v330_on_this.json,78f67c93b815521d2f2325e3fefc825a,790,body-v3.30/armsweep_v330_on_this.json
body-v3.30/bom_v35.md,54e414cced6d75762caa12cba76d0d40,1012,body-v3.10/bom_v35.md
body-v3.30/build_report.json,3c08239c078593b51d293cace8ec1a27,19929,body-v3.10/build_report.json
body-v3.30/changed_parts_v36_to_v37.json,a9a41d7c46a2ad62fed49408f90e4b29,1338,body-v3.10/changed_parts_v36_to_v37.json
body-v3.30/changed_parts_v37_to_v38.json,49ae233dc0c85f386397a6f0a52f4f9a,6172,body-v3.10/changed_parts_v37_to_v38.json
body-v3.30/changed_parts_v38_to_v39.json,d3cd5cdf0f50ea6407e39f2225cef809,6381,body-v3.10/changed_parts_v38_to_v39.json
body-v3.30/collide_head_v310.json,e25c6464886e09f567ee551e6f338f74,2142,body-v3.10/collide_head_v310.json
body-v3.30/collide_head_v311.json,e25c6464886e09f567ee551e6f338f74,2142,body-v3.10/collide_head_v310.json
body-v3.30/collide_head_v312.json,e25c6464886e09f567ee551e6f338f74,2142,body-v3.10/collide_head_v310.json
body-v3.30/collide_head_v312_baseline_for_v313.json,9b4637517f3bf949c5067330e618d235,10236,body-v3.13/collide_head_v312_baseline_for_v313.json
body-v3.30/collide_head_v313.json,b49557fdb2e92668b038eff5c1f559b2,10094,body-v3.13/collide_head_v313.json
body-v3.30/collide_head_v314.json,84a15622992a6302ff45de44e07548b2,10324,body-v3.14/collide_head_v314.json
body-v3.30/collide_head_v315.json,3abfd60515fd19ab49ad5e9844607e08,9549,body-v3.15/collide_head_v315.json
body-v3.30/collide_log_v38.txt,9401ea726b306a56955aecbaf3d6525e,4281,body-v3.10/collide_log_v38.txt
body-v3.30/collide_log_v39.txt,9401ea726b306a56955aecbaf3d6525e,4281,body-v3.10/collide_log_v38.txt
body-v3.30/collide_report.json,e6ddd4078834a837f9559a91643465bb,20690,body-v3.10/collide_report.json
body-v3.30/collide_v31_rule_check.json,2cfb89f60ed078067a5b0d563369f90c,129,body-v3.1/collide_v31_rule_check.json
body-v3.30/collide_v32_rule_check.json,005b67a629f7dd1569344a87c0e8df7b,164,body-v3.10/collide_v32_rule_check.json
body-v3.30/crest_valley_v321.json,3f672f077ad7c227637940c3147cf8b7,1542,body-v3.21/crest_valley_v321.json
body-v3.30/crest_valley_v322.json,ace9cd2fe2155ae48ab8593e69f98b44,1392,body-v3.22/crest_valley_v322.json
body-v3.30/fit_v314.json,f8aae41806d01c56389950094ea546d5,320,body-v3.14/fit_v314.json
body-v3.30/grain_report_v37.json,9fdb9f19f7edb1e802179baf9633ea41,1959,body-v3.30/grain_report_v37.json
body-v3.30/hair_print_report_v313.json,860be9dcc14d271703ad67c23017d1dc,2832,body-v3.13/hair_print_report_v313.json
body-v3.30/hair_print_report_v314.json,a9210bb284841958846ddb4167713788,4794,body-v3.14/hair_print_report_v314.json
body-v3.30/hair_print_report_v315.json,7c5a3f9afea264b52bd3e2841e3c9b82,3652,body-v3.15/hair_print_report_v315.json
body-v3.30/head_body_check.json,3bae58bcb7a535b9a81cae8a3bbe01f8,3713,body-v3.30/head_body_check.json
body-v3.30/head_print_report.json,79f615cf398723aa2801b3336ef39415,6972,body-v3.10/head_print_report.json
body-v3.30/head_print_report_v315.json,2009b6b02676dc6b96c6dd0d5ffded22,5848,body-v3.15/head_print_report_v315.json
body-v3.30/head_print_report_v316.json,f8e1f5b80ec4e1a19764713305d52d78,3997,body-v3.16/head_print_report_v316.json
body-v3.30/head_print_report_v317.json,fe0ed67ed9be1c640ebe2961c972f159,3397,body-v3.17/head_print_report_v317.json
body-v3.30/head_print_report_v318.json,0c4af57a9b076781b75f49f381e6e2db,3274,body-v3.18/head_print_report_v318.json
body-v3.30/head_print_report_v319.json,19394cee936c19e67eee4e7b4a8bc97a,3164,body-v3.19/head_print_report_v319.json
body-v3.30/head_print_report_v320.json,fc1afe8bee3905b206b2b7456cbb73c3,3165,body-v3.20/head_print_report_v320.json
body-v3.30/head_print_report_v321.json,45ab6961dd3d64dcc06d9b6925a8d9be,3290,body-v3.21/head_print_report_v321.json
body-v3.30/head_print_report_v322.json,40a054a1a377cb70088eb61b6ed08ea3,3312,body-v3.22/head_print_report_v322.json
body-v3.30/head_print_report_v323.json,3e2871c80dabcd440fcd72c46185e909,3244,body-v3.23/head_print_report_v323.json
body-v3.30/head_print_report_v324.json,8783d5355568fb44b8e83f285cdfbbc4,3406,body-v3.24/head_print_report_v324.json
body-v3.30/head_print_report_v325.json,c713d2096a945d0a6e12eb087fb47bba,3244,body-v3.25/head_print_report_v325.json
body-v3.30/head_print_report_v326.json,cae2e2ff4b71336f3e7bbcfb520aaedc,3227,body-v3.26/head_print_report_v326.json
body-v3.30/head_print_report_v327.json,665ee54eb8db38c3e0340c13658f1432,3239,body-v3.27/head_print_report_v327.json
body-v3.30/head_print_report_v328.json,5eb3b4009e441b2a32a6fb6c4fca8a25,3299,body-v3.28/head_print_report_v328.json
body-v3.30/head_print_report_v329.json,4697b7a67903b03389d9fa615ca856bf,3354,body-v3.29/head_print_report_v329.json
body-v3.30/head_print_report_v330.json,2d02e603d80dde754fd6348595e86601,13712,body-v3.30/head_print_report_v330.json
body-v3.30/head_print_report_v36.json,d33da0d7f147f0bd784709823ca6e9ae,7037,body-v3.10/head_print_report_v36.json
body-v3.30/head_print_report_v37.json,4e0e79baf232a56165080655c08ae618,7733,body-v3.10/head_print_report_v37.json
body-v3.30/head_print_report_v38.json,5d6e16e5fb2414e0bbfca34176d0c3f5,7735,body-v3.10/head_print_report_v38.json
body-v3.30/head_print_report_v39.json,ba2c678786c8b3f4cd8feca3787e75dd,7781,body-v3.10/head_print_report_v39.json
body-v3.30/head_size_v36.json,04f54b55f682598962ff3481a5aba85f,717,body-v3.10/head_size_v36.json
body-v3.30/headrange_v320.json,4d62c8eed17cabb04608f6e91debbee5,916,body-v3.20/headrange_v320.json
body-v3.30/headrange_v320_on_this.json,fa6323726ea94e5cc29fcc111d5fa6d8,769,body-v3.30/headrange_v320_on_this.json
body-v3.30/kilt_check_v316.json,799d097cf52f2f781aee6f772478ae4c,2826,body-v3.16/kilt_check_v316.json
body-v3.30/kilt_check_v316_final_gaits.json,430d99554b945ffe97d090947af9ac02,346,body-v3.16/kilt_check_v316_final_gaits.json
body-v3.30/kilt_print_report_v316.json,7df362561b2ccfefc2eccfe6ae1b03f8,1855,body-v3.16/kilt_print_report_v316.json
body-v3.30/lock_table_v319.md,e055209e989f675cd40a57a2cc4250fc,2047,body-v3.19/lock_table_v319.md
body-v3.30/print_note_hair_v313.md,1e35268b4a671737e912d031e769524e,1665,body-v3.13/print_note_hair_v313.md
body-v3.30/print_note_hair_v314.md,d703f5636f9c988f749d1147171e51e9,2397,body-v3.14/print_note_hair_v314.md
body-v3.30/print_note_hair_v315.md,6a889c9eb945efe71cbd55e83070b248,2211,body-v3.15/print_note_hair_v315.md
body-v3.30/print_note_head_v315.md,b00ab61a458365b15abc38025eeb9024,3040,body-v3.15/print_note_head_v315.md
body-v3.30/print_note_head_v316.md,a4f5d5bc7d9d8ed629a2d852a4c13a00,2664,body-v3.16/print_note_head_v316.md
body-v3.30/print_note_head_v317.md,4688ae5478c06dc314ccd47e767dad95,2703,body-v3.17/print_note_head_v317.md
body-v3.30/print_note_head_v318.md,84654fd7ff87f728f90ca899ef84a8e0,2674,body-v3.18/print_note_head_v318.md
body-v3.30/print_note_head_v319.md,d0467f682f653a81efa0dfad57f3b62c,2611,body-v3.19/print_note_head_v319.md
body-v3.30/print_note_head_v320.md,fb8d40d0d708aecb53cdaab4c505c66a,2785,body-v3.20/print_note_head_v320.md
body-v3.30/print_note_head_v321.md,ed4789b2cfaee2d5338d341f14f4290e,3089,body-v3.21/print_note_head_v321.md
body-v3.30/print_note_head_v322.md,ad4097edd061a164f96d6a5d60ca8ff4,3108,body-v3.22/print_note_head_v322.md
body-v3.30/print_note_head_v323.md,5bc5d802a84be4fac02ed4256de40358,3214,body-v3.23/print_note_head_v323.md
body-v3.30/print_note_head_v324.md,aebc8c225ff6c8acad7e87fec2a8d757,3643,body-v3.24/print_note_head_v324.md
body-v3.30/print_note_head_v325.md,a69acec014ec68e7f6c61b97201d56ef,3371,body-v3.25/print_note_head_v325.md
body-v3.30/print_note_head_v326.md,477e07d7962413dee16330601d6dcc1a,3698,body-v3.26/print_note_head_v326.md
body-v3.30/print_note_head_v327.md,a665738361151e0b5fa650a218de34a3,3887,body-v3.27/print_note_head_v327.md
body-v3.30/print_note_head_v328.md,38db1002dd4fa09d34efd89becc6621c,4109,body-v3.28/print_note_head_v328.md
body-v3.30/print_note_head_v329.md,f31d7bc34e6e8c85f8a59a7697df7bcc,3865,body-v3.29/print_note_head_v329.md
body-v3.30/print_note_head_v330.md,673fc50cadebc7025c517fd086560bb6,13970,body-v3.30/print_note_head_v330.md
body-v3.30/print_note_kilt_v316.md,0fdb4004cc378b066f170eedf905c93a,3348,body-v3.16/print_note_kilt_v316.md
body-v3.30/print_note_snout_v310.md,8c28ce33c8014e2a35235021cfe421d2,1461,body-v3.10/print_note_snout_v310.md
body-v3.30/print_note_snout_v311.md,9e46a723542d0793ff9f75be43a9b93f,2029,body-v3.11/print_note_snout_v311.md
body-v3.30/print_note_snout_v312.md,c45bac8778b151145198787bdf6e0062,1827,body-v3.12/print_note_snout_v312.md
body-v3.30/print_sheet_body_v38.md,face3494b2f0898c92d4de88aa098edc,6733,body-v3.10/print_sheet_body_v38.md
body-v3.30/print_sheet_head.md,ac0500e69043b84dbd57f7204b995982,3511,body-v3.10/print_sheet_head.md
body-v3.30/print_sheet_head_v36.md,6ac4c2094ed80fd60fd094d5b6ead7f8,3683,body-v3.10/print_sheet_head_v36.md
body-v3.30/print_sheet_head_v37.md,e9fbab93227e450a8c099f93fd6ea65b,5234,body-v3.10/print_sheet_head_v37.md
body-v3.30/print_sheet_head_v38.md,1bd44b955d22ea2e13d00bf05d107d31,5698,body-v3.10/print_sheet_head_v38.md
body-v3.30/print_sheet_head_v39.md,be1e14d15b9f562fb02da2a9853dbef9,5766,body-v3.10/print_sheet_head_v39.md
body-v3.30/servo_choice.md,316473d63f90ad6a5649462db90ee4c3,7062,body-v3.1/servo_choice.md
body-v3.30/snout_print_report_v310.json,4bf50103ac3941a34a8e642e795d6244,1079,body-v3.10/snout_print_report_v310.json
body-v3.30/snout_print_report_v311.json,3a2a461ef0f6fd92fab4a720d1521a76,1010,body-v3.11/snout_print_report_v311.json
body-v3.30/snout_print_report_v312.json,777e230a1c3e92c7a47d5c5b7220e6ad,918,body-v3.12/snout_print_report_v312.json
body-v3.30/stl_gate_v330.json,8f9d7a8e5997824848ee5b55ee86ecb0,1942,body-v3.30/stl_gate_v330.json
body-v3.30/torso_env_v34.json,bda31ea296b814d3685d260d29f3e20f,36249,body-v3.10/torso_env_v34.json
body-v3.30/torso_env_v36.json,8b9d02fce005d442335cfb062533af58,54421,body-v3.10/torso_env_v36.json
body-v3.30/torso_env_v38.json,687e14f2e4e89bf21a99087d015075c6,54455,body-v3.10/torso_env_v38.json
body-v3.30/wall_v316_wig_ref.json,da76d2f347b1e63a64657da82a9b63a9,229,body-v3.17/wall_v316_wig_ref.json
body-v3.30/wall_v317.json,9a56d2bc81b85bf45a7a5b2ef12f0c2b,227,body-v3.17/wall_v317.json
body-v3.30/wall_v318.json,8a58771e7725eb91575b2ee5d5f624b9,226,body-v3.18/wall_v318.json
body-v3.30/wall_v319.json,157779f9e5124b4b3dbd7b14b49fd287,226,body-v3.19/wall_v319.json
body-v3.30/wall_v320.json,5dec19b66934cea85dd96c36a283b115,226,body-v3.20/wall_v320.json
body-v3.30/wall_v321.json,a493b5556d52663136969869fdd431dd,228,body-v3.21/wall_v321.json
body-v3.30/wall_v322.json,2aaf6d528fc179661a6ddb5b08e5efa4,222,body-v3.22/wall_v322.json
body-v3.30/wall_v323.json,3dffa10c6b233c74f3061a182e64b2d7,225,body-v3.23/wall_v323.json
body-v3.30/wall_v324.json,c231902a905aea6ab387914d89fe37c4,225,body-v3.24/wall_v324.json
body-v3.30/wall_v325.json,34efe9e675f226588484db0a70b003d4,226,body-v3.25/wall_v325.json
body-v3.30/wall_v326.json,a07b691b862a6e387d5e757473dc4e85,212,body-v3.26/wall_v326.json
body-v3.30/wall_v327.json,6cc940c809060fd54ed3160cef584ef6,226,body-v3.27/wall_v327.json
body-v3.30/wall_v328.json,eb532d30717af73ade5df796060470e1,212,body-v3.28/wall_v328.json
body-v3.30/wall_v329.json,daa5d849b59e5c46d3b13c203caa3804,211,body-v3.29/wall_v329.json
body-v3.30/measure/photo_measure.json,5832cf5aab493edae31cd598e050fc53,2746,body-v3/measure/photo_measure.json
body-v3.30/measure/snout_taper_v312.json,36dde250b844c6de6e65956251b874de,1330,body-v3.12/measure/snout_taper_v312.json
body-v3.30/measure/targets.json,7b665a9c4ecd33771be6d5312f1cfcdb,5282,body-v3/measure/targets.json
body-v3.30/measure/v31_measure.json,7770567faa6c6ee5ce5e18b1da51c474,1121,body-v3.1/measure/v31_measure.json
body-v3.30/measure/v32_measure.json,852640a3181a17ea81aee224e86ac5f7,979,body-v3.10/measure/v32_measure.json
body-v3.30/measure/v32_neck_scale.json,14486360543aa63b349b95440d1f1729,914,body-v3.10/measure/v32_neck_scale.json
body-v3.30/measure/v33_head_size.json,fc2bb9834c1e56d00aff074751409e63,968,body-v3.10/measure/v33_head_size.json
body-v3.30/measure/v33_head_size_overlay.json,f59662c96f18842e63e50af4d4cb1315,567,body-v3.10/measure/v33_head_size_overlay.json
body-v3.30/measure/v33_neck_scale.json,e40e7e3d179e145a736191fd39b80f52,368,body-v3.10/measure/v33_neck_scale.json
body-v3.30/measure319/face_v329.json,391fff1bd155b51eacfaa89ab2b2d70e,1733,body-v3.30/measure319/face_v329.json
body-v3.30/measure319/face_v330.json,a924ce321f4f870891cd631b604fd5d1,1757,body-v3.30/measure319/face_v330.json
body-v3.30/measure319/iou_A.json,b3155955a510a356d68ea43593b1fed0,795,body-v3.26/measure319/iou_A.json
body-v3.30/measure319/iou_A1.json,edba57704027f3f4b4c1ec2224d0e063,798,body-v3.27/measure319/iou_A1.json
body-v3.30/measure319/iou_A2.json,1c76efa9a8547a55517143c51172175a,797,body-v3.27/measure319/iou_A2.json
body-v3.30/measure319/iou_B.json,99837d60d6645b6eac1d1e2f94528244,801,body-v3.26/measure319/iou_B.json
body-v3.30/measure319/iou_B1.json,074a246c1bcfe7bf8f79f7492b3849e7,799,body-v3.27/measure319/iou_B1.json
body-v3.30/measure319/iou_B2.json,3f60caca17629ba51f7ad2018c7d9f42,801,body-v3.27/measure319/iou_B2.json
body-v3.30/measure319/iou_B3.json,7ceee17566fb09bcca043ba16ac4e488,801,body-v3.27/measure319/iou_B3.json
body-v3.30/measure319/iou_B4.json,a59ea9a26b61ed4cbb0a96ef3a20489c,799,body-v3.27/measure319/iou_B4.json
body-v3.30/measure319/iou_B5.json,70d2be5970baf2c4043070e85ec5e013,801,body-v3.27/measure319/iou_B5.json
body-v3.30/measure319/iou_B6.json,4c358bfd23416862e67bd6fb351bbfec,800,body-v3.27/measure319/iou_B6.json
body-v3.30/measure319/iou_C.json,faeb5a2f55655ae8e74bd209be8af10b,800,body-v3.26/measure319/iou_C.json
body-v3.30/measure319/iou_C1.json,01d1caf0fc6ac87b50297d9d1da454a8,798,body-v3.27/measure319/iou_C1.json
body-v3.30/measure319/iou_C2.json,1ca3ad2b7cf6765e2adc68ae302536db,801,body-v3.27/measure319/iou_C2.json
body-v3.30/measure319/iou_D.json,da20e8aff026eeb3782f4d8581d6f05b,798,body-v3.26/measure319/iou_D.json
body-v3.30/measure319/iou_D1.json,54a609eb5fc2d64192e2cc276ec9beeb,801,body-v3.27/measure319/iou_D1.json
body-v3.30/measure319/iou_D2.json,a68e3e72bc9321adeb0c693685db0894,800,body-v3.27/measure319/iou_D2.json
body-v3.30/measure319/iou_E.json,f933c46b77b4d4ca123ae2d7a10c4fc6,800,body-v3.26/measure319/iou_E.json
body-v3.30/measure319/iou_E1.json,ab0bbe1c68e76f934cf688ab927400df,801,body-v3.27/measure319/iou_E1.json
body-v3.30/measure319/iou_E2.json,61a5ba3130c4f46b54d462a1143c549d,799,body-v3.27/measure319/iou_E2.json
body-v3.30/measure319/iou_E70.json,eebebab2f2df6c2da90554f95eebb273,799,body-v3.26/measure319/iou_E70.json
body-v3.30/measure319/iou_E85.json,4f1b17725e1aebfaeb51a873116a654b,797,body-v3.26/measure319/iou_E85.json
body-v3.30/measure319/iou_F.json,b1270e6d41b7219985614c66cb72416c,801,body-v3.26/measure319/iou_F.json
body-v3.30/measure319/iou_F1.json,f567b1c09c089260757cd17c92dc8553,800,body-v3.27/measure319/iou_F1.json
body-v3.30/measure319/iou_F2.json,ce611d5ff11f4db3c431ad031da62fc0,801,body-v3.27/measure319/iou_F2.json
body-v3.30/measure319/iou_FIN1.json,0e5018d752aaedf09668622b3cefdcb5,801,body-v3.26/measure319/iou_FIN1.json
body-v3.30/measure319/iou_FIN2.json,483031ab1fe24e2dde9427c994364d59,801,body-v3.26/measure319/iou_FIN2.json
body-v3.30/measure319/iou_G.json,63a3376b5570743733112608d90ebd23,803,body-v3.26/measure319/iou_G.json
body-v3.30/measure319/iou_G1.json,b6f5fd9da051017859c60ee48e93a11a,798,body-v3.27/measure319/iou_G1.json
body-v3.30/measure319/iou_G2.json,d5483c566bb1f2a0d073372289a92041,799,body-v3.27/measure319/iou_G2.json
body-v3.30/measure319/iou_G3.json,46c432c72a7755e7930fd2e5e00d1883,800,body-v3.27/measure319/iou_G3.json
body-v3.30/measure319/iou_G4.json,bbaf1dc749fbfaa5f11f6a35e7cac5a8,800,body-v3.27/measure319/iou_G4.json
body-v3.30/measure319/iou_G70.json,f54bcb3466a77fc348011467f0e15cc4,798,body-v3.26/measure319/iou_G70.json
body-v3.30/measure319/iou_G72.json,df52b4e95f6ec8528b049733ae625247,800,body-v3.26/measure319/iou_G72.json
body-v3.30/measure319/iou_H.json,1350e5018f57980c040077333daa728b,799,body-v3.26/measure319/iou_H.json
body-v3.30/measure319/iou_H1.json,b333b7c64b5906679d29dc115a7a7132,800,body-v3.27/measure319/iou_H1.json
body-v3.30/measure319/iou_H2.json,4b1db403ea1f638eb9399e4491e35b49,800,body-v3.27/measure319/iou_H2.json
body-v3.30/measure319/iou_H3.json,126ee58ff2edf228252bbb86d53fc15e,798,body-v3.27/measure319/iou_H3.json
body-v3.30/measure319/iou_H4.json,018d7c6243ccad4567f1a8eea1437b69,800,body-v3.27/measure319/iou_H4.json
body-v3.30/measure319/iou_H5.json,093e7b3d2f8c1e6cd3b6fc65380c9f33,801,body-v3.27/measure319/iou_H5.json
body-v3.30/measure319/iou_I.json,ea4add5c0752278e590dcc1c1de82016,801,body-v3.26/measure319/iou_I.json
body-v3.30/measure319/iou_J.json,9fbbb996d8c97a5a0471024cf055c1c9,797,body-v3.26/measure319/iou_J.json
body-v3.30/measure319/iou_K.json,73f328373b6c8e1d6053e493a51668c2,800,body-v3.26/measure319/iou_K.json
body-v3.30/measure319/iou_K2.json,780472a93e7542100cdc035b0a830570,799,body-v3.26/measure319/iou_K2.json
body-v3.30/measure319/iou_L.json,e72aea4512a346a22112070d6d2226ff,800,body-v3.26/measure319/iou_L.json
body-v3.30/measure319/iou_M.json,a8f331b975360a2f107c3ad14f02de49,799,body-v3.25/measure319/iou_M.json
body-v3.30/measure319/iou_M3.json,df116bddc1ddf92f1759e4e157ee3768,800,body-v3.26/measure319/iou_M3.json
body-v3.30/measure319/iou_N.json,fc741b2a5cccd31cac2c7f7ce88afb9c,800,body-v3.26/measure319/iou_N.json
body-v3.30/measure319/iou_O.json,5f7fa2f892975d2eb03484a282cf1ef8,801,body-v3.25/measure319/iou_O.json
body-v3.30/measure319/iou_OLDHAT.json,3879ad4f031ea818abdfd799a3f46c67,800,body-v3.26/measure319/iou_OLDHAT.json
body-v3.30/measure319/iou_P.json,a9be321e8f79b3c8f69e82e1dd9d6299,799,body-v3.26/measure319/iou_P.json
body-v3.30/measure319/iou_Q.json,8d5a2a73058b9aae9c41c3dfff03d6aa,799,body-v3.26/measure319/iou_Q.json
body-v3.30/measure319/iou_R.json,98464f443079957d0548700870ea6646,798,body-v3.25/measure319/iou_R.json
body-v3.30/measure319/iou_S.json,8ccefb57ab2420453f688eb05f1a0772,800,body-v3.26/measure319/iou_S.json
body-v3.30/measure319/iou_T.json,26c1633a471422e7401f5ca62c57eaf0,798,body-v3.26/measure319/iou_T.json
body-v3.30/measure319/iou_U.json,f9ef00c871314a28e451b08f1c2a779c,801,body-v3.26/measure319/iou_U.json
body-v3.30/measure319/iou_V.json,f06e6cb94383c4b6efafeb33ba8aa9e9,798,body-v3.25/measure319/iou_V.json
body-v3.30/measure319/iou_V1.json,2ad76e88b01a3c928ab345adf8675cbe,800,body-v3.27r/measure319/iou_V1.json
body-v3.30/measure319/iou_V2.json,d80007c26553012fdaf89f56fb1bfe02,799,body-v3.27r/measure319/iou_V2.json
body-v3.30/measure319/iou_V3.json,de62610bcf5f39044dba00fc41b9b0b6,798,body-v3.27r/measure319/iou_V3.json
body-v3.30/measure319/iou_V4.json,8798125065d0cec8df36c802e45b5662,799,body-v3.27r/measure319/iou_V4.json
body-v3.30/measure319/iou_V5.json,e086c60d7d3a80a9565e68abaf05d014,798,body-v3.27r/measure319/iou_V5.json
body-v3.30/measure319/iou_V6.json,3a1fd7358820d0736bf4b5ebc7c9cede,799,body-v3.27r/measure319/iou_V6.json
body-v3.30/measure319/iou_V7.json,1d86d0cc96450291b866f3cb5b510a48,798,body-v3.27r/measure319/iou_V7.json
body-v3.30/measure319/iou_W.json,27fc5b75f0766397eac0a3a1b142f148,798,body-v3.25/measure319/iou_W.json
body-v3.30/measure319/iou_W1.json,c0dafda10868c7a6a76d9348c140a775,801,body-v3.29/measure319/iou_W1.json
body-v3.30/measure319/iou_W10.json,305310e55d0a51dd8a1c6e7642ce2a2f,800,body-v3.29/measure319/iou_W10.json
body-v3.30/measure319/iou_W11.json,ccbc415beaa95423d07e77ff72d60eb9,800,body-v3.29/measure319/iou_W11.json
body-v3.30/measure319/iou_W12.json,a6000aa8f96d9ddc0ec269d4999c870f,800,body-v3.29/measure319/iou_W12.json
body-v3.30/measure319/iou_W13.json,b9328456b1a8ec59e4b7415cb0637dff,799,body-v3.29/measure319/iou_W13.json
body-v3.30/measure319/iou_W14.json,cb631d15e19997f839939a30c706d926,799,body-v3.29/measure319/iou_W14.json
body-v3.30/measure319/iou_W2.json,ee805aa6569334984cf7d937d9a31922,798,body-v3.29/measure319/iou_W2.json
body-v3.30/measure319/iou_W3.json,b527b05db8c446aafd3847f5e1e544ca,801,body-v3.29/measure319/iou_W3.json
body-v3.30/measure319/iou_W4.json,e586a4531030aa8a7b1122706ba18397,799,body-v3.29/measure319/iou_W4.json
body-v3.30/measure319/iou_W5.json,79cd874b0145701bdde147b5a92a5202,799,body-v3.29/measure319/iou_W5.json
body-v3.30/measure319/iou_W6.json,0db1f020f7a0a8b5a076296eb1a415df,798,body-v3.29/measure319/iou_W6.json
body-v3.30/measure319/iou_W7.json,d717ac93efbd1ff26394ea5f65595098,799,body-v3.29/measure319/iou_W7.json
body-v3.30/measure319/iou_W8.json,22e1c0586c531f46781110b475feaf4d,797,body-v3.29/measure319/iou_W8.json
body-v3.30/measure319/iou_W9.json,86b3d276d8fc97ee026e398bcedd7819,800,body-v3.29/measure319/iou_W9.json
body-v3.30/measure319/iou_X.json,b49a09a68124ffbfbdd9bf6249242e2a,801,body-v3.25/measure319/iou_X.json
body-v3.30/measure319/iou_X1.json,e4c109652955bf03550c5484f3c86837,800,body-v3.26/measure319/iou_X1.json
body-v3.30/measure319/iou_X2.json,7dd66e1bc0badf9279c543fb13429095,798,body-v3.26/measure319/iou_X2.json
body-v3.30/measure319/iou_X3.json,4c2e38ee5ebc322066df71edbc238f8b,801,body-v3.26/measure319/iou_X3.json
body-v3.30/measure319/iou_Y.json,98847a6efb52f6dd8638b6b86d0411a7,800,body-v3.25/measure319/iou_Y.json
body-v3.30/measure319/iou_Y1.json,a97828fb69946e2d2ff879cebda3bac4,801,body-v3.30/measure319/iou_Y1.json
body-v3.30/measure319/iou_Y2.json,9ea387d318f0011f7a8e310262f13ab5,800,body-v3.26/measure319/iou_Y2.json
body-v3.30/measure319/iou_Y3.json,3aaba828e051f16397aedc937edf8854,800,body-v3.26/measure319/iou_Y3.json
body-v3.30/measure319/iou_Z.json,e3514b8802426f0b11b38b3e3483b7aa,800,body-v3.26/measure319/iou_Z.json
body-v3.30/measure319/iou_Z2.json,a694cb9b17cd0b81fc096ba8dea13043,799,body-v3.26/measure319/iou_Z2.json
body-v3.30/measure319/iou_Z3.json,8dd143cafb4f058fa32f1b2c00db078c,801,body-v3.30/measure319/iou_Z3.json
body-v3.30/measure319/iou_Z4.json,4608bfbbcaf4b67487159d0032d697a6,799,body-v3.30/measure319/iou_Z4.json
body-v3.30/measure319/iou_Za50.json,6062a325da8dc3a0ee47dffa850ac888,798,body-v3.26/measure319/iou_Za50.json
body-v3.30/measure319/iou_Za54.json,ef459569036ceafb8df6fbcc98da4aea,801,body-v3.26/measure319/iou_Za54.json
body-v3.30/measure319/iou_Za58.json,1dc4e90c25c1a9216fe5a9b32a6f5c94,800,body-v3.26/measure319/iou_Za58.json
body-v3.30/measure319/iou_Zs50.json,5774f74c00dcbae423a3bd414b6e8519,800,body-v3.26/measure319/iou_Zs50.json
body-v3.30/measure319/iou_Zs54.json,55ce4c308faed0bfea0669cfe97f09ff,797,body-v3.26/measure319/iou_Zs54.json
body-v3.30/measure319/iou_Zs58.json,d9757de40e0b15c753039abce6a3a63f,799,body-v3.26/measure319/iou_Zs58.json
body-v3.30/measure319/iou_b2.json,d13e747b45eec12006ccb704a2ebca29,801,body-v3.30/measure319/iou_b2.json
body-v3.30/measure319/iou_b3.json,b58b9392e1fa0576ee15c64cb55bc9f2,799,body-v3.30/measure319/iou_b3.json
body-v3.30/measure319/iou_b4.json,168d395da4d04bac913ab6ef1c2f2864,798,body-v3.30/measure319/iou_b4.json
body-v3.30/measure319/iou_b6.json,4a82bbb155272203f3bda94cb26f6cfd,801,body-v3.30/measure319/iou_b6.json
body-v3.30/measure319/iou_b7.json,707f0f45b9fc07bc6c80a997f97c9428,799,body-v3.30/measure319/iou_b7.json
body-v3.30/measure319/iou_base.json,e3d7226399c0d8a3322e223db6b54210,801,body-v3.24/measure319/iou_v324.json
body-v3.30/measure319/iou_v318.json,479e9d0e0a858c996d286c9f83753d7f,801,body-v3.19/measure319/iou_v318.json
body-v3.30/measure319/iou_v319.json,6834cf8c196fae3875b56aec31675659,799,body-v3.19/measure319/iou_v319.json
body-v3.30/measure319/iou_v320.json,359608708d417279476b7ab6976694cd,801,body-v3.20/measure319/iou_v320.json
body-v3.30/measure319/iou_v321.json,b9fe0ae29db8389520bb6955d045764e,801,body-v3.21/measure319/iou_v321.json
body-v3.30/measure319/iou_v322.json,cc10aee573c5504c45e51ca85dd43da1,801,body-v3.22/measure319/iou_v322.json
body-v3.30/measure319/iou_v323.json,bbe2e688de35efe13bf1d10463fdc8a0,800,body-v3.23/measure319/iou_v323.json
body-v3.30/measure319/iou_v324.json,e3d7226399c0d8a3322e223db6b54210,801,body-v3.24/measure319/iou_v324.json
body-v3.30/measure319/iou_v325.json,4195d638e067eb15c193f8ce0f047d83,795,body-v3.25/measure319/iou_Z.json
body-v3.30/measure319/iou_v326.json,483031ab1fe24e2dde9427c994364d59,801,body-v3.26/measure319/iou_FIN2.json
body-v3.30/measure319/iou_v326_oldhat.json,e7b0c1c56713dbe0223e9547fae49eba,800,body-v3.26/measure319/iou_v326_oldhat.json
body-v3.30/measure319/iou_v327.json,dae20c07b5838e61b19f4af7b7fbae11,801,body-v3.27/measure319/iou_v327.json
body-v3.30/measure319/iou_v327_oldhat.json,03096065c59264a191f65097286b9eb2,797,body-v3.27/measure319/iou_v327_oldhat.json
body-v3.30/measure319/iou_v328.json,c3b33213ae0e32ed47110f56c1c3665e,798,body-v3.28/measure319/iou_v328.json
body-v3.30/measure319/iou_v328_oldhat.json,5597d38bca77e6a13eedebf2d34c2538,796,body-v3.28/measure319/iou_v328_oldhat.json
body-v3.30/measure319/iou_v329.json,b9328456b1a8ec59e4b7415cb0637dff,799,body-v3.29/measure319/iou_W13.json
body-v3.30/measure319/iou_v329_oldhat.json,3c749fd742f1400144bbcaf4e9bcf7d0,799,body-v3.29/measure319/iou_v329_oldhat.json
body-v3.30/measure319/iou_v330.json,45c1e9004e0cb1dd410e81839acafe81,799,body-v3.30/measure319/iou_v330.json
body-v3.30/measure319/iou_v330_oldhat.json,bf6ed0a85310d3d38789d0011a995f35,799,body-v3.30/measure319/iou_v330_oldhat.json
body-v3.30/measure319/iou_vA.json,8a0fdb44451e8e02236f704eadde71f2,801,body-v3.23/measure319/iou_vA.json
body-v3.30/measure319/iou_vB.json,522a6af83873165328ba309d918fe12b,798,body-v3.23/measure319/iou_vB.json
body-v3.30/measure319/iou_vC.json,1c0d88467bc3a102217bd6c8438b9f23,801,body-v3.23/measure319/iou_vC.json
body-v3.30/revC/armsweep_v330_on_this.json,78f67c93b815521d2f2325e3fefc825a,790,body-v3.30/armsweep_v330_on_this.json
body-v3.30/revC/head_body_check.json,b19adb174af769f24148a2daf95ef962,3956,body-v3.30/revC/head_body_check.json
body-v3.30/revC/head_body_check_pretrim.json,3076227bd218bd7d81f3db7abfd399b2,3939,body-v3.30/revC/head_body_check_pretrim.json
body-v3.30/revC/head_body_check_rd.json,b19adb174af769f24148a2daf95ef962,3956,body-v3.30/revC/head_body_check.json
body-v3.30/revC/head_body_check_trim.json,48a2b1930611966eb456b1e52015917d,3911,body-v3.30/revC/head_body_check_trim.json
body-v3.30/revC/head_body_check_trimF.json,4a9902647527745fcf480aca9032f1e0,3911,body-v3.30/revC/head_body_check_trimF.json
body-v3.30/revC/head_body_check_trimF_copy.json,4a9902647527745fcf480aca9032f1e0,3911,body-v3.30/revC/head_body_check_trimF.json
body-v3.30/revC/head_whole_range_note.txt,b5e2ccd9989a75ae936e21fdb45ff46c,678,body-v3.30/revC/head_whole_range_note.txt
body-v3.30/revC/headrange_v320_on_this.json,3617786fc3bbdde0b8d4066866c478f3,686,body-v3.30/revC/headrange_v320_on_this.json
body-v3.30/sim/README.md,5a2184fcce272380e8a22600e08816c1,13351,body-v3.10/sim/README.md
body-v3.30/sim/arm_heat_v2.json,bc311c1775b81c9405219b9bbff5ec13,4223,body-v3/sim/arm_heat_v2.json
body-v3.30/sim/arm_heat_v3.json,07b5df779e4043a927a2b4d6fb21639a,4222,body-v3.10/sim/arm_heat_v3.json
body-v3.30/sim/cmp326.log,812b6e52fe80b1bd2be419d9055fd38f,1749,body-v3.26/sim/cmp326.log
body-v3.30/sim/cmp327.log,7e1f4a899f5e18b0c6b7be4a9d9e3087,1749,body-v3.27/sim/cmp327.log
body-v3.30/sim/cmp328.log,f2909106f829dab4e3ae6a463be17511,1748,body-v3.28/sim/cmp328.log
body-v3.30/sim/cmp329.log,d7b0a7149a6f02a8d59c5315c654a1bc,1747,body-v3.29/sim/cmp329.log
body-v3.30/sim/cmp330.log,ea2f8393bc134eb1c1d857a7d3e7b0ee,1749,body-v3.30/sim/cmp330.log
body-v3.30/sim/compare_stock_v2_v3.json,0ed3b329d48797a6244eeffa2d5fde08,3805,body-v3/sim/compare_stock_v2_v3.json
body-v3.30/sim/compare_stock_v2_v3.md,895225c90e71fdfa98f1516ec893a8b1,2949,body-v3/sim/compare_stock_v2_v3.md
body-v3.30/sim/compare_v311_v312.json,3473272bc00ed7d7bd1011e4668be807,3275,body-v3.12/sim/compare_v311_v312.json
body-v3.30/sim/compare_v311_v312.md,22edbe199a0bd1aadce75c39aed27780,1921,body-v3.12/sim/compare_v311_v312.md
body-v3.30/sim/compare_v312_v313.json,5dd49cf449e49debec85c42ab559d377,3276,body-v3.13/sim/compare_v312_v313.json
body-v3.30/sim/compare_v312_v313.md,b8d569cdec4a0b4d85e633e1fad8d729,1922,body-v3.13/sim/compare_v312_v313.md
body-v3.30/sim/compare_v313_v314.json,5ee81ca0f77cf165bdf818892ffd6dca,3276,body-v3.14/sim/compare_v313_v314.json
body-v3.30/sim/compare_v313_v314.md,6283c46bebaa7397b4d96d193bfc9c77,1922,body-v3.14/sim/compare_v313_v314.md
body-v3.30/sim/compare_v314_v315.json,ae355b8cf1a564bbec7efc7eb413a87a,3275,body-v3.15/sim/compare_v314_v315.json
body-v3.30/sim/compare_v314_v315.md,5022aaec37e2cbfffaaa0ffda9155353,1921,body-v3.15/sim/compare_v314_v315.md
body-v3.30/sim/compare_v315_v316.json,05b068e032c61b44a735110dd68d824f,3275,body-v3.16/sim/compare_v315_v316.json
body-v3.30/sim/compare_v315_v316.md,7f3d98d608546dfa4b151456866195a1,1921,body-v3.16/sim/compare_v315_v316.md
body-v3.30/sim/compare_v316_v317.json,89fc00addd46ac4183394325d465c0b6,3276,body-v3.17/sim/compare_v316_v317.json
body-v3.30/sim/compare_v316_v317.md,83688af2bb79fc2348ba36b5274ba16a,1922,body-v3.17/sim/compare_v316_v317.md
body-v3.30/sim/compare_v317_v318.json,ad0dc738bc0a716df0978250c0782c47,3276,body-v3.18/sim/compare_v317_v318.json
body-v3.30/sim/compare_v317_v318.md,e48cf4f4e269a3976efa4d3045ee151b,1922,body-v3.18/sim/compare_v317_v318.md
body-v3.30/sim/compare_v318_v319.json,0e65f3737cf34fa7999880e013a7cd91,3274,body-v3.19/sim/compare_v318_v319.json
body-v3.30/sim/compare_v318_v319.md,c4243a4bef93963eaf6f9b4f77832ff6,1920,body-v3.19/sim/compare_v318_v319.md
body-v3.30/sim/compare_v319_v320.json,bab95bb7d04ef783644b5849d6af0ea4,3274,body-v3.20/sim/compare_v319_v320.json
body-v3.30/sim/compare_v319_v320.md,c75a6c9adff1c572d18b39ed317b99e8,1920,body-v3.20/sim/compare_v319_v320.md
body-v3.30/sim/compare_v31_v32.json,c51ae2424f05c1ab5562ee15e9b2965f,3254,body-v3.10/sim/compare_v31_v32.json
body-v3.30/sim/compare_v31_v32.md,644ebfad4fb06dc032148c27094bee2c,1939,body-v3.10/sim/compare_v31_v32.md
body-v3.30/sim/compare_v320_v321.json,7c5080f5760645a1aef606488f8d7e1c,3275,body-v3.21/sim/compare_v320_v321.json
body-v3.30/sim/compare_v320_v321.md,46a012e37a610a9fa3786dc1fb72d54b,1921,body-v3.21/sim/compare_v320_v321.md
body-v3.30/sim/compare_v321_v322.json,6cfba00157bfee31f045cd1f5fb511c4,3275,body-v3.22/sim/compare_v321_v322.json
body-v3.30/sim/compare_v321_v322.md,612869a9d426091336938b142bd604fc,1921,body-v3.22/sim/compare_v321_v322.md
body-v3.30/sim/compare_v322_v323.json,4b06bad9663207db1f5e6ae12259e9c4,3275,body-v3.23/sim/compare_v322_v323.json
body-v3.30/sim/compare_v322_v323.md,c74ddd392bf5f3aaf3d22b57f9397102,1921,body-v3.23/sim/compare_v322_v323.md
body-v3.30/sim/compare_v323_v324.json,d221b0638f841ab63d8cb1311374ed68,3275,body-v3.24/sim/compare_v323_v324.json
body-v3.30/sim/compare_v323_v324.md,d5a778e5955913bf22ba75fe34098cb7,1921,body-v3.24/sim/compare_v323_v324.md
body-v3.30/sim/compare_v324_v325.json,9cfa71e95360471aa3b03b16912dbda5,3275,body-v3.25/sim/compare_v324_v325.json
body-v3.30/sim/compare_v324_v325.md,d6e821f4ecd9c226804d8a0ba6d7791b,1921,body-v3.25/sim/compare_v324_v325.md
body-v3.30/sim/compare_v325_v326.json,0a80f1ef16809da5b562f013b9c900d8,3274,body-v3.26/sim/compare_v325_v326.json
body-v3.30/sim/compare_v325_v326.md,ff4c832007d1d6aec9418dc2a8f9490f,1920,body-v3.26/sim/compare_v325_v326.md
body-v3.30/sim/compare_v326_v327.json,4bccb3cd68abf258c15026304d5f01d9,3274,body-v3.27/sim/compare_v326_v327.json
body-v3.30/sim/compare_v326_v327.md,56568f406f4c736d8bb0811f206dbd38,1920,body-v3.27/sim/compare_v326_v327.md
body-v3.30/sim/compare_v327_v328.json,71ed48266887c7b4e3e7462310ffe49d,3273,body-v3.28/sim/compare_v327_v328.json
body-v3.30/sim/compare_v327_v328.md,f8c740a6f792608419926446446866da,1919,body-v3.28/sim/compare_v327_v328.md
body-v3.30/sim/compare_v328_v329.json,281a5a7caa7f1344368bd880307c764d,3272,body-v3.29/sim/compare_v328_v329.json
body-v3.30/sim/compare_v328_v329.md,0e49801daea39bfea9dd85c57ded9196,1918,body-v3.29/sim/compare_v328_v329.md
body-v3.30/sim/compare_v329_v330.json,a027fbf0c2ed2df55124b46664e93705,3274,body-v3.30/sim/compare_v329_v330.json
body-v3.30/sim/compare_v329_v330.md,bbdd78e015c06150e7aeb7e019f55caa,1920,body-v3.30/sim/compare_v329_v330.md
body-v3.30/sim/compare_v32_v33.json,a6b9c313414ce0741dcde7c80ce064a7,3255,body-v3.10/sim/compare_v32_v33.json
body-v3.30/sim/compare_v32_v33.md,de11b2bed04349fe3059fe2af1f01f8d,1861,body-v3.10/sim/compare_v32_v33.md
body-v3.30/sim/compare_v33_v34.json,9970e48ff8444752844c36261fdbc8a7,3255,body-v3.10/sim/compare_v33_v34.json
body-v3.30/sim/compare_v33_v34.md,1bee2d057cf0af55e9285ae39642e0d4,1861,body-v3.10/sim/compare_v33_v34.md
body-v3.30/sim/compare_v34_v35.json,15b209ba528bca78169f2c308cc5a0c0,3263,body-v3.10/sim/compare_v34_v35.json
body-v3.30/sim/compare_v34_v35.md,e7b150ed0f30c20b731c9a2ac12058d0,2289,body-v3.10/sim/compare_v34_v35.md
body-v3.30/sim/compare_v35_v36.json,91ae3e17f2ce269016d61be082636f3e,3272,body-v3.10/sim/compare_v35_v36.json
body-v3.30/sim/compare_v35_v36.md,ada8c03eeb0156deaac729f93149e461,2344,body-v3.10/sim/compare_v35_v36.md
body-v3.30/sim/compare_v36_v37.json,3e11a3460b142718d63652a501df696e,3271,body-v3.10/sim/compare_v36_v37.json
body-v3.30/sim/compare_v36_v37.md,fda6c06c3d45610df1ba016b41b4ba7b,2405,body-v3.10/sim/compare_v36_v37.md
body-v3.30/sim/compare_v37_v38.json,1276986b406e998977d666daa157cf71,3272,body-v3.10/sim/compare_v37_v38.json
body-v3.30/sim/compare_v37_v38.md,f8a800c1b0a12f6fdc9a81f7131ee562,1915,body-v3.10/sim/compare_v37_v38.md
body-v3.30/sim/compare_v38_v39.json,5a057226cca27472ecf7125a724e8082,3274,body-v3.10/sim/compare_v38_v39.json
body-v3.30/sim/compare_v38_v39.md,dc30e35f4edbde2136c3daf04fc04bcc,1917,body-v3.10/sim/compare_v38_v39.md
body-v3.30/sim/compare_v39_v310.json,8d43b630f2580e8ba95a586df3f3d406,3275,body-v3.10/sim/compare_v39_v310.json
body-v3.30/sim/compare_v39_v310.md,03dd6304ccf2ba5f39991cdadfafd6c8,1921,body-v3.10/sim/compare_v39_v310.md
body-v3.30/sim/compare_v39_v311.json,bf0d8a9069f17dfd3c90f0ae651cbc80,3274,body-v3.11/sim/compare_v39_v311.json
body-v3.30/sim/compare_v39_v311.md,504094156e0454adb92ca4e51fd97da2,1920,body-v3.11/sim/compare_v39_v311.md
body-v3.30/sim/compare_v3_v31.json,7e29f9219c9b23c6c5982ab3a1a89db3,2829,body-v3.1/sim/compare_v3_v31.json
body-v3.30/sim/compare_v3_v31.md,175081c021dce15c7e987872af0ac43f,1611,body-v3.1/sim/compare_v3_v31.md
body-v3.30/sim/gen317.log,d1364dfc1ced2a5a433641ee9c86e977,799,body-v3.17/sim/gen317.log
body-v3.30/sim/gen318.log,4b275951c1b9a0045efd57346cbaa4f8,799,body-v3.18/sim/gen318.log
body-v3.30/sim/gen319.log,be94467370eae037352b4abf64edbf77,799,body-v3.19/sim/gen319.log
body-v3.30/sim/gen320.log,01f6e4df684b699877f852a33ff39cd7,799,body-v3.20/sim/gen320.log
body-v3.30/sim/gen322.log,16510f42780f21957b8d809a3deae052,799,body-v3.22/sim/gen322.log
body-v3.30/sim/gen323.log,977ac1c0307f32f8ddc6b7ff0863b72d,799,body-v3.23/sim/gen323.log
body-v3.30/sim/gen324.log,e10c1214fa25ba1ce60615dbd1f3ab48,799,body-v3.24/sim/gen324.log
body-v3.30/sim/gen325.log,94afa33045734501174c461de48eb293,799,body-v3.25/sim/gen325.log
body-v3.30/sim/gen326.log,73415211c72e96c9f83433bb9aba1ab9,799,body-v3.26/sim/gen326.log
body-v3.30/sim/gen327.log,23758c84ecf9dac0de4880000ace5818,798,body-v3.27/sim/gen327.log
body-v3.30/sim/gen328.log,f6484951cc68f5153710eec91da6cf1c,799,body-v3.28/sim/gen328.log
body-v3.30/sim/gen329.log,148d33e3d20e344b08aa6a9478c16f0e,799,body-v3.29/sim/gen329.log
body-v3.30/sim/gen330.log,ba8d93794971a06868493e21c17ac00a,799,body-v3.30/sim/gen330.log
body-v3.30/sim/mass_report_v3.json,f27a24311a5bf37fdc26b586366e3016,13479,body-v3.30/sim/mass_report_v3.json
body-v3.30/sim/plot_compare.png,2457a623d2f320f37f590b6d2c9af28b,58887,body-v3/sim/plot_compare.png
body-v3.30/sim/ref326.log,63ab64f94ed8ce8ccfee8ff6e1548c17,547,body-v3.26/sim/ref326.log
body-v3.30/sim/ref326b.log,99ca765cdde6218b39fc0bae14869fbc,547,body-v3.26/sim/ref326b.log
body-v3.30/sim/ref326c.log,fae58ab07c129a49adf699a87a9c7011,548,body-v3.26/sim/ref326c.log
body-v3.30/sim/ref327_.log,c2eaf31420a53fe9622670d09a7aa3c4,501,body-v3.27/sim/ref327_.log
body-v3.30/sim/ref327_33.log,0439d1cbcf82aa3e8205aa137fda57fb,543,body-v3.27/sim/ref327_33.log
body-v3.30/sim/ref327_7.log,22aa256e97481e686582a6f6b5152747,545,body-v3.27/sim/ref327_7.log
body-v3.30/sim/results_v3.json,9f592c30de69b0fc3843a7dc7d234eab,9065,body-v3.30/sim/results_v3.json
body-v3.30/sim/results_v3_8pct.json,cb25e47bae840299a65617cae6694f56,7820,body-v3.11/sim/results_v3_8pct.json
body-v3.30/sim/results_v3_snout10pct.json,103a1aed6577f64926a156f4fcbe8328,7823,body-v3.11/sim/results_v3_snout10pct.json
body-v3.30/sim/rt317.log,734339dad8e117eede012b875d819072,2997,body-v3.17/sim/rt317.log
body-v3.30/sim/rt318.log,247bdf8654fc2b7269fc35245609c6e0,2996,body-v3.18/sim/rt318.log
body-v3.30/sim/rt319.log,324a9b3cec0b51d6489bf0504706f4e2,2991,body-v3.19/sim/rt319.log
body-v3.30/sim/rt320.log,bfbbed9c401c39dd1f62267c258aa1e3,2994,body-v3.20/sim/rt320.log
body-v3.30/sim/rt322.log,4056c292613a182c8cc4446cca90f152,2993,body-v3.22/sim/rt322.log
body-v3.30/sim/rt323.log,a7659744cf7ee25b5132c56a89dc1e79,2995,body-v3.23/sim/rt323.log
body-v3.30/sim/rt324.log,002359ba599ec119b71e5966331c76dd,2999,body-v3.24/sim/rt324.log
body-v3.30/sim/rt325.log,fc7ce9706f3dfca4b4952b082de22786,2995,body-v3.25/sim/rt325.log
body-v3.30/sim/rt326.log,663afd91e26759036882513d308cf915,2995,body-v3.26/sim/rt326.log
body-v3.30/sim/rt327.log,7b48b3841679c0dd179123dd9e7489b6,2991,body-v3.27/sim/rt327.log
body-v3.30/sim/rt328.log,d4bfb74c23c09d7326dc1ce02bfcc4cb,2991,body-v3.28/sim/rt328.log
body-v3.30/sim/rt329.log,3d7504664fc1a7161d0ce157d1c18f00,2989,body-v3.29/sim/rt329.log
body-v3.30/sim/rt330.log,1dd4c309a994ba48aaa8fea803b7def1,4097,body-v3.30/sim/rt330.log
body-v3.30/sim/rtgc_0.0.log,d41d8cd98f00b204e9800998ecf8427e,0,body-v3.30/sim/rtgc_0.0.log
body-v3.30/sim/rtgc_0.02.log,aed74490b9a3ba1295ba9f7d5d46b762,4165,body-v3.30/sim/rtgc_0.02.log
body-v3.30/sim/rtgc_0.045.log,1dd4c309a994ba48aaa8fea803b7def1,4097,body-v3.30/sim/rt330.log
body-v3.30/sim/sweep319.txt,278100be8b4725996bbdeb59fc299feb,345,body-v3.19/sim/sweep319.txt
body-v3.30/sim/sweep322.txt,a9369f3a91cf7155248fccd019054a28,593,body-v3.22/sim/sweep322.txt
body-v3.30/sim/sweep323.txt,70d6d4ea8f1e5c890e96da9a63831f53,535,body-v3.23/sim/sweep323.txt
body-v3.30/sim/sweep324.txt,cfd4222ae0c7676c3e2007af218ed7f1,734,body-v3.24/sim/sweep324.txt
body-v3.30/sim/sweep325.txt,3c409c7b0c8bbc7d48bf344950569360,1016,body-v3.25/sim/sweep325.txt
body-v3.30/sim/sweep325b.txt,b7f771ed43e2784c7cca9755926d5e26,793,body-v3.25/sim/sweep325b.txt
body-v3.30/sim/sweep326.txt,61017d58f8403ff335f370077ea3a9a7,727,body-v3.26/sim/sweep326.txt
body-v3.30/sim/sweep327.txt,44eb2703abffb2fea5bd81229318973e,727,body-v3.27/sim/sweep327.txt
body-v3.30/sim/sweep328.txt,1512277e6bfeb253f2fb01412bd1ea30,1252,body-v3.28/sim/sweep328.txt
body-v3.30/sim/sweep329.txt,b07dd365363f62d8a4de797ca917487b,995,body-v3.29/sim/sweep329.txt
body-v3.30/sim/sweep330.txt,21331d70f084a0e3713094390f3f3585,263,body-v3.30/sim/sweep330.txt
body-v3.30/sim/sweep330_gc.txt,85b33c196da935d5064ad8ecefe379b5,935,body-v3.30/sim/sweep330_gc.txt
body-v3.30/sim/walk_refine_eff_v32.json,c16511f9d50b2474cee6257db0d85351,157,body-v3.23/sim/walk_refine_eff_v32.json
body-v3.30/sim/walk_refine_v32.json,3b253aeda52b4392617f6df852890e82,156,body-v3.27/sim/walk_refine_v32.json
body-v3.30/sim/walk_v3.json,3c36ea0c6a7759391dce32c440a4ea53,3032,body-v3.30/sim/walk_v3.json
body-v3.30/sim/walk_v3_eff.json,f1be49d58fa25999cf8b87f10888688b,3033,body-v3.30/sim/walk_v3_eff.json
body-v3.30/sim/walk_v3_eff_noref.json,ebaa41acfaaef3b24dc77ab83db09f93,3101,body-v3.10/sim/walk_v3_eff_noref.json
body-v3.30/sim/walk_v3_noref.json,85f5f335181e839cfdc2d627ecca5d32,3095,body-v3.10/sim/walk_v3_noref.json
body-v3.30/sim/walk_v3_prerefine_v310.json,09d03ddff2a0a115af858a30f0934a7e,3038,body-v3.10/sim/walk_v3_prerefine_v310.json
body-v3.30/sim/we317.log,909b74c0ea465803e8271ca953cb24d3,126,body-v3.17/sim/we317.log
body-v3.30/sim/we318.log,cf4768c1657856fc40fa2c919d66ea86,127,body-v3.18/sim/we318.log
body-v3.30/sim/we319.log,3f677b2656f761d6d36a48d6fef04cbf,126,body-v3.19/sim/we319.log
body-v3.30/sim/we320.log,ce08323dee1e373fba90bff4e78c5694,127,body-v3.20/sim/we320.log
body-v3.30/sim/we321b.log,e45662280140f094d9074850f66b1e0c,127,body-v3.21/sim/we321b.log
body-v3.30/sim/we322.log,407e0e99965ade0f7cb2f4186060a3d0,125,body-v3.22/sim/we322.log
body-v3.30/sim/we323.log,cde16558d70b04c25b7adf3b0969e050,125,body-v3.23/sim/we323.log
body-v3.30/sim/we324.log,0f6e6d7e6bac13e7e866e1d6d21aedf1,125,body-v3.24/sim/we324.log
body-v3.30/sim/we325.log,68bbf14b07f1c54de9d05de7a759c7c5,121,body-v3.25/sim/we325.log
body-v3.30/sim/we326.log,827d83d724450dd20afb6b3a6dc20582,126,body-v3.26/sim/we326.log
body-v3.30/sim/we327.log,9045dbde47267af8338cbf5fdcb8c865,124,body-v3.27/sim/we327.log
body-v3.30/sim/we328.log,3f4ae637bcc8037a61457be27efa019d,123,body-v3.28/sim/we328.log
body-v3.30/sim/we329.log,6665176953917c400a318ccf4a25793f,124,body-v3.29/sim/we329.log
body-v3.30/sim/we330.log,46a0d1e03d8c32053f0129fd53c64a7e,125,body-v3.30/sim/we330.log
body-v3.30/sim/wee317.log,7656cb072a79947613d2fb1b6f43d853,127,body-v3.17/sim/wee317.log
body-v3.30/sim/wee318.log,5190b6cd46b96e2cbaf59dc74937c829,127,body-v3.18/sim/wee318.log
body-v3.30/sim/wee319.log,e1617f52cb38131115c93a6a9b087131,129,body-v3.19/sim/wee319.log
body-v3.30/sim/wee320.log,1ef65b3d0c0e312f23a72c1397253066,128,body-v3.20/sim/wee320.log
body-v3.30/sim/wee322.log,70e4d67b26be70fc24d55061a7dfccb9,128,body-v3.22/sim/wee322.log
body-v3.30/sim/wee323.log,4266b6265524378564c2dc06c5dd19b1,128,body-v3.23/sim/wee323.log
body-v3.30/sim/wee324.log,c8d8924e457d570fa7dab2bae59f97e0,128,body-v3.24/sim/wee324.log
body-v3.30/sim/wee325.log,bde6846c08458aad761a999bf230f4d2,128,body-v3.25/sim/wee325.log
body-v3.30/sim/wee326.log,cd8f1464bd4109de2dd38f52a38a2d56,128,body-v3.26/sim/wee326.log
body-v3.30/sim/wee327.log,a10d176937225b58c7883fe58adc8501,128,body-v3.27/sim/wee327.log
body-v3.30/sim/wee328.log,a001a183cf8bfbe3bf0c55a510d06888,129,body-v3.28/sim/wee328.log
body-v3.30/sim/wee329.log,0f0f370df7f538d52a9c5043049f6ccb,129,body-v3.29/sim/wee329.log
body-v3.30/sim/wee330.log,d088f8b29e8ed7596fca9b725a21ab57,127,body-v3.30/sim/wee330.log
body-v3.30/sim/wr317.log,7aabad450d8fee0e5cf88845890bc832,549,body-v3.17/sim/wr317.log
body-v3.30/sim/wr318.log,7e3296c6912b1ea3665e1eecf625a1fa,550,body-v3.18/sim/wr318.log
body-v3.30/sim/wr319.log,ec71d90097784f9358b910a600739de9,546,body-v3.19/sim/wr319.log
body-v3.30/sim/wr321.log,9c5746707350699dfcddcafbe5fa9862,556,body-v3.21/sim/wr321.log
body-v3.30/sim/wr321b.log,6f26a7b15ab047e6ae1b24ac2760b222,549,body-v3.21/sim/wr321b.log
body-v3.30/sim/wr322.log,b5f9a4d5217cff369faf1c7aad137242,539,body-v3.22/sim/wr322.log
body-v3.30/sim/wr325.log,fadc71913b836e043acf136ed234e37e,543,body-v3.25/sim/wr325.log
body-v3.30/sim/wr325b.log,ac252fa78c414c08bc6bd915c72c1023,546,body-v3.25/sim/wr325b.log
body-v3.30/sim/wre319.log,5dc35f4200037d2feeaab949c4f83421,548,body-v3.19/sim/wre319.log
body-v3.30/sim/wre319b.log,27e94bc650d92537dfcb31ffd6dabc89,549,body-v3.19/sim/wre319b.log
body-v3.30/sim/wre323.log,13900173b09c52a190bfc13d54fab539,546,body-v3.23/sim/wre323.log
body-v3.30/sim/wre323b.log,e86f9c63be2ec9ad4d431aa2a45d64c1,546,body-v3.23/sim/wre323b.log
body-v3.30/sim/wre323c.log,4e2a1d0c084021ffa7bf77f1d3d00bb6,544,body-v3.23/sim/wre323c.log
body-v3.30/sim/bak327/walk_v3.json,964824afd26ad9c0522d6d7782401523,3037,body-v3.27/sim/bak327/walk_v3.json
body-v3.30/sim/bak327/walk_v3_eff.json,da3a9965c5a1098dfc507e9eb7a6f94f,3047,body-v3.27/sim/walk_v3_eff.json
body-v3.30/sim/bak327/walk_v3_eff_noref.json,ebaa41acfaaef3b24dc77ab83db09f93,3101,body-v3.10/sim/walk_v3_eff_noref.json
body-v3.30/sim/bak327/walk_v3_noref.json,85f5f335181e839cfdc2d627ecca5d32,3095,body-v3.10/sim/walk_v3_noref.json
body-v3.30/sim/bak327/walk_v3_prerefine_v310.json,09d03ddff2a0a115af858a30f0934a7e,3038,body-v3.10/sim/walk_v3_prerefine_v310.json
body-v3.30/sim/bak_pre_refine_v323/walk_v3_eff.json,b2efa2b2ba6f159fc5162672a5423484,3047,body-v3.23/sim/bak_pre_refine_v323/walk_v3_eff.json
body-v3.30/sim/bak_pre_refine_v325/walk_v3.json,d91486a67e40fef0468f5922a172614f,3033,body-v3.25/sim/bak_pre_refine_v325/walk_v3.json
body-v3.30/sim/bak_pre_refine_v325/walk_v3_eff.json,60d2713caf97465e4706ec75bf0e1245,3043,body-v3.25/sim/bak_pre_refine_v325/walk_v3_eff.json
body-v3.30/sim/bak_pre_refine_v325/walk_v3_eff_noref.json,ebaa41acfaaef3b24dc77ab83db09f93,3101,body-v3.10/sim/walk_v3_eff_noref.json
body-v3.30/sim/bak_pre_refine_v325/walk_v3_noref.json,85f5f335181e839cfdc2d627ecca5d32,3095,body-v3.10/sim/walk_v3_noref.json
body-v3.30/sim/bak_pre_refine_v325/walk_v3_prerefine_v310.json,09d03ddff2a0a115af858a30f0934a7e,3038,body-v3.10/sim/walk_v3_prerefine_v310.json
body-v3.30/sim/bak_pre_refine_v325b/walk_v3.json,688eb379af559a5a89ffdd61de0ab178,3035,body-v3.25/sim/bak_pre_refine_v325b/walk_v3.json
body-v3.30/sim/bak_pre_refine_v325b/walk_v3_eff.json,1ab8d66660ab95f06130677b82b97602,3044,body-v3.25/sim/walk_v3_eff.json
body-v3.30/sim/bak_pre_refine_v325b/walk_v3_eff_noref.json,ebaa41acfaaef3b24dc77ab83db09f93,3101,body-v3.10/sim/walk_v3_eff_noref.json
body-v3.30/sim/bak_pre_refine_v325b/walk_v3_noref.json,85f5f335181e839cfdc2d627ecca5d32,3095,body-v3.10/sim/walk_v3_noref.json
body-v3.30/sim/bak_pre_refine_v325b/walk_v3_prerefine_v310.json,09d03ddff2a0a115af858a30f0934a7e,3038,body-v3.10/sim/walk_v3_prerefine_v310.json
body-v3.30/sim/v310_ref/arm_heat_v3.json,07b5df779e4043a927a2b4d6fb21639a,4222,body-v3.10/sim/arm_heat_v3.json
body-v3.30/sim/v310_ref/results_v3.json,2370068638410dd3864dd3c892cd6a3b,7823,body-v3.10/sim/results_v3.json
body-v3.30/sim/v310_ref/walk_v3.json,e9d78c042a9e739225f3023ca5bd64dd,3038,body-v3.10/sim/walk_v3.json
body-v3.30/sim/v310_ref/walk_v3_eff.json,1e744e11cd7023f86b9f07eff160bb5d,3038,body-v3.10/sim/walk_v3_eff.json
body-v3.30/sim/v311_ref/arm_heat_v3.json,07b5df779e4043a927a2b4d6fb21639a,4222,body-v3.10/sim/arm_heat_v3.json
body-v3.30/sim/v311_ref/results_v3.json,859125992a19eb68d7b6dfc8772bce89,7823,body-v3.11/sim/results_v3.json
body-v3.30/sim/v311_ref/walk_v3.json,4af9789103d25cb741517657b5fde163,3031,body-v3.11/sim/walk_v3.json
body-v3.30/sim/v311_ref/walk_v3_eff.json,90de5e2d159d49e1a165ee89674e8272,3049,body-v3.11/sim/walk_v3_eff.json
body-v3.30/sim/v312_ref/arm_heat_v3.json,07b5df779e4043a927a2b4d6fb21639a,4222,body-v3.10/sim/arm_heat_v3.json
body-v3.30/sim/v312_ref/results_v3.json,5424004f332c0e8e99cd9a8ec70d033e,7823,body-v3.12/sim/results_v3.json
body-v3.30/sim/v312_ref/walk_v3.json,6813456c6d543b75d9ce3378cc7ec76d,3035,body-v3.12/sim/walk_v3.json
body-v3.30/sim/v312_ref/walk_v3_eff.json,da1bc95efaa4f87cffc8d4173df08fb6,3048,body-v3.12/sim/walk_v3_eff.json
body-v3.30/sim/v314_ref/arm_heat_v3.json,07b5df779e4043a927a2b4d6fb21639a,4222,body-v3.10/sim/arm_heat_v3.json
body-v3.30/sim/v314_ref/results_v3.json,5ff19fd27ab58cd5229b75f149e29603,7823,body-v3.14/sim/results_v3.json
body-v3.30/sim/v314_ref/walk_v3.json,1e30876edb5e0bee39df59123740079d,3036,body-v3.14/sim/walk_v3.json
body-v3.30/sim/v314_ref/walk_v3_eff.json,c116a8d3fe477f01a98b8bb54dabfa7f,3045,body-v3.14/sim/walk_v3_eff.json
body-v3.30/sim/v315_ref/arm_heat_v3.json,07b5df779e4043a927a2b4d6fb21639a,4222,body-v3.10/sim/arm_heat_v3.json
body-v3.30/sim/v315_ref/results_v3.json,b313775a19af5f0e29ea8d9ae9575fe6,7822,body-v3.15/sim/results_v3.json
body-v3.30/sim/v315_ref/walk_v3.json,c985f9e94b78a0fe370d07b3b066741c,3031,body-v3.15/sim/walk_v3.json
body-v3.30/sim/v315_ref/walk_v3_eff.json,ffd36628ae1263713261beaf6e10d638,3039,body-v3.15/sim/walk_v3_eff.json
body-v3.30/sim/v316_ref/arm_heat_v3.json,07b5df779e4043a927a2b4d6fb21639a,4222,body-v3.10/sim/arm_heat_v3.json
body-v3.30/sim/v316_ref/results_v3.json,24e44ae5ede579cf27e9c59f3e91a5de,7775,body-v3.16/sim/results_v3.json
body-v3.30/sim/v316_ref/walk_v3.json,204d18347ae73d7c7dea42312c01ae3f,3036,body-v3.16/sim/walk_v3.json
body-v3.30/sim/v316_ref/walk_v3_eff.json,fbf1db72d2d067b3cd3d9ac1219e6d20,3040,body-v3.16/sim/walk_v3_eff.json
body-v3.30/sim/v317_ref/arm_heat_v3.json,07b5df779e4043a927a2b4d6fb21639a,4222,body-v3.10/sim/arm_heat_v3.json
body-v3.30/sim/v317_ref/results_v3.json,935d6addfe550f20e12c8b793636fe96,7778,body-v3.17/sim/results_v3.json
body-v3.30/sim/v317_ref/walk_v3.json,0514cc614c854751602a29fa12e9d12f,3035,body-v3.17/sim/walk_v3.json
body-v3.30/sim/v317_ref/walk_v3_eff.json,bf910ab795ecc5688ba847d99747c920,3035,body-v3.17/sim/walk_v3_eff.json
body-v3.30/sim/v318_ref/arm_heat_v3.json,07b5df779e4043a927a2b4d6fb21639a,4222,body-v3.10/sim/arm_heat_v3.json
body-v3.30/sim/v318_ref/results_v3.json,b574dd55b92c2a33487ba4df1b2c8382,7730,body-v3.18/sim/results_v3.json
body-v3.30/sim/v318_ref/walk_v3.json,33e5b5229a31a9aab20310892ef2c5a7,3033,body-v3.18/sim/walk_v3.json
body-v3.30/sim/v318_ref/walk_v3_eff.json,b7f747d38a4ab2f7f6855d9d19724dda,3041,body-v3.18/sim/walk_v3_eff.json
body-v3.30/sim/v319_ref/arm_heat_v3.json,07b5df779e4043a927a2b4d6fb21639a,4222,body-v3.10/sim/arm_heat_v3.json
body-v3.30/sim/v319_ref/results_v3.json,b6381dfeaa6b0f3c7fda067dc519bbf6,7719,body-v3.19/sim/results_v3.json
body-v3.30/sim/v319_ref/walk_v3.json,2befac91b8fb900a116412d9eb360ef1,3040,body-v3.19/sim/walk_v3.json
body-v3.30/sim/v319_ref/walk_v3_eff.json,958b7e2ebedc49ce3e3f984ed44e4648,3043,body-v3.19/sim/walk_v3_eff.json
body-v3.30/sim/v31_ref/arm_heat_v3.json,2126fcc62fd7d3c396dcb7770419204a,4220,body-v3.1/sim/arm_heat_v3.json
body-v3.30/sim/v31_ref/mass_report_v3.json,b22177cef249a8bc99fcb2f57bb05878,12902,body-v3.1/sim/mass_report_v3.json
body-v3.30/sim/v31_ref/results_v3.json,510d1456468455e8152b440555672307,8029,body-v3.1/sim/results_v3.json
body-v3.30/sim/v31_ref/walk_v3.json,21a198ab40b540b4e3398bd7bdd66988,3094,body-v3.1/sim/walk_v3.json
body-v3.30/sim/v31_ref/walk_v3_eff.json,031ec90a823c37124efb0f9b271545e0,3102,body-v3.1/sim/walk_v3_eff.json
body-v3.30/sim/v320_ref/arm_heat_v3.json,07b5df779e4043a927a2b4d6fb21639a,4222,body-v3.10/sim/arm_heat_v3.json
body-v3.30/sim/v320_ref/results_v3.json,a3f76d9df0efa840ce3eedc394c67c25,7725,body-v3.20/sim/results_v3.json
body-v3.30/sim/v320_ref/walk_v3.json,3c60ae1fab664f989b79e69f90a262b8,3041,body-v3.20/sim/walk_v3.json
body-v3.30/sim/v320_ref/walk_v3_eff.json,03eb5773b7046ab0d35d27298ebcb3a6,3042,body-v3.20/sim/walk_v3_eff.json
body-v3.30/sim/v321_ref/arm_heat_v3.json,07b5df779e4043a927a2b4d6fb21639a,4222,body-v3.10/sim/arm_heat_v3.json
body-v3.30/sim/v321_ref/results_v3.json,9376232a72512e604ebf34cf3b0762df,7731,body-v3.21/sim/results_v3.json
body-v3.30/sim/v321_ref/walk_v3.json,01446e40422c7d46429c72ec2607530b,3036,body-v3.21/sim/walk_v3.json
body-v3.30/sim/v321_ref/walk_v3_eff.json,3ce6d50a38fd9906f253a17dd746cce3,3047,body-v3.21/sim/walk_v3_eff.json
body-v3.30/sim/v322_ref/arm_heat_v3.json,07b5df779e4043a927a2b4d6fb21639a,4222,body-v3.10/sim/arm_heat_v3.json
body-v3.30/sim/v322_ref/results_v3.json,6ad0ee2d5d6d53f8b36744fa2ee3242d,7719,body-v3.22/sim/results_v3.json
body-v3.30/sim/v322_ref/walk_v3.json,7967a3be11fabb980089e5200d649aa6,3033,body-v3.22/sim/walk_v3.json
body-v3.30/sim/v322_ref/walk_v3_eff.json,098c6cd614912b59984aee1711e1acd5,3043,body-v3.22/sim/walk_v3_eff.json
body-v3.30/sim/v323_ref/arm_heat_v3.json,07b5df779e4043a927a2b4d6fb21639a,4222,body-v3.10/sim/arm_heat_v3.json
body-v3.30/sim/v323_ref/results_v3.json,8d437b38b13edee42f6213c5b73acaba,7723,body-v3.23/sim/results_v3.json
body-v3.30/sim/v323_ref/walk_v3.json,5d86ba253d556f0c4e06a6b6a6ee3b16,3035,body-v3.23/sim/walk_v3.json
body-v3.30/sim/v323_ref/walk_v3_eff.json,b809785c839b19be78d9cac4f267cc4a,3044,body-v3.23/sim/walk_v3_eff.json
body-v3.30/sim/v324_ref/arm_heat_v3.json,07b5df779e4043a927a2b4d6fb21639a,4222,body-v3.10/sim/arm_heat_v3.json
body-v3.30/sim/v324_ref/results_v3.json,c2d2ee2856647249a3c0edef466fd442,7733,body-v3.24/sim/results_v3.json
body-v3.30/sim/v324_ref/walk_v3.json,77e520cc6fba6e96027e334d719150a5,3024,body-v3.24/sim/walk_v3.json
body-v3.30/sim/v324_ref/walk_v3_eff.json,2bb82f6d7a4c038ecb38c57e67604e13,3046,body-v3.24/sim/walk_v3_eff.json
body-v3.30/sim/v325_ref/arm_heat_v3.json,07b5df779e4043a927a2b4d6fb21639a,4222,body-v3.10/sim/arm_heat_v3.json
body-v3.30/sim/v325_ref/results_v3.json,b51494e74102af742a56d63696279dba,7727,body-v3.25/sim/results_v3.json
body-v3.30/sim/v325_ref/walk_v3.json,f60a951a4b18058b700a5325219addab,3031,body-v3.25/sim/walk_v3.json
body-v3.30/sim/v325_ref/walk_v3_eff.json,1ab8d66660ab95f06130677b82b97602,3044,body-v3.25/sim/walk_v3_eff.json
body-v3.30/sim/v326_ref/arm_heat_v3.json,07b5df779e4043a927a2b4d6fb21639a,4222,body-v3.10/sim/arm_heat_v3.json
body-v3.30/sim/v326_ref/results_v3.json,70359bc6e7e5f934374929b7bfa2db96,7726,body-v3.26/sim/results_v3.json
body-v3.30/sim/v326_ref/walk_v3.json,a1b5d52b0263f38a5d6db909f045829a,3038,body-v3.26/sim/walk_v3.json
body-v3.30/sim/v326_ref/walk_v3_eff.json,84947c78401902a0e0b4f111c92ad675,3046,body-v3.26/sim/walk_v3_eff.json
body-v3.30/sim/v327_ref/arm_heat_v3.json,07b5df779e4043a927a2b4d6fb21639a,4222,body-v3.10/sim/arm_heat_v3.json
body-v3.30/sim/v327_ref/results_v3.json,19357f3c943fcbe6e772f28f2c66563f,7722,body-v3.27/sim/results_v3.json
body-v3.30/sim/v327_ref/walk_v3.json,73af163fcbe80e541d505b06e19bebe6,3035,body-v3.27/sim/walk_v3.json
body-v3.30/sim/v327_ref/walk_v3_eff.json,da3a9965c5a1098dfc507e9eb7a6f94f,3047,body-v3.27/sim/walk_v3_eff.json
body-v3.30/sim/v328_ref/arm_heat_v3.json,07b5df779e4043a927a2b4d6fb21639a,4222,body-v3.10/sim/arm_heat_v3.json
body-v3.30/sim/v328_ref/results_v3.json,8646f4dd05dc9bd4836baeb0667864b8,7777,body-v3.28/sim/results_v3.json
body-v3.30/sim/v328_ref/walk_v3.json,2d4c4e88df2b7bcf4fddc9388a195c38,3034,body-v3.28/sim/walk_v3.json
body-v3.30/sim/v328_ref/walk_v3_eff.json,9ac63cc450b6eb72b33ec6927801f609,3044,body-v3.28/sim/walk_v3_eff.json
body-v3.30/sim/v329_ref/arm_heat_v3.json,07b5df779e4043a927a2b4d6fb21639a,4222,body-v3.10/sim/arm_heat_v3.json
body-v3.30/sim/v329_ref/results_v3.json,4b2f7a91e296ef9c17c0be4376e77dc8,7795,body-v3.29/sim/results_v3.json
body-v3.30/sim/v329_ref/walk_v3.json,949adbd99d2075070848c79c37c3413d,3030,body-v3.29/sim/walk_v3.json
body-v3.30/sim/v329_ref/walk_v3_eff.json,9456b62db5bf2d15d20193551ec12eab,3043,body-v3.29/sim/walk_v3_eff.json
body-v3.30/sim/v32_ref/arm_heat_v3.json,07b5df779e4043a927a2b4d6fb21639a,4222,body-v3.10/sim/arm_heat_v3.json
body-v3.30/sim/v32_ref/results_v3.json,691b926aea221e63317388971ca903f7,8023,body-v3.10/sim/v32_ref/results_v3.json
body-v3.30/sim/v32_ref/walk_refine_v32.json,0648267fc7b09edeaa65985c0b4db260,157,body-v3.10/sim/v32_ref/walk_refine_v32.json
body-v3.30/sim/v32_ref/walk_v3.json,120423616b57938b7fd7672da7ad00f6,3165,body-v3.10/sim/v32_ref/walk_v3.json
body-v3.30/sim/v32_ref/walk_v3_eff.json,0860666c2fb00c61803ca5cf38d8cf2e,3103,body-v3.10/sim/v32_ref/walk_v3_eff.json
body-v3.30/sim/v33_ref/arm_heat_v3.json,07b5df779e4043a927a2b4d6fb21639a,4222,body-v3.10/sim/arm_heat_v3.json
body-v3.30/sim/v33_ref/results_v3.json,1f5b949f70ea6f2d2ca68c339ea885bb,8028,body-v3.10/sim/v33_ref/results_v3.json
body-v3.30/sim/v33_ref/walk_v3.json,135fd3eba247694b2d0455b05c2b1ed0,3154,body-v3.10/sim/v33_ref/walk_v3.json
body-v3.30/sim/v33_ref/walk_v3_eff.json,07f206d2b718406f84a80514363a0894,3163,body-v3.10/sim/v33_ref/walk_v3_eff.json
body-v3.30/sim/v34_ref/arm_heat_v3.json,07b5df779e4043a927a2b4d6fb21639a,4222,body-v3.10/sim/arm_heat_v3.json
body-v3.30/sim/v34_ref/results_v3.json,daa3ef05a96a0d46bbace841296e31c6,8020,body-v3.10/sim/v34_ref/results_v3.json
body-v3.30/sim/v34_ref/walk_v3.json,7f1ce820d388e0e41ba3dfc2c5faba4a,3155,body-v3.10/sim/v34_ref/walk_v3.json
body-v3.30/sim/v34_ref/walk_v3_eff.json,4ea2b63d0b9eba2faa54ba882cf92f93,3160,body-v3.10/sim/v34_ref/walk_v3_eff.json
body-v3.30/sim/v36_ref/arm_heat_v3.json,07b5df779e4043a927a2b4d6fb21639a,4222,body-v3.10/sim/arm_heat_v3.json
body-v3.30/sim/v36_ref/results_v3.json,6d09c34dcdbeb0ab1721a3015ed869a3,7773,body-v3.10/sim/v36_ref/results_v3.json
body-v3.30/sim/v36_ref/walk_v3.json,38bcf54acd4ca8bbf675993d585329f0,3039,body-v3.10/sim/v36_ref/walk_v3.json
body-v3.30/sim/v36_ref/walk_v3_eff.json,31b8a828b14afc9f5d317ef29cfbe9a9,3042,body-v3.10/sim/v36_ref/walk_v3_eff.json
body-v3.30/sim/v37_ref/arm_heat_v3.json,07b5df779e4043a927a2b4d6fb21639a,4222,body-v3.10/sim/arm_heat_v3.json
body-v3.30/sim/v37_ref/results_v3.json,e28526abee73fc3f1f2ce8a8893f87ae,7780,body-v3.10/sim/v37_ref/results_v3.json
body-v3.30/sim/v37_ref/walk_v3.json,33671a750fd7dce386401bce59f686a8,3032,body-v3.10/sim/v37_ref/walk_v3.json
body-v3.30/sim/v37_ref/walk_v3_eff.json,7be0f1960d01f0a3b80fb0f12f58de19,3043,body-v3.10/sim/v37_ref/walk_v3_eff.json
body-v3.30/sim/v38_ref/arm_heat_v3.json,07b5df779e4043a927a2b4d6fb21639a,4222,body-v3.10/sim/arm_heat_v3.json
body-v3.30/sim/v38_ref/results_v3.json,db7c5b8b22483b4f91eb46d530353928,7824,body-v3.10/sim/v38_ref/results_v3.json
body-v3.30/sim/v38_ref/walk_v3.json,fee45989bdaf3ab94dcabed25b50e7bb,3039,body-v3.10/sim/v38_ref/walk_v3.json
body-v3.30/sim/v38_ref/walk_v3_eff.json,228f2964c6705f80ebc7366edb2f0317,3043,body-v3.10/sim/v38_ref/walk_v3_eff.json
body-v3.30/sim/v39_ref/arm_heat_v3.json,07b5df779e4043a927a2b4d6fb21639a,4222,body-v3.10/sim/arm_heat_v3.json
body-v3.30/sim/v39_ref/results_v3.json,6603ecb5509ca86206a169ce15811895,7824,body-v3.10/sim/v39_ref/results_v3.json
body-v3.30/sim/v39_ref/walk_v3.json,8fc65df0a06c89e667c1c6d739d66c3c,3033,body-v3.10/sim/v39_ref/walk_v3.json
body-v3.30/sim/v39_ref/walk_v3_eff.json,79767a0ef34301f4d5f02ac4e2c255bf,3042,body-v3.10/sim/v39_ref/walk_v3_eff.json
body-v3.30/sim/v3_ref/arm_heat_v3.json,24f0f1621b09d575497b233327d5af34,4223,body-v3/sim/arm_heat_v3.json
body-v3.30/sim/v3_ref/results_v3.json,e91a5d8c46c37b6547966407c5d77848,8025,body-v3/sim/results_v3.json
body-v3.30/sim/v3_ref/walk_v3.json,f6dfc33626937c34a72b551e33684da3,3337,body-v3/sim/walk_v3.json
body-v3.30/sim/v3_ref/walk_v3_eff.json,394deba9fbf961cf5d88aae40d78c2e6,3347,body-v3/sim/walk_v3_eff.json
body-v3.30/simC/arm_heat_v3.json,07b5df779e4043a927a2b4d6fb21639a,4222,body-v3.10/sim/arm_heat_v3.json
body-v3.30/simC/cmp331.log,0acccacf78d3e196dcd17dd0ed62155f,1747,body-v3.30/simC/cmp331.log
body-v3.30/simC/cmpb.log,20ab5f850fcb81cbba07b9e4de98d2bd,1747,body-v3.30/simC/cmpb.log
body-v3.30/simC/compare_v329_v331.json,8352dc835a79c7f9619234f003bdb737,3272,body-v3.30/simC/compare_v329_v331.json
body-v3.30/simC/compare_v329_v331.md,2a394a7eda90b513c0a5a03b89218269,1946,body-v3.30/simC/compare_v329_v331.md
body-v3.30/simC/diag_e_v3_-0.043_-0.108_-0.743_-3.016_0.112_revB1.json,028db18dbae5ea49d47bf5a3495a85c8,7118,body-v3.30/simC/diag_e_v3_-0.043_-0.108_-0.743_-3.016_0.112_revB1.json
body-v3.30/simC/diag_e_v3_-0.043_-0.108_-0.743_-3.016_0.112_revC.json,96be6b47be3b64cf2f4920bcac55a606,7116,body-v3.30/simC/diag_e_v3_-0.043_-0.108_-0.743_-3.016_0.112_revC.json
body-v3.30/simC/diag_e_v3_revC_search.json,74bb9c6295d7a8f2dc8c42f1c7719298,7171,body-v3.30/simC/diag_e_v3_revC_search.json
body-v3.30/simC/gen331.log,2c1e697d64088781d246c204a811a91e,799,body-v3.30/simC/gen331.log
body-v3.30/simC/genb.log,ceca789eabe40a595c48aefb5ca36d75,798,body-v3.30/simC/genb.log
body-v3.30/simC/mass_report_v3.json,6e5e03c37e5e79237a6ea19aacc7ce19,13478,body-v3.30/simC/mass_report_v3.json
body-v3.30/simC/mkB_20.log,fa8fcb61554f3620d3e67f0b164d01f3,859,body-v3.30/simC/mkB_20.log
body-v3.30/simC/mkB_30.log,ff1abaf6540be05ad879eb12ddff1b23,859,body-v3.30/simC/mkB_30.log
body-v3.30/simC/mkF_0.0.log,97d9ef472fa0dc93310abd06d41798a3,858,body-v3.30/simC/mkF_0.0.log
body-v3.30/simC/mkF_0.02.log,c33b716cbfc997d3319efabfa2b5fe2d,859,body-v3.30/simC/mkF_0.02.log
body-v3.30/simC/mkF_0.03.log,98a9985f54895768ab0c7f485d840e79,859,body-v3.30/simC/mkF_0.03.log
body-v3.30/simC/mkF_0.045.log,1676be69f1ff675dd9e46e1729a84259,860,body-v3.30/simC/mkF_0.045.log
body-v3.30/simC/mkF_0.06.log,22cec7eb3c9e25f19ec4d52c91104a8e,858,body-v3.30/simC/mkF_0.06.log
body-v3.30/simC/mkR2_0.0.log,c64ee3bce4caf3b5448bedcdfd18736d,858,body-v3.30/simC/mkR2_0.0.log
body-v3.30/simC/mkR2_0.02.log,5efc92273e2206c4363ba4ac6e48dd48,859,body-v3.30/simC/mkR2_0.02.log
body-v3.30/simC/mkR2_0.03.log,07e6b5cef74af5528389aa09c9d39d31,859,body-v3.30/simC/mkR2_0.03.log
body-v3.30/simC/mkR2_0.045.log,3a516cd0c98b55e59f7d471bd31268da,858,body-v3.30/simC/mkR2_0.045.log
body-v3.30/simC/mkR2_0.06.log,68b5bbf3832316d70b6ab0696a185e29,859,body-v3.30/simC/mkR2_0.06.log
body-v3.30/simC/mkR_0.0.log,291fcc586e9991a3c1c397e71522aecc,858,body-v3.30/simC/mkR_0.0.log
body-v3.30/simC/mkR_0.02.log,6870b07567f8dd0e771954d8c916566e,859,body-v3.30/simC/mkR_0.02.log
body-v3.30/simC/mkR_0.03.log,3e612ff5f476e94d03af384f56add889,859,body-v3.30/simC/mkR_0.03.log
body-v3.30/simC/mkR_0.045.log,c41d78d4abae9a8fa3f114af783c5536,860,body-v3.30/simC/mkR_0.045.log
body-v3.30/simC/mkR_0.06.log,fc9051573748ecb61537c37745e158c3,859,body-v3.30/simC/mkR_0.06.log
body-v3.30/simC/mkT_0.0.log,988d1205d472278528c218c4e720d4f8,858,body-v3.30/simC/mkT_0.0.log
body-v3.30/simC/mkT_0.02.log,7cc3931ba5f45cc03ec95ca8aea50122,859,body-v3.30/simC/mkT_0.02.log
body-v3.30/simC/mkT_0.03.log,a73e89d44cc2b43b42b3326a04a1661f,859,body-v3.30/simC/mkT_0.03.log
body-v3.30/simC/mkT_0.045.log,db0cca62bc99a63fa664b85845d67330,859,body-v3.30/simC/mkT_0.045.log
body-v3.30/simC/mkT_0.06.log,decd8e0a00753019f68e0723e1bea8f8,858,body-v3.30/simC/mkT_0.06.log
body-v3.30/simC/mk_0.0.log,42536104198ac3043da46202e5d850ac,858,body-v3.30/simC/mk_0.0.log
body-v3.30/simC/mk_0.02.log,33686badaddf4575bc33e6ea31f76cf6,859,body-v3.30/simC/mk_0.02.log
body-v3.30/simC/mk_0.03.log,82b9dd58d1613bb1b5f37f3f19c6f7e1,859,body-v3.30/simC/mk_0.03.log
body-v3.30/simC/mk_0.045.log,d36ea7d6c51f472599c6839c3961403a,860,body-v3.30/simC/mk_0.045.log
body-v3.30/simC/mk_0.06.log,bd5a572f86ab9bfb3700ca5f5b9528cf,859,body-v3.30/simC/mk_0.06.log
body-v3.30/simC/results_v3.json,69c96c617518c0ab1bea96d3fc2b81b7,9054,body-v3.30/simC/results_v3.json
body-v3.30/simC/results_v3_head330_0.0.json,fb1e817d099760b60188983d3f269785,9057,body-v3.30/simC/results_v3_head330_0.0.json
body-v3.30/simC/results_v3_head330_0.02.json,8f922d23a214e46d69b8ab16e5645d83,9072,body-v3.30/simC/results_v3_head330_0.02.json
body-v3.30/simC/results_v3_head330_0.03.json,52bbcc3ecd0ef1af217d344e1c625277,9073,body-v3.30/simC/results_v3_head330_0.03.json
body-v3.30/simC/results_v3_head330_0.045.json,f7a55496b348ea0696fdc5fe81224620,9064,body-v3.30/simC/results_v3_head330_0.045.json
body-v3.30/simC/results_v3_head330_0.06.json,4c00c571ce19f70d7f0b4b5b3bef8479,9098,body-v3.30/simC/results_v3_head330_0.06.json
body-v3.30/simC/results_v3_head330rd_0.0.json,7620d55c76e02ea0efd33678667f1681,9055,body-v3.30/simC/results_v3_head330rd_0.0.json
body-v3.30/simC/results_v3_head330rd_0.02.json,0429ab48b2bdc666f6c9e29250e3dc68,9065,body-v3.30/simC/results_v3_head330rd_0.02.json
body-v3.30/simC/results_v3_head330rd_0.03.json,5edd68bd70eea90ef2dd886093d1363e,9060,body-v3.30/simC/results_v3_head330rd_0.03.json
body-v3.30/simC/results_v3_head330rd_0.045.json,69c96c617518c0ab1bea96d3fc2b81b7,9054,body-v3.30/simC/results_v3.json
body-v3.30/simC/results_v3_head330rd_0.06.json,524c84498e2e080b405f6d969f36556d,9108,body-v3.30/simC/results_v3_head330rd_0.06.json
body-v3.30/simC/results_v3_head330trimF_0.0.json,8b1ff160b84f1f2878e941d4297a9b2f,9059,body-v3.30/simC/results_v3_head330trimF_0.0.json
body-v3.30/simC/results_v3_head330trimF_0.02.json,71912a2f249c41cd769672730cec068a,9080,body-v3.30/simC/results_v3_head330trimF_0.02.json
body-v3.30/simC/results_v3_head330trimF_0.03.json,2c539daa87d8b5cb20175c7837b4937f,9072,body-v3.30/simC/results_v3_head330trimF_0.03.json
body-v3.30/simC/results_v3_head330trimF_0.045.json,1cf5f1a65749139dd3c9fda9ce640229,9063,body-v3.30/simC/results_v3_head330trimF_0.045.json
body-v3.30/simC/results_v3_head330trimF_0.06.json,a4a2ba18767fb962bee0ec6e159a485d,9089,body-v3.30/simC/results_v3_head330trimF_0.06.json
body-v3.30/simC/results_v3_head330trim_0.0.json,e510ad6e14c63527d8ed0d1174ff006c,9058,body-v3.30/simC/results_v3_head330trim_0.0.json
body-v3.30/simC/results_v3_head330trim_0.02.json,e084a22b7af6a082bb5b48b31011d96a,9081,body-v3.30/simC/results_v3_head330trim_0.02.json
body-v3.30/simC/results_v3_head330trim_0.03.json,69c6a02e28a2e131b88f310da592d5ef,9072,body-v3.30/simC/results_v3_head330trim_0.03.json
body-v3.30/simC/results_v3_head330trim_0.045.json,ce87a34023776dc613e63397b591db6b,9063,body-v3.30/simC/results_v3_head330trim_0.045.json
body-v3.30/simC/results_v3_head330trim_0.06.json,72027a31a0ca7622be84a26f6003c319,9089,body-v3.30/simC/results_v3_head330trim_0.06.json
body-v3.30/simC/results_v3_revB1.json,4f9f5829fe71ee3e767e58701d453162,7775,body-v3.30/simC/results_v3_revB1.json
body-v3.30/simC/rt331.log,ed8d71060c8a2cf38f093c4a49aed280,2991,body-v3.30/simC/rt331.log
body-v3.30/simC/rtB_20.log,c925eed7440a680941c25c92ce397e5f,4103,body-v3.30/simC/rtB_20.log
body-v3.30/simC/rtB_30.log,00d3cd4d7f26c56930750e92b105d892,4180,body-v3.30/simC/rtB_30.log
body-v3.30/simC/rtC2.log,cc51a94cc906211e3ac1d089fb10bb89,4094,body-v3.30/simC/rtC2.log
body-v3.30/simC/rtC_0.0.log,6171c4a6484dd3471e2f588616bee0f2,4154,body-v3.30/simC/rtC_0.0.log
body-v3.30/simC/rtC_0.02.log,38f5dc2bd8730cd4dfaa720b3a502f3c,4108,body-v3.30/simC/rtC_0.02.log
body-v3.30/simC/rtC_0.03.log,0880a39904811daf5971d6f1f858b7e7,4105,body-v3.30/simC/rtC_0.03.log
body-v3.30/simC/rtC_0.045.log,8a3536d7916658493b9eaeced908aed1,4098,body-v3.30/simC/rtC_0.045.log
body-v3.30/simC/rtC_0.06.log,9e07388a9e2678f0c360bf7121b86068,4129,body-v3.30/simC/rtC_0.06.log
body-v3.30/simC/rtC_test.log,c64bbc79d772186dfefc079f797bb02d,3698,body-v3.30/simC/rtC_test.log
body-v3.30/simC/rtF_0.0.log,2b4d513bd475917d59d0a08174565ed5,4156,body-v3.30/simC/rtF_0.0.log
body-v3.30/simC/rtF_0.02.log,c2f1e29ea52480d74fa5b845f3b97079,4116,body-v3.30/simC/rtF_0.02.log
body-v3.30/simC/rtF_0.03.log,552bcdb3a98ee8310d0264ac8f7ef481,4106,body-v3.30/simC/rtF_0.03.log
body-v3.30/simC/rtF_0.045.log,a438614c005abcbdc0869cd77eb27eb6,4101,body-v3.30/simC/rtF_0.045.log
body-v3.30/simC/rtF_0.06.log,e24d5db1df2bd3ed78becb8085c27f82,4122,body-v3.30/simC/rtF_0.06.log
body-v3.30/simC/rtR2_0.0.log,e46ffd043abef358763e50af024e385f,4148,body-v3.30/simC/rtR2_0.0.log
body-v3.30/simC/rtR2_0.02.log,ae3e5317976836be4f92e530d5384d7f,4099,body-v3.30/simC/rtR2_0.02.log
body-v3.30/simC/rtR2_0.03.log,b64f9a289b668ef7014aa5189d072ccc,4099,body-v3.30/simC/rtR2_0.03.log
body-v3.30/simC/rtR2_0.045.log,14311ae8d6a38b71c41ec50b74807f1c,4090,body-v3.30/simC/rtR2_0.045.log
body-v3.30/simC/rtR2_0.06.log,57e51ec4ad9c27011416a56b10b03e59,4201,body-v3.30/simC/rtR2_0.06.log
body-v3.30/simC/rtR_0.0.log,5d1d10b5a464c5230b30cd066f958bdb,4189,body-v3.30/simC/rtR_0.0.log
body-v3.30/simC/rtR_0.02.log,b4ee91ccb373685c273b5f070ca71cc0,4105,body-v3.30/simC/rtR_0.02.log
body-v3.30/simC/rtR_0.03.log,05b9349fd498bbcfde0b321414518bb2,4170,body-v3.30/simC/rtR_0.03.log
body-v3.30/simC/rtR_0.045.log,a3f571b3f832cdaf0615e47bbd57e546,4128,body-v3.30/simC/rtR_0.045.log
body-v3.30/simC/rtR_0.06.log,0c3378e296bf228262cde6b75a979efc,4134,body-v3.30/simC/rtR_0.06.log
body-v3.30/simC/rtT_0.0.log,2b4d513bd475917d59d0a08174565ed5,4156,body-v3.30/simC/rtF_0.0.log
body-v3.30/simC/rtT_0.02.log,6fd0d3c0b00c0b09a1a2514ab2a2cb7e,4116,body-v3.30/simC/rtT_0.02.log
body-v3.30/simC/rtT_0.03.log,552bcdb3a98ee8310d0264ac8f7ef481,4106,body-v3.30/simC/rtF_0.03.log
body-v3.30/simC/rtT_0.045.log,a438614c005abcbdc0869cd77eb27eb6,4101,body-v3.30/simC/rtF_0.045.log
body-v3.30/simC/rtT_0.06.log,e24d5db1df2bd3ed78becb8085c27f82,4122,body-v3.30/simC/rtF_0.06.log
body-v3.30/simC/rtb.log,1ebd0fbdc4dde16bbf930b60189ccaa8,2993,body-v3.30/simC/rtb.log
body-v3.30/simC/sweepC.txt,09c7078f5001b12ac727091fed8310a7,420,body-v3.30/simC/sweepC.txt
body-v3.30/simC/sweepF.txt,23d3bcc7b9ce998ca79bebc5845e0b02,543,body-v3.30/simC/sweepF.txt
body-v3.30/simC/sweepR.txt,778a02f8f99a1fe01f778d3d91883eee,545,body-v3.30/simC/sweepR.txt
body-v3.30/simC/sweepR2.txt,1be93134d3736b66941b073f6210602d,542,body-v3.30/simC/sweepR2.txt
body-v3.30/simC/sweepT.txt,7632a48e07d76f39ae9733143fbe8cae,543,body-v3.30/simC/sweepT.txt
body-v3.30/simC/walkF_v3.json,6628d3274d43c0b81d4c7f85baba9a12,3037,body-v3.30/simC/walkF_v3.json
body-v3.30/simC/walkR2_v3.json,bc2aae7300dc6371915b945096a57e98,3033,body-v3.30/simC/walkR2_v3.json
body-v3.30/simC/walkR_v3.json,1a74c354328b750ba1fdbd67a9a37fe2,3037,body-v3.30/simC/walkR_v3.json
body-v3.30/simC/walkT_v3.json,b93e6e85afbbf45a82167dc216e10662,3035,body-v3.30/simC/walkT_v3.json
body-v3.30/simC/walk_v3.json,bc2aae7300dc6371915b945096a57e98,3033,body-v3.30/simC/walkR2_v3.json
body-v3.30/simC/walk_v3_eff.json,e1f4c0020006520b7d23c6a210a4a822,3042,body-v3.30/simC/walk_v3_eff.json
body-v3.30/simC/walk_v3_eff_noref.json,ebaa41acfaaef3b24dc77ab83db09f93,3101,body-v3.10/sim/walk_v3_eff_noref.json
body-v3.30/simC/walk_v3_noref.json,85f5f335181e839cfdc2d627ecca5d32,3095,body-v3.10/sim/walk_v3_noref.json
body-v3.30/simC/walk_v3_prerefine_v310.json,09d03ddff2a0a115af858a30f0934a7e,3038,body-v3.10/sim/walk_v3_prerefine_v310.json
body-v3.30/simC/we331.log,d0adf64b9701ef8dd335891799ea1b61,124,body-v3.30/simC/we331.log
body-v3.30/simC/weB_20.log,64da3ecad796212abd180f593815a9b6,124,body-v3.30/simC/weB_20.log
body-v3.30/simC/weB_30.log,a09804e9e01cecf66503c75c4b37a191,123,body-v3.30/simC/weB_30.log
body-v3.30/simC/weC.log,042ccf9e9a851cb1358c4f298165c162,123,body-v3.30/simC/weC.log
body-v3.30/simC/weC2.log,8202ed423aa9796bfacc94bc46d2709c,124,body-v3.30/simC/weC2.log
body-v3.30/simC/weF.log,1ffc255af45d5ef981352c8278fee6d8,123,body-v3.30/simC/weF.log
body-v3.30/simC/weR.log,21fc960d415113508a41672e04b576f0,125,body-v3.30/simC/weR.log
body-v3.30/simC/weR2.log,aee99c8a5055d04cd79f47a3c96710f9,126,body-v3.30/simC/weR2.log
body-v3.30/simC/weT.log,7d12dd564b164e4a3d8e439344bb7767,123,body-v3.30/simC/weT.log
body-v3.30/simC/web.log,00125e151c799ff7fcbec4b65d361df3,124,body-v3.30/simC/web.log
body-v3.30/simC/wee331.log,9a2f8f6bc759c562c628d78d52cc18b7,128,body-v3.30/simC/wee331.log
body-v3.30/simC/weeB_20.log,c54aafec4c1ba38068ef07f3f8239538,129,body-v3.30/simC/weeB_20.log
body-v3.30/simC/weeB_30.log,93f4ff29f7fe1e74c2e93d1aa58aa9ba,128,body-v3.30/simC/weeB_30.log
body-v3.30/simC/weeC.log,a28b371c2db3c211ad5376a8eeda428e,128,body-v3.30/simC/weeC.log
body-v3.30/simC/weeC2.log,e21cdf1112f3ae2bcde0ad755e76856b,129,body-v3.30/simC/weeC2.log
body-v3.30/simC/weeF.log,3ec9337efd87d0e04799ec3e235191d6,129,body-v3.30/simC/weeF.log
body-v3.30/simC/weeR.log,a7e61f56b1e792596d8a78a38d1a7d10,128,body-v3.30/simC/weeR.log
body-v3.30/simC/weeR2.log,55365e4a79df2fbea13355a8587c20cc,129,body-v3.30/simC/weeR2.log
body-v3.30/simC/weeT.log,0077f5cbfeb823d491e12c8377315e90,128,body-v3.30/simC/weeT.log
body-v3.30/simC/weeb.log,e714855c1103627a214680f58a69196e,129,body-v3.30/simC/weeb.log
body-v3.30/simC/revA/compare_v329_v331.json,6fbd5c2464c28a5d950965676043470f,3272,body-v3.30/simC/revA/compare_v329_v331.json
body-v3.30/simC/revA/compare_v329_v331.md,2676e14aaf241360616d421939b5cf52,1946,body-v3.30/simC/revA/compare_v329_v331.md
body-v3.30/simC/revA/mass_report_v3.json,ddc31c1325e7edee3d602b2251782548,13479,body-v3.30/simC/revA/mass_report_v3.json
body-v3.30/simC/revA/results_v3.json,963583844a9eb5573ea1218eae59441b,7795,body-v3.30/simC/revA/results_v3.json
body-v3.30/simC/revA/walk_v3.json,600a7a5d7d2a3e832b708e728dd1ed31,3029,body-v3.30/simC/revA/walk_v3.json
body-v3.30/simC/revA/walk_v3_eff.json,2904fcb01ada58b5d8442870f3c76eba,3045,body-v3.30/simC/revA/walk_v3_eff.json
body-v3.30/simC/revA/walk_v3_revB1.json,945e0c91e136eaef1df36232bf27473d,3034,body-v3.30/simC/revA/walk_v3_revB1.json
body-v3.30/simC/v328_ref/arm_heat_v3.json,07b5df779e4043a927a2b4d6fb21639a,4222,body-v3.10/sim/arm_heat_v3.json
body-v3.30/simC/v328_ref/results_v3.json,8646f4dd05dc9bd4836baeb0667864b8,7777,body-v3.28/sim/results_v3.json
body-v3.30/simC/v328_ref/walk_v3.json,2d4c4e88df2b7bcf4fddc9388a195c38,3034,body-v3.28/sim/walk_v3.json
body-v3.30/simC/v328_ref/walk_v3_eff.json,9ac63cc450b6eb72b33ec6927801f609,3044,body-v3.28/sim/walk_v3_eff.json
body-v3.30/simC/v329_ref/arm_heat_v3.json,07b5df779e4043a927a2b4d6fb21639a,4222,body-v3.10/sim/arm_heat_v3.json
body-v3.30/simC/v329_ref/mass_report_v3.json,0b410ade77cde2f95adee31452c26d20,13479,body-v3.29/sim/mass_report_v3.json
body-v3.30/simC/v329_ref/results_v3.json,4b2f7a91e296ef9c17c0be4376e77dc8,7795,body-v3.29/sim/results_v3.json
body-v3.30/simC/v329_ref/walk_v3.json,949adbd99d2075070848c79c37c3413d,3030,body-v3.29/sim/walk_v3.json
body-v3.30/simC/v329_ref/walk_v3_eff.json,9456b62db5bf2d15d20193551ec12eab,3043,body-v3.29/sim/walk_v3_eff.json
body-v3.30/simC/v329_ref/walk_v3_eff_noref.json,ebaa41acfaaef3b24dc77ab83db09f93,3101,body-v3.10/sim/walk_v3_eff_noref.json
body-v3.30/simC/v329_ref/walk_v3_noref.json,85f5f335181e839cfdc2d627ecca5d32,3095,body-v3.10/sim/walk_v3_noref.json
body-v3.30/simC/v329_ref/walk_v3_prerefine_v310.json,09d03ddff2a0a115af858a30f0934a7e,3038,body-v3.10/sim/walk_v3_prerefine_v310.json
body-v3.31-body/README_v331.md,d9abb50c9e7f08ca4e2e7b61e2392ea2,8969,body-v3.31-body/README_v331.md
body-v3.31-body/armsweep_v316.json,1f5aeabfa91da235aef6d943587fcf20,232,body-v3.16/armsweep_v316.json
body-v3.31-body/armsweep_v317.json,64745441dcb259065e67e21ae09ffab6,1203,body-v3.17/armsweep_v317.json
body-v3.31-body/armsweep_v318.json,5ae60717248b7264e1f67c1252ce79a5,1198,body-v3.18/armsweep_v318.json
body-v3.31-body/armsweep_v319.json,8c6d5a5f572ff5fabd1bbab9856ddf11,1230,body-v3.19/armsweep_v319.json
body-v3.31-body/armsweep_v320.json,9cf76322dae0716251c9d43d851284dd,992,body-v3.20/armsweep_v320.json
body-v3.31-body/armsweep_v321.json,185ddf1d621c09dea5d35968652520a9,790,body-v3.21/armsweep_v321.json
body-v3.31-body/armsweep_v322.json,1c2b3fd30dfdab42e8c6f9655d7801af,990,body-v3.22/armsweep_v322.json
body-v3.31-body/armsweep_v323_on_this.json,cc1d45898859189c26dfa9af89931450,1090,body-v3.23/armsweep_v323_on_this.json
body-v3.31-body/armsweep_v324.json,da76ca344a4ed4b0207c31572c35376a,990,body-v3.24/armsweep_v324.json
body-v3.31-body/armsweep_v325.json,da76ca344a4ed4b0207c31572c35376a,990,body-v3.24/armsweep_v324.json
body-v3.31-body/armsweep_v326.json,da76ca344a4ed4b0207c31572c35376a,990,body-v3.24/armsweep_v324.json
body-v3.31-body/armsweep_v327_on_this.json,da76ca344a4ed4b0207c31572c35376a,990,body-v3.24/armsweep_v324.json
body-v3.31-body/armsweep_v328_on_this.json,da76ca344a4ed4b0207c31572c35376a,990,body-v3.24/armsweep_v324.json
body-v3.31-body/armsweep_v329_on_this.json,da76ca344a4ed4b0207c31572c35376a,990,body-v3.24/armsweep_v324.json
body-v3.31-body/build_report.json,3c08239c078593b51d293cace8ec1a27,19929,body-v3.10/build_report.json
body-v3.31-body/changed_parts_v36_to_v37.json,a9a41d7c46a2ad62fed49408f90e4b29,1338,body-v3.10/changed_parts_v36_to_v37.json
body-v3.31-body/changed_parts_v37_to_v38.json,49ae233dc0c85f386397a6f0a52f4f9a,6172,body-v3.10/changed_parts_v37_to_v38.json
body-v3.31-body/changed_parts_v38_to_v39.json,d3cd5cdf0f50ea6407e39f2225cef809,6381,body-v3.10/changed_parts_v38_to_v39.json
body-v3.31-body/check_v331.json,b3d103762bc18316a5cef8d264bae0a7,5643,body-v3.31-body/check_v331.json
body-v3.31-body/check_v331_revA.json,b3d103762bc18316a5cef8d264bae0a7,5643,body-v3.31-body/check_v331.json
body-v3.31-body/check_v331b.json,4a2519e005993fd79916f436c133e2b3,8229,body-v3.31-body/check_v331b.json
body-v3.31-body/collide_head_v310.json,e25c6464886e09f567ee551e6f338f74,2142,body-v3.10/collide_head_v310.json
body-v3.31-body/collide_head_v311.json,e25c6464886e09f567ee551e6f338f74,2142,body-v3.10/collide_head_v310.json
body-v3.31-body/collide_head_v312.json,e25c6464886e09f567ee551e6f338f74,2142,body-v3.10/collide_head_v310.json
body-v3.31-body/collide_head_v312_baseline_for_v313.json,9b4637517f3bf949c5067330e618d235,10236,body-v3.13/collide_head_v312_baseline_for_v313.json
body-v3.31-body/collide_head_v313.json,b49557fdb2e92668b038eff5c1f559b2,10094,body-v3.13/collide_head_v313.json
body-v3.31-body/collide_head_v314.json,84a15622992a6302ff45de44e07548b2,10324,body-v3.14/collide_head_v314.json
body-v3.31-body/collide_head_v315.json,3abfd60515fd19ab49ad5e9844607e08,9549,body-v3.15/collide_head_v315.json
body-v3.31-body/collide_report.json,e6ddd4078834a837f9559a91643465bb,20690,body-v3.10/collide_report.json
body-v3.31-body/collide_v31_rule_check.json,2cfb89f60ed078067a5b0d563369f90c,129,body-v3.1/collide_v31_rule_check.json
body-v3.31-body/collide_v32_rule_check.json,005b67a629f7dd1569344a87c0e8df7b,164,body-v3.10/collide_v32_rule_check.json
body-v3.31-body/crest_valley_v321.json,3f672f077ad7c227637940c3147cf8b7,1542,body-v3.21/crest_valley_v321.json
body-v3.31-body/crest_valley_v322.json,ace9cd2fe2155ae48ab8593e69f98b44,1392,body-v3.22/crest_valley_v322.json
body-v3.31-body/explore.log,637f075f453449d8e80a29d76ee875b3,18962,body-v3.31-body/explore.log
body-v3.31-body/fit_v314.json,f8aae41806d01c56389950094ea546d5,320,body-v3.14/fit_v314.json
body-v3.31-body/grain_report_v37.json,afbb2b0c9e43f4693c210470fb4a21a9,1962,body-v3.29/grain_report_v37.json
body-v3.31-body/hair_print_report_v313.json,860be9dcc14d271703ad67c23017d1dc,2832,body-v3.13/hair_print_report_v313.json
body-v3.31-body/hair_print_report_v314.json,a9210bb284841958846ddb4167713788,4794,body-v3.14/hair_print_report_v314.json
body-v3.31-body/hair_print_report_v315.json,7c5a3f9afea264b52bd3e2841e3c9b82,3652,body-v3.15/hair_print_report_v315.json
body-v3.31-body/head_print_report.json,79f615cf398723aa2801b3336ef39415,6972,body-v3.10/head_print_report.json
body-v3.31-body/head_print_report_v315.json,2009b6b02676dc6b96c6dd0d5ffded22,5848,body-v3.15/head_print_report_v315.json
body-v3.31-body/head_print_report_v316.json,f8e1f5b80ec4e1a19764713305d52d78,3997,body-v3.16/head_print_report_v316.json
body-v3.31-body/head_print_report_v317.json,fe0ed67ed9be1c640ebe2961c972f159,3397,body-v3.17/head_print_report_v317.json
body-v3.31-body/head_print_report_v318.json,0c4af57a9b076781b75f49f381e6e2db,3274,body-v3.18/head_print_report_v318.json
body-v3.31-body/head_print_report_v319.json,19394cee936c19e67eee4e7b4a8bc97a,3164,body-v3.19/head_print_report_v319.json
body-v3.31-body/head_print_report_v320.json,fc1afe8bee3905b206b2b7456cbb73c3,3165,body-v3.20/head_print_report_v320.json
body-v3.31-body/head_print_report_v321.json,45ab6961dd3d64dcc06d9b6925a8d9be,3290,body-v3.21/head_print_report_v321.json
body-v3.31-body/head_print_report_v322.json,40a054a1a377cb70088eb61b6ed08ea3,3312,body-v3.22/head_print_report_v322.json
body-v3.31-body/head_print_report_v323.json,3e2871c80dabcd440fcd72c46185e909,3244,body-v3.23/head_print_report_v323.json
body-v3.31-body/head_print_report_v324.json,8783d5355568fb44b8e83f285cdfbbc4,3406,body-v3.24/head_print_report_v324.json
body-v3.31-body/head_print_report_v325.json,c713d2096a945d0a6e12eb087fb47bba,3244,body-v3.25/head_print_report_v325.json
body-v3.31-body/head_print_report_v326.json,cae2e2ff4b71336f3e7bbcfb520aaedc,3227,body-v3.26/head_print_report_v326.json
body-v3.31-body/head_print_report_v327.json,665ee54eb8db38c3e0340c13658f1432,3239,body-v3.27/head_print_report_v327.json
body-v3.31-body/head_print_report_v328.json,5eb3b4009e441b2a32a6fb6c4fca8a25,3299,body-v3.28/head_print_report_v328.json
body-v3.31-body/head_print_report_v329.json,4697b7a67903b03389d9fa615ca856bf,3354,body-v3.29/head_print_report_v329.json
body-v3.31-body/head_print_report_v36.json,d33da0d7f147f0bd784709823ca6e9ae,7037,body-v3.10/head_print_report_v36.json
body-v3.31-body/head_print_report_v37.json,4e0e79baf232a56165080655c08ae618,7733,body-v3.10/head_print_report_v37.json
body-v3.31-body/head_print_report_v38.json,5d6e16e5fb2414e0bbfca34176d0c3f5,7735,body-v3.10/head_print_report_v38.json
body-v3.31-body/head_print_report_v39.json,ba2c678786c8b3f4cd8feca3787e75dd,7781,body-v3.10/head_print_report_v39.json
body-v3.31-body/head_size_v36.json,04f54b55f682598962ff3481a5aba85f,717,body-v3.10/head_size_v36.json
body-v3.31-body/headrange_v320.json,4d62c8eed17cabb04608f6e91debbee5,916,body-v3.20/headrange_v320.json
body-v3.31-body/headrange_v320_on_this.json,25eb0351f478ae4b6bbf5735f82c0c97,997,body-v3.29/headrange_v320_on_this.json
body-v3.31-body/inventory_v331.json,ada52aaca261c2250db0acd67850d69a,10926,body-v3.31-body/inventory_v331.json
body-v3.31-body/kilt_check_v316.json,799d097cf52f2f781aee6f772478ae4c,2826,body-v3.16/kilt_check_v316.json
body-v3.31-body/kilt_check_v316_final_gaits.json,430d99554b945ffe97d090947af9ac02,346,body-v3.16/kilt_check_v316_final_gaits.json
body-v3.31-body/kilt_print_report_v316.json,7df362561b2ccfefc2eccfe6ae1b03f8,1855,body-v3.16/kilt_print_report_v316.json
body-v3.31-body/print_sheet_body_v331.md,1223f111cbb79c1ceaf06dbf694788f1,6212,body-v3.31-body/print_sheet_body_v331.md
body-v3.31-body/snout_print_report_v310.json,4bf50103ac3941a34a8e642e795d6244,1079,body-v3.10/snout_print_report_v310.json
body-v3.31-body/snout_print_report_v311.json,3a2a461ef0f6fd92fab4a720d1521a76,1010,body-v3.11/snout_print_report_v311.json
body-v3.31-body/snout_print_report_v312.json,777e230a1c3e92c7a47d5c5b7220e6ad,918,body-v3.12/snout_print_report_v312.json
body-v3.31-body/torso_env_v34.json,bda31ea296b814d3685d260d29f3e20f,36249,body-v3.10/torso_env_v34.json
body-v3.31-body/torso_env_v36.json,8b9d02fce005d442335cfb062533af58,54421,body-v3.10/torso_env_v36.json
body-v3.31-body/torso_env_v38.json,687e14f2e4e89bf21a99087d015075c6,54455,body-v3.10/torso_env_v38.json
body-v3.31-body/wall_v316_wig_ref.json,da76d2f347b1e63a64657da82a9b63a9,229,body-v3.17/wall_v316_wig_ref.json
body-v3.31-body/wall_v317.json,9a56d2bc81b85bf45a7a5b2ef12f0c2b,227,body-v3.17/wall_v317.json
body-v3.31-body/wall_v318.json,8a58771e7725eb91575b2ee5d5f624b9,226,body-v3.18/wall_v318.json
body-v3.31-body/wall_v319.json,157779f9e5124b4b3dbd7b14b49fd287,226,body-v3.19/wall_v319.json
body-v3.31-body/wall_v320.json,5dec19b66934cea85dd96c36a283b115,226,body-v3.20/wall_v320.json
body-v3.31-body/wall_v321.json,a493b5556d52663136969869fdd431dd,228,body-v3.21/wall_v321.json
body-v3.31-body/wall_v322.json,2aaf6d528fc179661a6ddb5b08e5efa4,222,body-v3.22/wall_v322.json
body-v3.31-body/wall_v323.json,3dffa10c6b233c74f3061a182e64b2d7,225,body-v3.23/wall_v323.json
body-v3.31-body/wall_v324.json,c231902a905aea6ab387914d89fe37c4,225,body-v3.24/wall_v324.json
body-v3.31-body/wall_v325.json,34efe9e675f226588484db0a70b003d4,226,body-v3.25/wall_v325.json
body-v3.31-body/wall_v326.json,a07b691b862a6e387d5e757473dc4e85,212,body-v3.26/wall_v326.json
body-v3.31-body/wall_v327.json,6cc940c809060fd54ed3160cef584ef6,226,body-v3.27/wall_v327.json
body-v3.31-body/wall_v328.json,eb532d30717af73ade5df796060470e1,212,body-v3.28/wall_v328.json
body-v3.31-body/wall_v329.json,daa5d849b59e5c46d3b13c203caa3804,211,body-v3.29/wall_v329.json
body-v3.31-body/measure/iou_after.json,2e495d3976d3b8741fbeb3781423c263,874,body-v3.31-body/measure/iou_after.json
body-v3.31-body/measure/iou_after_revA.json,9ecebb2f39fa3e440b113c7b75e0de8e,872,body-v3.31-body/measure/iou_after_revA.json
body-v3.31-body/measure/iou_before.json,aa0c9b47d9f1aca9e37dde70c3627ef4,874,body-v3.31-body/measure/iou_before.json
body-v3.31-body/sim/arm_heat_v3.json,07b5df779e4043a927a2b4d6fb21639a,4222,body-v3.10/sim/arm_heat_v3.json
body-v3.31-body/sim/cmp331.log,0acccacf78d3e196dcd17dd0ed62155f,1747,body-v3.30/simC/cmp331.log
body-v3.31-body/sim/cmpb.log,20ab5f850fcb81cbba07b9e4de98d2bd,1747,body-v3.30/simC/cmpb.log
body-v3.31-body/sim/compare_v329_v331.json,8352dc835a79c7f9619234f003bdb737,3272,body-v3.30/simC/compare_v329_v331.json
body-v3.31-body/sim/compare_v329_v331.md,2a394a7eda90b513c0a5a03b89218269,1946,body-v3.30/simC/compare_v329_v331.md
body-v3.31-body/sim/diag_e_v3_-0.043_-0.108_-0.743_-3.016_0.112_revB1.json,028db18dbae5ea49d47bf5a3495a85c8,7118,body-v3.30/simC/diag_e_v3_-0.043_-0.108_-0.743_-3.016_0.112_revB1.json
body-v3.31-body/sim/diag_e_v3_-0.043_-0.108_-0.743_-3.016_0.112_revC.json,96be6b47be3b64cf2f4920bcac55a606,7116,body-v3.30/simC/diag_e_v3_-0.043_-0.108_-0.743_-3.016_0.112_revC.json
body-v3.31-body/sim/diag_e_v3_revC_search.json,74bb9c6295d7a8f2dc8c42f1c7719298,7171,body-v3.30/simC/diag_e_v3_revC_search.json
body-v3.31-body/sim/gen331.log,2c1e697d64088781d246c204a811a91e,799,body-v3.30/simC/gen331.log
body-v3.31-body/sim/genb.log,ceca789eabe40a595c48aefb5ca36d75,798,body-v3.30/simC/genb.log
body-v3.31-body/sim/mass_report_v3.json,6e5e03c37e5e79237a6ea19aacc7ce19,13478,body-v3.30/simC/mass_report_v3.json
body-v3.31-body/sim/results_v3.json,5e4e2e4de0bd3cec446caaab8fe3a378,9007,body-v3.31-body/sim/results_v3.json
body-v3.31-body/sim/results_v3_revB1.json,4f9f5829fe71ee3e767e58701d453162,7775,body-v3.30/simC/results_v3_revB1.json
body-v3.31-body/sim/rt331.log,ed8d71060c8a2cf38f093c4a49aed280,2991,body-v3.30/simC/rt331.log
body-v3.31-body/sim/rtC2.log,cc51a94cc906211e3ac1d089fb10bb89,4094,body-v3.30/simC/rtC2.log
body-v3.31-body/sim/rtC_test.log,c64bbc79d772186dfefc079f797bb02d,3698,body-v3.30/simC/rtC_test.log
body-v3.31-body/sim/rtb.log,1ebd0fbdc4dde16bbf930b60189ccaa8,2993,body-v3.30/simC/rtb.log
body-v3.31-body/sim/walk_v3.json,61195d023cc84b13428f4cbdafe9d6e1,3033,body-v3.31-body/sim/walk_v3.json
body-v3.31-body/sim/walk_v3_eff.json,b95fb1bf3bd5d17e917e6e26281f1ec9,3044,body-v3.31-body/sim/walk_v3_eff.json
body-v3.31-body/sim/walk_v3_eff_noref.json,ebaa41acfaaef3b24dc77ab83db09f93,3101,body-v3.10/sim/walk_v3_eff_noref.json
body-v3.31-body/sim/walk_v3_noref.json,85f5f335181e839cfdc2d627ecca5d32,3095,body-v3.10/sim/walk_v3_noref.json
body-v3.31-body/sim/walk_v3_prerefine_v310.json,09d03ddff2a0a115af858a30f0934a7e,3038,body-v3.10/sim/walk_v3_prerefine_v310.json
body-v3.31-body/sim/we331.log,d0adf64b9701ef8dd335891799ea1b61,124,body-v3.30/simC/we331.log
body-v3.31-body/sim/weC2.log,8202ed423aa9796bfacc94bc46d2709c,124,body-v3.30/simC/weC2.log
body-v3.31-body/sim/web.log,00125e151c799ff7fcbec4b65d361df3,124,body-v3.30/simC/web.log
body-v3.31-body/sim/wee331.log,9a2f8f6bc759c562c628d78d52cc18b7,128,body-v3.30/simC/wee331.log
body-v3.31-body/sim/weeC2.log,e21cdf1112f3ae2bcde0ad755e76856b,129,body-v3.30/simC/weeC2.log
body-v3.31-body/sim/weeb.log,e714855c1103627a214680f58a69196e,129,body-v3.30/simC/weeb.log
body-v3.31-body/sim/revA/compare_v329_v331.json,6fbd5c2464c28a5d950965676043470f,3272,body-v3.30/simC/revA/compare_v329_v331.json
body-v3.31-body/sim/revA/compare_v329_v331.md,2676e14aaf241360616d421939b5cf52,1946,body-v3.30/simC/revA/compare_v329_v331.md
body-v3.31-body/sim/revA/mass_report_v3.json,ddc31c1325e7edee3d602b2251782548,13479,body-v3.30/simC/revA/mass_report_v3.json
body-v3.31-body/sim/revA/results_v3.json,963583844a9eb5573ea1218eae59441b,7795,body-v3.30/simC/revA/results_v3.json
body-v3.31-body/sim/revA/walk_v3.json,600a7a5d7d2a3e832b708e728dd1ed31,3029,body-v3.30/simC/revA/walk_v3.json
body-v3.31-body/sim/revA/walk_v3_eff.json,2904fcb01ada58b5d8442870f3c76eba,3045,body-v3.30/simC/revA/walk_v3_eff.json
body-v3.31-body/sim/revA/walk_v3_revB1.json,945e0c91e136eaef1df36232bf27473d,3034,body-v3.30/simC/revA/walk_v3_revB1.json
body-v3.31-body/sim/v328_ref/arm_heat_v3.json,07b5df779e4043a927a2b4d6fb21639a,4222,body-v3.10/sim/arm_heat_v3.json
body-v3.31-body/sim/v328_ref/results_v3.json,8646f4dd05dc9bd4836baeb0667864b8,7777,body-v3.28/sim/results_v3.json
body-v3.31-body/sim/v328_ref/walk_v3.json,2d4c4e88df2b7bcf4fddc9388a195c38,3034,body-v3.28/sim/walk_v3.json
body-v3.31-body/sim/v328_ref/walk_v3_eff.json,9ac63cc450b6eb72b33ec6927801f609,3044,body-v3.28/sim/walk_v3_eff.json
body-v3.31-body/sim/v329_ref/arm_heat_v3.json,07b5df779e4043a927a2b4d6fb21639a,4222,body-v3.10/sim/arm_heat_v3.json
body-v3.31-body/sim/v329_ref/mass_report_v3.json,0b410ade77cde2f95adee31452c26d20,13479,body-v3.29/sim/mass_report_v3.json
body-v3.31-body/sim/v329_ref/results_v3.json,4b2f7a91e296ef9c17c0be4376e77dc8,7795,body-v3.29/sim/results_v3.json
body-v3.31-body/sim/v329_ref/walk_v3.json,949adbd99d2075070848c79c37c3413d,3030,body-v3.29/sim/walk_v3.json
body-v3.31-body/sim/v329_ref/walk_v3_eff.json,9456b62db5bf2d15d20193551ec12eab,3043,body-v3.29/sim/walk_v3_eff.json
body-v3.31-body/sim/v329_ref/walk_v3_eff_noref.json,ebaa41acfaaef3b24dc77ab83db09f93,3101,body-v3.10/sim/walk_v3_eff_noref.json
body-v3.31-body/sim/v329_ref/walk_v3_noref.json,85f5f335181e839cfdc2d627ecca5d32,3095,body-v3.10/sim/walk_v3_noref.json
body-v3.31-body/sim/v329_ref/walk_v3_prerefine_v310.json,09d03ddff2a0a115af858a30f0934a7e,3038,body-v3.10/sim/walk_v3_prerefine_v310.json
body-v3.31-body/stl_pack/print_sheet_body_v331.md,e7da5b3c0d7e2d6879029575f5a495f3,4599,body-v3.31-body/stl_pack/print_sheet_body_v331.md
body-v3.31-body/stl_pack_revC/print_sheet_body_v331.md,1223f111cbb79c1ceaf06dbf694788f1,6212,body-v3.31-body/print_sheet_body_v331.md
body-v3.32-body/CHANGED_PARTS_v332.md,3986084acb350f82d646aad2ded06eb1,2256,body-v3.32-body/CHANGED_PARTS_v332.md
body-v3.32-body/README_v332.md,17564b42e907e0a9a98c0ca71823a7e0,3508,body-v3.32-body/README_v332.md
body-v3.32-body/STATUS.md,7c894c523c16ebaf6c7ed0e3f0567450,10330,body-v3.32-body/STATUS.md
body-v3.32-body/TORSO_OPTION_v332.md,02280185764e383348d30d2e520ee7a7,3647,body-v3.32-body/TORSO_OPTION_v332.md
body-v3.32-body/metrics_v332.json,0b14faef006657107ea855149d6f57d5,28086,body-v3.32-body/metrics_v332.json
body-v3.32-body/print_sheet_body_v332.md,7095bc91140660360e040d5f5ad3d5e3,9161,body-v3.32-body/print_sheet_body_v332.md
body-v3.32-body/head_v330/twiglet-head-v3.30/README_v330.md,52b3af9cfe2f294fb6a91d306c855d52,5385,body-v3.30/README_v330.md
body-v3.32-body/head_v330/twiglet-head-v3.30/head_print_report_v330.json,2d02e603d80dde754fd6348595e86601,13712,body-v3.30/head_print_report_v330.json
body-v3.32-body/head_v330/twiglet-head-v3.30/print_note_head_v330.md,673fc50cadebc7025c517fd086560bb6,13970,body-v3.30/print_note_head_v330.md
body-v3.32-body/head_v330/twiglet-head-v3.30/stl_gate_v330.json,8f9d7a8e5997824848ee5b55ee86ecb0,1942,body-v3.30/stl_gate_v330.json
body-v3.32-body/measure/armcheck_v331.json,58cf2d781cb3d607c967846c152c7f51,324,body-v3.32-body/measure/armcheck_v331.json
body-v3.32-body/measure/armcheck_v331.log,c7ee679f5b5d5ed10f7d75863295b953,200,body-v3.32-body/measure/armcheck_v331.log
body-v3.32-body/measure/armcheck_v332_torso.json,76cda1c3b763d70595a9f5f0197a931a,330,body-v3.32-body/measure/armcheck_v332_torso.json
body-v3.32-body/measure/armcheck_v332_torso.log,c7ee679f5b5d5ed10f7d75863295b953,200,body-v3.32-body/measure/armcheck_v331.log
body-v3.32-body/measure/armcheck_v332a.json,b851e1c9b4b0d3f9ad83132d24f8456f,327,body-v3.32-body/measure/armcheck_v332a.json
body-v3.32-body/measure/armcheck_v332a.log,eede6b643aebc257a263054410233f4f,202,body-v3.32-body/measure/armcheck_v332a.log
body-v3.32-body/measure/armcheck_v332all.json,d953522ec81b91b6f07a2395db5f1cce,327,body-v3.32-body/measure/armcheck_v332all.json
body-v3.32-body/measure/armcheck_v332b.json,fa9d591aa148edb20143486a550d6799,327,body-v3.32-body/measure/armcheck_v332b.json
body-v3.32-body/measure/armcheck_v332b.log,250cfe357f8d965aafe26393d5b7174a,202,body-v3.32-body/measure/armcheck_v332b.log
body-v3.32-body/measure/armcheck_v332c.json,71304526af3324002720d8f944f14503,325,body-v3.32-body/measure/armcheck_v332c.json
body-v3.32-body/measure/armcheck_v332c.log,41e3ec7a0c49764b3f642a6465c1dff1,200,body-v3.32-body/measure/armcheck_v332c.log
body-v3.32-body/measure/cams.json,84c320d7ef2ef558734b015e89255865,1020,body-v3.32-body/measure/cams.json
body-v3.32-body/measure/hb_v331.json,96d67c56fd6d9cd0b14ce5a7b6f5b564,1956,body-v3.32-body/measure/hb_v331.json
body-v3.32-body/measure/hb_v331.log,37abf367e7db2088fbac369284b28c2e,39,body-v3.32-body/measure/hb_v331.log
body-v3.32-body/measure/hb_v332_opt_riser40.json,43590d1aac539164136df2fbefd8c862,717,body-v3.32-body/measure/hb_v332_opt_riser40.json
body-v3.32-body/measure/hb_v332_torso.json,ad701712670036cbd9d97d4979bda378,1962,body-v3.32-body/measure/hb_v332_torso.json
body-v3.32-body/measure/hb_v332_torso.log,37abf367e7db2088fbac369284b28c2e,39,body-v3.32-body/measure/hb_v331.log
body-v3.32-body/measure/hb_v332a.json,ba1ab3fee6d97afbedb585e892d38185,1957,body-v3.32-body/measure/hb_v332a.json
body-v3.32-body/measure/hb_v332a.log,37abf367e7db2088fbac369284b28c2e,39,body-v3.32-body/measure/hb_v331.log
body-v3.32-body/measure/hb_v332all.json,71cff228da1af0a1e85d723a2ddd0495,1959,body-v3.32-body/measure/hb_v332all.json
body-v3.32-body/measure/kilt_swing_v331.json,f8bb08be12f8bc472128f5782ac04f08,966,body-v3.32-body/measure/kilt_swing_v331.json
body-v3.32-body/measure/kilt_swing_v331.log,aa7a2c4311d561fd35c8fc941879f3c4,458,body-v3.32-body/measure/kilt_swing_v331.log
body-v3.32-body/measure/kilt_swing_v332.json,5d48ed87dc062e73ac244ff8984bc56f,1049,body-v3.32-body/measure/kilt_swing_v332.json
body-v3.32-body/measure/kilt_swing_v332.log,11a664c054f9d4c8596f15b90246b8d6,477,body-v3.32-body/measure/kilt_swing_v332.log
body-v3.32-body/measure/parts_check_v332.json,ae31ee68f12696711aa7a5d2b3279dcb,8416,body-v3.32-body/measure/parts_check_v332.json
body-v3.32-body/measure/parts_check_v332.log,6266a5d13f065fbd3e9354a6c93e7046,7679,body-v3.32-body/measure/parts_check_v332.log
body-v3.32-body/measure/parts_v331.json,780dfeeb84f51313fd6736b05f8c1913,2608,body-v3.32-body/measure/parts_v331.json
body-v3.32-body/measure/parts_v332_torso.json,780dfeeb84f51313fd6736b05f8c1913,2608,body-v3.32-body/measure/parts_v331.json
body-v3.32-body/measure/parts_v332a.json,ed9c289e61a7fb8e3834b604e34d235f,2606,body-v3.32-body/measure/parts_v332a.json
body-v3.32-body/measure/parts_v332all.json,ee172d91961ec3312b208f06ee5a39a8,2606,body-v3.32-body/measure/parts_v332all.json
body-v3.32-body/measure/wigdiag_v331.json,caaeacc542331dd50ad37d018814048f,1317,body-v3.32-body/measure/wigdiag_v331.json
body-v3.32-body/measure/wigdiag_v332all.json,0e015f559f43efe0365d4999be14270b,1964,body-v3.32-body/measure/wigdiag_v332all.json
body-v3.32-body/measure/wigdiag_v332c.log,0566a91d6585596ac99ab3086b7954cb,564,body-v3.32-body/measure/wigdiag_v332c.log
body-v3.32-body/sim/mass_v332.json,186c410db2543c6d15987cd59595a946,2680,body-v3.32-body/sim/mass_v332.json
body-v3.32-body/sim/mass_v332_full.json,186c410db2543c6d15987cd59595a946,2680,body-v3.32-body/sim/mass_v332.json
body-v3.32-body/sim/refine_v332.log,ad3c0b5c4966a911d37365c13584a59b,547,body-v3.32-body/sim/refine_v332.log
body-v3.32-body/sim/refine_v332_r2.log,cb117b129c25e2486ee54d492bd6ca8b,546,body-v3.32-body/sim/refine_v332_r2.log
body-v3.32-body/sim/results_v3.json,550147881706d365949c83f2bdbd2bb9,9046,body-v3.32-body/sim/results_v3.json
body-v3.32-body/sim/results_v3_base.json,69c96c617518c0ab1bea96d3fc2b81b7,9054,body-v3.30/simC/results_v3.json
body-v3.32-body/sim/results_v3_opt_neck40.json,6f37686368a7db1301ddd39b3bd64587,9073,body-v3.32-body/sim/results_v3_opt_neck40.json
body-v3.32-body/sim/results_v3_opt_neck40_leg40.json,f24fff0d8d641d4c0e7b33a1c7405e2d,9053,body-v3.32-body/sim/results_v3_opt_neck40_leg40.json
body-v3.32-body/sim/results_v3_opt_neck40_leg40b.json,550147881706d365949c83f2bdbd2bb9,9046,body-v3.32-body/sim/results_v3.json
body-v3.32-body/sim/results_v3_v332.json,2ff1d467b067fe37727ef5cf3c931e04,9080,body-v3.32-body/sim/results_v3_v332.json
body-v3.32-body/sim/results_v3_v332_r2.json,2ff1d467b067fe37727ef5cf3c931e04,9080,body-v3.32-body/sim/results_v3_v332.json
body-v3.32-body/sim/rt_base.log,14311ae8d6a38b71c41ec50b74807f1c,4090,body-v3.30/simC/rtR2_0.045.log
body-v3.32-body/sim/rt_opt_neck40.log,6b4f8e4aebea1d3584135ba3e47dcdfb,4164,body-v3.32-body/sim/rt_opt_neck40.log
body-v3.32-body/sim/rt_opt_neck40_leg40.log,9d6c1b8af4fe89e3585741982585f4ee,4158,body-v3.32-body/sim/rt_opt_neck40_leg40.log
body-v3.32-body/sim/rt_opt_neck40_leg40b.log,80a01840663979828349bfb40faac6ec,4279,body-v3.32-body/sim/rt_opt_neck40_leg40b.log
body-v3.32-body/sim/rt_v332.log,792e68062b6c0ab920d38354ccd046e3,4234,body-v3.32-body/sim/rt_v332.log
body-v3.32-body/sim/rt_v332_r2.log,792e68062b6c0ab920d38354ccd046e3,4234,body-v3.32-body/sim/rt_v332.log
body-v3.32-body/sim/sim_summary.txt,fc41469f039bc39ee3f35618ed55e903,1052,body-v3.32-body/sim/sim_summary.txt
body-v3.32-body/sim/walk_refine_v32.json,68923c1d1415ef47d3b80ccd1bf86e68,157,body-v3.32-body/sim/walk_refine_v32.json
body-v3.32-body/sim/walk_refine_v332r1.json,ef973aa26b2a0ab7e8c6189fab0a9d58,158,body-v3.32-body/sim/walk_refine_v332r1.json
body-v3.32-body/sim/walk_refine_v332r2.json,68923c1d1415ef47d3b80ccd1bf86e68,157,body-v3.32-body/sim/walk_refine_v32.json
body-v3.32-body/sim/walk_v3.json,0016d6f866380a9199e0ba2ee92c49cb,3035,body-v3.32-body/sim/walk_v3.json
body-v3.32-body/sim/walk_v3_base.json,bc2aae7300dc6371915b945096a57e98,3033,body-v3.30/simC/walkR2_v3.json
body-v3.32-body/sim/walk_v3_eff.json,811be1bee0fd2fa033fd956d1ca83a01,3040,body-v3.32-body/sim/walk_v3_eff.json
body-v3.32-body/sim/walk_v3_eff_base.json,4678f89adad4dcd7d8a47bb63b9e4623,3040,body-v3.32-body/sim/walk_v3_eff_base.json
body-v3.32-body/sim/walk_v3_eff_opt_neck40.json,27c41396ab5872d9cae924eeea762929,3040,body-v3.32-body/sim/walk_v3_eff_opt_neck40.json
body-v3.32-body/sim/walk_v3_eff_opt_neck40_leg40.json,8725038ecd644f3ad0ff362f3c3a8847,3042,body-v3.32-body/sim/walk_v3_eff_opt_neck40_leg40.json
body-v3.32-body/sim/walk_v3_eff_opt_neck40_leg40b.json,811be1bee0fd2fa033fd956d1ca83a01,3040,body-v3.32-body/sim/walk_v3_eff.json
body-v3.32-body/sim/walk_v3_eff_v332.json,93a51d4ed1b7d3db8abac8eebf0f9154,3046,body-v3.32-body/sim/walk_v3_eff_v332.json
body-v3.32-body/sim/walk_v3_eff_v332_r2.json,93a51d4ed1b7d3db8abac8eebf0f9154,3046,body-v3.32-body/sim/walk_v3_eff_v332.json
body-v3.32-body/sim/walk_v3_opt_neck40.json,95dbde545907a294264c492dc19c6202,3039,body-v3.32-body/sim/walk_v3_opt_neck40.json
body-v3.32-body/sim/walk_v3_opt_neck40_leg40.json,69a62f650f6249368b7ce77a10842e74,3039,body-v3.32-body/sim/walk_v3_opt_neck40_leg40.json
body-v3.32-body/sim/walk_v3_opt_neck40_leg40b.json,0016d6f866380a9199e0ba2ee92c49cb,3035,body-v3.32-body/sim/walk_v3.json
body-v3.32-body/sim/walk_v3_s_armonly.json,fded72b9dba4ca3a121ebfcbbf108aa0,3037,body-v3.32-body/sim/walk_v3_s_armonly.json
body-v3.32-body/sim/walk_v3_s_noarm.json,be6af25764de52ccb68db0cf37154c6f,3033,body-v3.32-body/sim/walk_v3_s_noarm.json
body-v3.32-body/sim/walk_v3_v332.json,7e90bb1a184bd68bf4f0fe7ecb1129c2,3036,body-v3.32-body/sim/walk_v3_v332.json
body-v3.32-body/sim/walk_v3_v332_r2.json,a84bca2089922abb86e0f2a2e06622cf,3035,body-v3.32-body/sim/walk_v3_v332_r2.json
body-v3.32-body/sim/we_base.log,aee99c8a5055d04cd79f47a3c96710f9,126,body-v3.30/simC/weR2.log
body-v3.32-body/sim/we_opt_neck40.log,c92e3aa2e372e1c9acff728f45b75ad8,126,body-v3.32-body/sim/we_opt_neck40.log
body-v3.32-body/sim/we_opt_neck40_leg40.log,dec39970c39c7b0664f86cc9c9500673,124,body-v3.32-body/sim/we_opt_neck40_leg40.log
body-v3.32-body/sim/we_opt_neck40_leg40b.log,36818e22c87439e98279ea2cb0f7ab88,125,body-v3.32-body/sim/we_opt_neck40_leg40b.log
body-v3.32-body/sim/we_s_armonly.log,b7ddef5454ad87dce78f4305ca161b3c,125,body-v3.32-body/sim/we_s_armonly.log
body-v3.32-body/sim/we_s_noarm.log,3fd17104c6341c1aacaa358a20ec90dc,126,body-v3.32-body/sim/we_s_noarm.log
body-v3.32-body/sim/we_v332.log,eca10a3c8b408dc304022a7cbabee7d8,125,body-v3.32-body/sim/we_v332.log
body-v3.32-body/sim/we_v332_r2.log,05225f10c9ebdb9006c9651ecd1af751,123,body-v3.32-body/sim/we_v332_r2.log
body-v3.32-body/sim/wee_base.log,55365e4a79df2fbea13355a8587c20cc,129,body-v3.30/simC/weeR2.log
body-v3.32-body/sim/wee_opt_neck40.log,918594ec5409b75e2ab6ac0d7f68774e,130,body-v3.32-body/sim/wee_opt_neck40.log
body-v3.32-body/sim/wee_opt_neck40_leg40.log,e5b66d6b447b53a8b674b0d74b7a1ff2,127,body-v3.32-body/sim/wee_opt_neck40_leg40.log
body-v3.32-body/sim/wee_opt_neck40_leg40b.log,63e3a364a5717ad68c4602aa8aabdbd9,129,body-v3.32-body/sim/wee_opt_neck40_leg40b.log
body-v3.32-body/sim/wee_v332.log,5de7bc3dde7d735a185b8d51d83caab3,129,body-v3.32-body/sim/wee_v332.log
body-v3.32-body/sim/wee_v332_r2.log,5de7bc3dde7d735a185b8d51d83caab3,129,body-v3.32-body/sim/wee_v332.log
body-v3.33-body/STATUS.md,01be88fa272807561fb442d26b13f2ee,16506,body-v3.33-body/STATUS.md
body-v3.33-body/head_v330/twiglet-head-v3.30/README_v330.md,52b3af9cfe2f294fb6a91d306c855d52,5385,body-v3.30/README_v330.md
body-v3.33-body/head_v330/twiglet-head-v3.30/head_print_report_v330.json,2d02e603d80dde754fd6348595e86601,13712,body-v3.30/head_print_report_v330.json
body-v3.33-body/head_v330/twiglet-head-v3.30/print_note_head_v330.md,673fc50cadebc7025c517fd086560bb6,13970,body-v3.30/print_note_head_v330.md
body-v3.33-body/head_v330/twiglet-head-v3.30/stl_gate_v330.json,8f9d7a8e5997824848ee5b55ee86ecb0,1942,body-v3.30/stl_gate_v330.json
body-v3.33-body/measure/armcheck_v331.json,58cf2d781cb3d607c967846c152c7f51,324,body-v3.32-body/measure/armcheck_v331.json
body-v3.33-body/measure/armcheck_v331.log,c7ee679f5b5d5ed10f7d75863295b953,200,body-v3.32-body/measure/armcheck_v331.log
body-v3.33-body/measure/armcheck_v332_torso.json,76cda1c3b763d70595a9f5f0197a931a,330,body-v3.32-body/measure/armcheck_v332_torso.json
body-v3.33-body/measure/armcheck_v332_torso.log,c7ee679f5b5d5ed10f7d75863295b953,200,body-v3.32-body/measure/armcheck_v331.log
body-v3.33-body/measure/armcheck_v332a.json,b851e1c9b4b0d3f9ad83132d24f8456f,327,body-v3.32-body/measure/armcheck_v332a.json
body-v3.33-body/measure/armcheck_v332a.log,eede6b643aebc257a263054410233f4f,202,body-v3.32-body/measure/armcheck_v332a.log
body-v3.33-body/measure/armcheck_v332all.json,d953522ec81b91b6f07a2395db5f1cce,327,body-v3.32-body/measure/armcheck_v332all.json
body-v3.33-body/measure/armcheck_v332b.json,fa9d591aa148edb20143486a550d6799,327,body-v3.32-body/measure/armcheck_v332b.json
body-v3.33-body/measure/armcheck_v332b.log,250cfe357f8d965aafe26393d5b7174a,202,body-v3.32-body/measure/armcheck_v332b.log
body-v3.33-body/measure/armcheck_v332c.json,71304526af3324002720d8f944f14503,325,body-v3.32-body/measure/armcheck_v332c.json
body-v3.33-body/measure/armcheck_v332c.log,41e3ec7a0c49764b3f642a6465c1dff1,200,body-v3.32-body/measure/armcheck_v332c.log
body-v3.33-body/measure/armcheck_v333b.json,67a571004ea7bf49d4ff71ce77068de7,327,body-v3.33-body/measure/armcheck_v333b.json
body-v3.33-body/measure/armcheck_v333c.json,a89bf6aced5dbc1bf871c839d31f1c56,327,body-v3.33-body/measure/armcheck_v333c.json
body-v3.33-body/measure/armcheck_v333d.json,7ba063ef13eda50b4b1c7c61ea81488b,327,body-v3.33-body/measure/armcheck_v333d.json
body-v3.33-body/measure/armcheck_v333f.json,30696badaf6c2411d7db22fd91689d55,327,body-v3.33-body/measure/armcheck_v333f.json
body-v3.33-body/measure/armcheck_v333g.json,6bb910f63496358bdd664b12a3022974,327,body-v3.33-body/measure/armcheck_v333g.json
body-v3.33-body/measure/armcheck_v333h.json,25b83fca8202079efcf07da0f6bb4bce,327,body-v3.33-body/measure/armcheck_v333h.json
body-v3.33-body/measure/cams.json,84c320d7ef2ef558734b015e89255865,1020,body-v3.32-body/measure/cams.json
body-v3.33-body/measure/hb_exact_arm_v332f_v333h.json,889425909ba0b183fae522d4b5f14649,5996,body-v3.33-body/measure/hb_exact_arm_v332f_v333h.json
body-v3.33-body/measure/hb_v331.json,96d67c56fd6d9cd0b14ce5a7b6f5b564,1956,body-v3.32-body/measure/hb_v331.json
body-v3.33-body/measure/hb_v331.log,37abf367e7db2088fbac369284b28c2e,39,body-v3.32-body/measure/hb_v331.log
body-v3.33-body/measure/hb_v332_opt_riser40.json,43590d1aac539164136df2fbefd8c862,717,body-v3.32-body/measure/hb_v332_opt_riser40.json
body-v3.33-body/measure/hb_v332_torso.json,ad701712670036cbd9d97d4979bda378,1962,body-v3.32-body/measure/hb_v332_torso.json
body-v3.33-body/measure/hb_v332_torso.log,37abf367e7db2088fbac369284b28c2e,39,body-v3.32-body/measure/hb_v331.log
body-v3.33-body/measure/hb_v332a.json,ba1ab3fee6d97afbedb585e892d38185,1957,body-v3.32-body/measure/hb_v332a.json
body-v3.33-body/measure/hb_v332a.log,37abf367e7db2088fbac369284b28c2e,39,body-v3.32-body/measure/hb_v331.log
body-v3.33-body/measure/hb_v332all.json,71cff228da1af0a1e85d723a2ddd0495,1959,body-v3.32-body/measure/hb_v332all.json
body-v3.33-body/measure/hb_v333g.json,dc3df39c2e4ce35f10836f6169b8dd9d,2024,body-v3.33-body/measure/hb_v333g.json
body-v3.33-body/measure/hb_v333h.json,67d9af1337c6e535466561a420711ae0,2024,body-v3.33-body/measure/hb_v333h.json
body-v3.33-body/measure/hbpart_v332f.json,213d05bbf08d9c7c9420291b2333ab32,7947,body-v3.33-body/measure/hbpart_v332f.json
body-v3.33-body/measure/hbpart_v333g.json,208de779dbc2cc7032e1b04735f60525,11012,body-v3.33-body/measure/hbpart_v333g.json
body-v3.33-body/measure/hbpart_v333h.json,97012358d323a20a0da9c9e5902a122c,10664,body-v3.33-body/measure/hbpart_v333h.json
body-v3.33-body/measure/hem_compare.json,1ee890e422227350ccc3ad0bdf93da85,585,body-v3.33-body/measure/hem_compare.json
body-v3.33-body/measure/kilt_swing_v331.json,f8bb08be12f8bc472128f5782ac04f08,966,body-v3.32-body/measure/kilt_swing_v331.json
body-v3.33-body/measure/kilt_swing_v331.log,aa7a2c4311d561fd35c8fc941879f3c4,458,body-v3.32-body/measure/kilt_swing_v331.log
body-v3.33-body/measure/kilt_swing_v332.json,5d48ed87dc062e73ac244ff8984bc56f,1049,body-v3.32-body/measure/kilt_swing_v332.json
body-v3.33-body/measure/kilt_swing_v332.log,11a664c054f9d4c8596f15b90246b8d6,477,body-v3.32-body/measure/kilt_swing_v332.log
body-v3.33-body/measure/kilt_swing_v333f.json,012f5325cad3a44bf7126e38d119dc1b,1036,body-v3.33-body/measure/kilt_swing_v333f.json
body-v3.33-body/measure/kilt_swing_v333g.json,012f5325cad3a44bf7126e38d119dc1b,1036,body-v3.33-body/measure/kilt_swing_v333f.json
body-v3.33-body/measure/parts_check_v332.json,ae31ee68f12696711aa7a5d2b3279dcb,8416,body-v3.32-body/measure/parts_check_v332.json
body-v3.33-body/measure/parts_check_v332.log,6266a5d13f065fbd3e9354a6c93e7046,7679,body-v3.32-body/measure/parts_check_v332.log
body-v3.33-body/measure/parts_check_v333a.json,4e9f9a971b7876f25ba211b3546882bc,15042,body-v3.33-body/measure/parts_check_v333a.json
body-v3.33-body/measure/parts_check_v333b.json,2e94c66c959144000c20ec14cce5ac47,16112,body-v3.33-body/measure/parts_check_v333b.json
body-v3.33-body/measure/parts_check_v333c.json,8ca18800286df3b77d99432a26c2db85,16119,body-v3.33-body/measure/parts_check_v333c.json
body-v3.33-body/measure/parts_check_v333d.json,5d8c8ea92ce92fcdedcd044bac47ad2e,16116,body-v3.33-body/measure/parts_check_v333d.json
body-v3.33-body/measure/parts_check_v333f.json,205fc8399628ce084e9d2438706efb5c,14883,body-v3.33-body/measure/parts_check_v333f.json
body-v3.33-body/measure/parts_check_v333g.json,3d30ce4fcbd5c0adacfa4422a85e031d,15020,body-v3.33-body/measure/parts_check_v333g.json
body-v3.33-body/measure/parts_check_v333h.json,6d8d70b8ae24c06bb2e309b905c617b1,15018,body-v3.33-body/measure/parts_check_v333h.json
body-v3.33-body/measure/parts_v331.json,780dfeeb84f51313fd6736b05f8c1913,2608,body-v3.32-body/measure/parts_v331.json
body-v3.33-body/measure/parts_v332_torso.json,780dfeeb84f51313fd6736b05f8c1913,2608,body-v3.32-body/measure/parts_v331.json
body-v3.33-body/measure/parts_v332a.json,ed9c289e61a7fb8e3834b604e34d235f,2606,body-v3.32-body/measure/parts_v332a.json
body-v3.33-body/measure/parts_v332all.json,ee172d91961ec3312b208f06ee5a39a8,2606,body-v3.32-body/measure/parts_v332all.json
body-v3.33-body/measure/parts_v332f.json,50a46e2c946378d9a05980cbce092ea6,2683,body-v3.33-body/measure/parts_v332f.json
body-v3.33-body/measure/parts_v332f_clip.json,50a46e2c946378d9a05980cbce092ea6,2683,body-v3.33-body/measure/parts_v332f.json
body-v3.33-body/measure/parts_v332f_posetmp.json,50a46e2c946378d9a05980cbce092ea6,2683,body-v3.33-body/measure/parts_v332f.json
body-v3.33-body/measure/parts_v333a.json,180c6f7041b5b68393fb5a977a5304d0,2605,body-v3.33-body/measure/parts_v333a.json
body-v3.33-body/measure/parts_v333a_clip.json,3d37d16d7ce9fa1927aad0a49ff73960,2683,body-v3.33-body/measure/parts_v333a_clip.json
body-v3.33-body/measure/parts_v333a_vis.json,09a9132daa78006c7a1abf8c528d32b4,2606,body-v3.33-body/measure/parts_v333a_vis.json
body-v3.33-body/measure/parts_v333b_posetmp.json,fc1af506989a97c331ea731335e57110,2681,body-v3.33-body/measure/parts_v333b_posetmp.json
body-v3.33-body/measure/parts_v333g.json,fa4299aa1657964cba021f05f7f18dc3,2679,body-v3.33-body/measure/parts_v333g.json
body-v3.33-body/measure/parts_v333g_posetmp.json,fa4299aa1657964cba021f05f7f18dc3,2679,body-v3.33-body/measure/parts_v333g.json
body-v3.33-body/measure/parts_v333g_vis.json,cf762886ab70523e3735a8d03c3dfb18,2679,body-v3.33-body/measure/parts_v333g_vis.json
body-v3.33-body/measure/parts_v333g_vis_posetmp.json,cf762886ab70523e3735a8d03c3dfb18,2679,body-v3.33-body/measure/parts_v333g_vis.json
body-v3.33-body/measure/parts_v333h.json,39005123169417c52d2e28e2afebbe51,2681,body-v3.33-body/measure/parts_v333h.json
body-v3.33-body/measure/parts_v333h_posetmp.json,39005123169417c52d2e28e2afebbe51,2681,body-v3.33-body/measure/parts_v333h.json
body-v3.33-body/measure/posed_v332f.json,56feca8a6e571873fb091f83c81ea252,743,body-v3.33-body/measure/posed_v332f.json
body-v3.33-body/measure/posed_v333b.json,cd06343deabd1448f1ba3fbe5b6138ea,743,body-v3.33-body/measure/posed_v333b.json
body-v3.33-body/measure/posed_v333g.json,cd06343deabd1448f1ba3fbe5b6138ea,743,body-v3.33-body/measure/posed_v333b.json
body-v3.33-body/measure/posed_v333g_vis.json,c74a6f95040f12aa026efb5083491bb8,747,body-v3.33-body/measure/posed_v333g_vis.json
body-v3.33-body/measure/posed_v333h.json,6e470e176c0466ea8d6e9a01b7c80b5b,744,body-v3.33-body/measure/posed_v333h.json
body-v3.33-body/measure/wigdiag_v331.json,caaeacc542331dd50ad37d018814048f,1317,body-v3.32-body/measure/wigdiag_v331.json
body-v3.33-body/measure/wigdiag_v332all.json,0e015f559f43efe0365d4999be14270b,1964,body-v3.32-body/measure/wigdiag_v332all.json
body-v3.33-body/measure/wigdiag_v332c.log,0566a91d6585596ac99ab3086b7954cb,564,body-v3.32-body/measure/wigdiag_v332c.log
body-v3.33-body/measure/wigdiag_v333c.json,b290915af603c553030b012ff593a09a,4290,body-v3.33-body/measure/wigdiag_v333c.json
body-v3.33-body/measure/wigdiag_v333f.json,b290915af603c553030b012ff593a09a,4290,body-v3.33-body/measure/wigdiag_v333c.json
body-v3.33-body/measure/wigdiag_v333g.json,b290915af603c553030b012ff593a09a,4290,body-v3.33-body/measure/wigdiag_v333c.json
body-v3.33-body/measure/wigfinal_v333h.json,6476a20c5c6abe0c5a01e9dd49c9f88a,6539,body-v3.33-body/measure/wigfinal_v333h.json
body-v3.33-body/sim/mass_v332.json,186c410db2543c6d15987cd59595a946,2680,body-v3.32-body/sim/mass_v332.json
body-v3.33-body/sim/mass_v332_full.json,186c410db2543c6d15987cd59595a946,2680,body-v3.32-body/sim/mass_v332.json
body-v3.33-body/sim/mass_v333.json,9c14a8e880183c1883ab6276aeee5d5c,4006,body-v3.33-body/sim/mass_v333.json
body-v3.33-body/sim/mass_v333g.json,ff0b84dc64eea892b207a78abe6657f9,4007,body-v3.33-body/sim/mass_v333g.json
body-v3.33-body/sim/refine_v332.log,ad3c0b5c4966a911d37365c13584a59b,547,body-v3.32-body/sim/refine_v332.log
body-v3.33-body/sim/refine_v332_r2.log,cb117b129c25e2486ee54d492bd6ca8b,546,body-v3.32-body/sim/refine_v332_r2.log
body-v3.33-body/sim/refine_v333.log,48491896c6432f02fdcb5302d0d53377,551,body-v3.33-body/sim/refine_v333.log
body-v3.33-body/sim/refine_v333_eff.log,95d9a4fd08e6d70eef37e95bf83bd568,548,body-v3.33-body/sim/refine_v333_eff.log
body-v3.33-body/sim/results_v3.json,32c6c62288c58bdd5a361a273ae6074a,9068,body-v3.33-body/sim/results_v3.json
body-v3.33-body/sim/results_v3_base.json,69c96c617518c0ab1bea96d3fc2b81b7,9054,body-v3.30/simC/results_v3.json
body-v3.33-body/sim/results_v3_opt_neck40.json,6f37686368a7db1301ddd39b3bd64587,9073,body-v3.32-body/sim/results_v3_opt_neck40.json
body-v3.33-body/sim/results_v3_opt_neck40_leg40.json,f24fff0d8d641d4c0e7b33a1c7405e2d,9053,body-v3.32-body/sim/results_v3_opt_neck40_leg40.json
body-v3.33-body/sim/results_v3_opt_neck40_leg40b.json,550147881706d365949c83f2bdbd2bb9,9046,body-v3.32-body/sim/results_v3.json
body-v3.33-body/sim/results_v3_v332.json,2ff1d467b067fe37727ef5cf3c931e04,9080,body-v3.32-body/sim/results_v3_v332.json
body-v3.33-body/sim/results_v3_v332_r2.json,2ff1d467b067fe37727ef5cf3c931e04,9080,body-v3.32-body/sim/results_v3_v332.json
body-v3.33-body/sim/results_v3_v333.json,afcffb82f929e829712341502d06f292,9067,body-v3.33-body/sim/results_v3_v333.json
body-v3.33-body/sim/results_v3_v333_r1.json,afcffb82f929e829712341502d06f292,9067,body-v3.33-body/sim/results_v3_v333.json
body-v3.33-body/sim/results_v3_v333_r2.json,32c6c62288c58bdd5a361a273ae6074a,9068,body-v3.33-body/sim/results_v3.json
body-v3.33-body/sim/rt_base.log,14311ae8d6a38b71c41ec50b74807f1c,4090,body-v3.30/simC/rtR2_0.045.log
body-v3.33-body/sim/rt_opt_neck40.log,6b4f8e4aebea1d3584135ba3e47dcdfb,4164,body-v3.32-body/sim/rt_opt_neck40.log
body-v3.33-body/sim/rt_opt_neck40_leg40.log,9d6c1b8af4fe89e3585741982585f4ee,4158,body-v3.32-body/sim/rt_opt_neck40_leg40.log
body-v3.33-body/sim/rt_opt_neck40_leg40b.log,80a01840663979828349bfb40faac6ec,4279,body-v3.32-body/sim/rt_opt_neck40_leg40b.log
body-v3.33-body/sim/rt_v332.log,792e68062b6c0ab920d38354ccd046e3,4234,body-v3.32-body/sim/rt_v332.log
body-v3.33-body/sim/rt_v332_r2.log,792e68062b6c0ab920d38354ccd046e3,4234,body-v3.32-body/sim/rt_v332.log
body-v3.33-body/sim/rt_v333.log,83a01d0f75c2477975597c97adcccf16,4166,body-v3.33-body/sim/rt_v333.log
body-v3.33-body/sim/rt_v333_r1.log,83a01d0f75c2477975597c97adcccf16,4166,body-v3.33-body/sim/rt_v333.log
body-v3.33-body/sim/rt_v333_r2.log,f197168faf9ce3b840c1d08f127aef54,4166,body-v3.33-body/sim/rt_v333_r2.log
body-v3.33-body/sim/sim_summary.txt,c86e93d996bbe3b403cb65d88fb78e51,1529,body-v3.33-body/sim/sim_summary.txt
body-v3.33-body/sim/walk_refine_eff_v32.json,3510149da937b8626c0fb460c45cad4a,157,body-v3.33-body/sim/walk_refine_eff_v32.json
body-v3.33-body/sim/walk_refine_eff_v333.json,3510149da937b8626c0fb460c45cad4a,157,body-v3.33-body/sim/walk_refine_eff_v32.json
body-v3.33-body/sim/walk_refine_v32.json,dd31420636e230dabb6192c40e53921c,157,body-v3.33-body/sim/walk_refine_v32.json
body-v3.33-body/sim/walk_refine_v332r1.json,ef973aa26b2a0ab7e8c6189fab0a9d58,158,body-v3.32-body/sim/walk_refine_v332r1.json
body-v3.33-body/sim/walk_refine_v332r2.json,68923c1d1415ef47d3b80ccd1bf86e68,157,body-v3.32-body/sim/walk_refine_v32.json
body-v3.33-body/sim/walk_refine_v333.json,dd31420636e230dabb6192c40e53921c,157,body-v3.33-body/sim/walk_refine_v32.json
body-v3.33-body/sim/walk_v3.json,0bd4a64907d2d04ff09c27214ba2bba0,3035,body-v3.33-body/sim/walk_v3.json
body-v3.33-body/sim/walk_v3_base.json,bc2aae7300dc6371915b945096a57e98,3033,body-v3.30/simC/walkR2_v3.json
body-v3.33-body/sim/walk_v3_eff.json,20d8c5236b0f4d4d8daafc26e6cf4202,3041,body-v3.33-body/sim/walk_v3_eff.json
body-v3.33-body/sim/walk_v3_eff_base.json,4678f89adad4dcd7d8a47bb63b9e4623,3040,body-v3.32-body/sim/walk_v3_eff_base.json
body-v3.33-body/sim/walk_v3_eff_opt_neck40.json,27c41396ab5872d9cae924eeea762929,3040,body-v3.32-body/sim/walk_v3_eff_opt_neck40.json
body-v3.33-body/sim/walk_v3_eff_opt_neck40_leg40.json,8725038ecd644f3ad0ff362f3c3a8847,3042,body-v3.32-body/sim/walk_v3_eff_opt_neck40_leg40.json
body-v3.33-body/sim/walk_v3_eff_opt_neck40_leg40b.json,811be1bee0fd2fa033fd956d1ca83a01,3040,body-v3.32-body/sim/walk_v3_eff.json
body-v3.33-body/sim/walk_v3_eff_v332.json,93a51d4ed1b7d3db8abac8eebf0f9154,3046,body-v3.32-body/sim/walk_v3_eff_v332.json
body-v3.33-body/sim/walk_v3_eff_v332_r2.json,93a51d4ed1b7d3db8abac8eebf0f9154,3046,body-v3.32-body/sim/walk_v3_eff_v332.json
body-v3.33-body/sim/walk_v3_eff_v333.json,f94af75686b572a00aa89b3f12685112,3039,body-v3.33-body/sim/walk_v3_eff_v333.json
body-v3.33-body/sim/walk_v3_eff_v333_r1.json,616217b2852328947ef5ff0f05357ad7,3039,body-v3.33-body/sim/walk_v3_eff_v333_r1.json
body-v3.33-body/sim/walk_v3_eff_v333_r2.json,20d8c5236b0f4d4d8daafc26e6cf4202,3041,body-v3.33-body/sim/walk_v3_eff.json
body-v3.33-body/sim/walk_v3_opt_neck40.json,95dbde545907a294264c492dc19c6202,3039,body-v3.32-body/sim/walk_v3_opt_neck40.json
body-v3.33-body/sim/walk_v3_opt_neck40_leg40.json,69a62f650f6249368b7ce77a10842e74,3039,body-v3.32-body/sim/walk_v3_opt_neck40_leg40.json
body-v3.33-body/sim/walk_v3_opt_neck40_leg40b.json,0016d6f866380a9199e0ba2ee92c49cb,3035,body-v3.32-body/sim/walk_v3.json
body-v3.33-body/sim/walk_v3_s_armonly.json,fded72b9dba4ca3a121ebfcbbf108aa0,3037,body-v3.32-body/sim/walk_v3_s_armonly.json
body-v3.33-body/sim/walk_v3_s_noarm.json,be6af25764de52ccb68db0cf37154c6f,3033,body-v3.32-body/sim/walk_v3_s_noarm.json
body-v3.33-body/sim/walk_v3_v332.json,7e90bb1a184bd68bf4f0fe7ecb1129c2,3036,body-v3.32-body/sim/walk_v3_v332.json
body-v3.33-body/sim/walk_v3_v332_r2.json,a84bca2089922abb86e0f2a2e06622cf,3035,body-v3.32-body/sim/walk_v3_v332_r2.json
body-v3.33-body/sim/walk_v3_v333.json,e4e96878bb57913019eb05decbf272b6,3032,body-v3.33-body/sim/walk_v3_v333.json
body-v3.33-body/sim/walk_v3_v333_r1.json,ca8d590da432948a8aafec5336226857,3036,body-v3.33-body/sim/walk_v3_v333_r1.json
body-v3.33-body/sim/walk_v3_v333_r2.json,0bd4a64907d2d04ff09c27214ba2bba0,3035,body-v3.33-body/sim/walk_v3.json
body-v3.33-body/sim/we_base.log,aee99c8a5055d04cd79f47a3c96710f9,126,body-v3.30/simC/weR2.log
body-v3.33-body/sim/we_opt_neck40.log,c92e3aa2e372e1c9acff728f45b75ad8,126,body-v3.32-body/sim/we_opt_neck40.log
body-v3.33-body/sim/we_opt_neck40_leg40.log,dec39970c39c7b0664f86cc9c9500673,124,body-v3.32-body/sim/we_opt_neck40_leg40.log
body-v3.33-body/sim/we_opt_neck40_leg40b.log,36818e22c87439e98279ea2cb0f7ab88,125,body-v3.32-body/sim/we_opt_neck40_leg40b.log
body-v3.33-body/sim/we_s_armonly.log,b7ddef5454ad87dce78f4305ca161b3c,125,body-v3.32-body/sim/we_s_armonly.log
body-v3.33-body/sim/we_s_noarm.log,3fd17104c6341c1aacaa358a20ec90dc,126,body-v3.32-body/sim/we_s_noarm.log
body-v3.33-body/sim/we_v332.log,eca10a3c8b408dc304022a7cbabee7d8,125,body-v3.32-body/sim/we_v332.log
body-v3.33-body/sim/we_v332_r2.log,05225f10c9ebdb9006c9651ecd1af751,123,body-v3.32-body/sim/we_v332_r2.log
body-v3.33-body/sim/we_v333.log,e174bd16a06e6d98594b8197045bda76,125,body-v3.33-body/sim/we_v333.log
body-v3.33-body/sim/we_v333_r1.log,834f319540b4d508e74f355f3d394f9d,124,body-v3.33-body/sim/we_v333_r1.log
body-v3.33-body/sim/we_v333_r2.log,7f0e3d02412885026aa5186e08d0a44b,125,body-v3.33-body/sim/we_v333_r2.log
body-v3.33-body/sim/wee_base.log,55365e4a79df2fbea13355a8587c20cc,129,body-v3.30/simC/weeR2.log
body-v3.33-body/sim/wee_opt_neck40.log,918594ec5409b75e2ab6ac0d7f68774e,130,body-v3.32-body/sim/wee_opt_neck40.log
body-v3.33-body/sim/wee_opt_neck40_leg40.log,e5b66d6b447b53a8b674b0d74b7a1ff2,127,body-v3.32-body/sim/wee_opt_neck40_leg40.log
body-v3.33-body/sim/wee_opt_neck40_leg40b.log,63e3a364a5717ad68c4602aa8aabdbd9,129,body-v3.32-body/sim/wee_opt_neck40_leg40b.log
body-v3.33-body/sim/wee_v332.log,5de7bc3dde7d735a185b8d51d83caab3,129,body-v3.32-body/sim/wee_v332.log
body-v3.33-body/sim/wee_v332_r2.log,5de7bc3dde7d735a185b8d51d83caab3,129,body-v3.32-body/sim/wee_v332.log
body-v3.33-body/sim/wee_v333.log,bf4645e2e237b442df1422f030d5f76a,127,body-v3.33-body/sim/wee_v333.log
body-v3.33-body/sim/wee_v333_r1.log,99c25280bd45b758ad0af9586507ae01,129,body-v3.33-body/sim/wee_v333_r1.log
body-v3.33-body/sim/wee_v333_r2.log,2055944ce0ebd3bb601edd187937c8da,129,body-v3.33-body/sim/wee_v333_r2.log
body-v3.34-body/STATUS.md,56ca3f46a7f519a3cd93e2fed9c79945,9740,body-v3.34-body/STATUS.md
body-v3.34-body/measure/armcheck_v331.json,58cf2d781cb3d607c967846c152c7f51,324,body-v3.32-body/measure/armcheck_v331.json
body-v3.34-body/measure/armcheck_v332_torso.json,76cda1c3b763d70595a9f5f0197a931a,330,body-v3.32-body/measure/armcheck_v332_torso.json
body-v3.34-body/measure/armcheck_v332a.json,b851e1c9b4b0d3f9ad83132d24f8456f,327,body-v3.32-body/measure/armcheck_v332a.json
body-v3.34-body/measure/armcheck_v332all.json,d953522ec81b91b6f07a2395db5f1cce,327,body-v3.32-body/measure/armcheck_v332all.json
body-v3.34-body/measure/armcheck_v332b.json,fa9d591aa148edb20143486a550d6799,327,body-v3.32-body/measure/armcheck_v332b.json
body-v3.34-body/measure/armcheck_v332c.json,71304526af3324002720d8f944f14503,325,body-v3.32-body/measure/armcheck_v332c.json
body-v3.34-body/measure/armcheck_v333b.json,67a571004ea7bf49d4ff71ce77068de7,327,body-v3.33-body/measure/armcheck_v333b.json
body-v3.34-body/measure/armcheck_v333c.json,a89bf6aced5dbc1bf871c839d31f1c56,327,body-v3.33-body/measure/armcheck_v333c.json
body-v3.34-body/measure/armcheck_v333d.json,7ba063ef13eda50b4b1c7c61ea81488b,327,body-v3.33-body/measure/armcheck_v333d.json
body-v3.34-body/measure/armcheck_v333f.json,30696badaf6c2411d7db22fd91689d55,327,body-v3.33-body/measure/armcheck_v333f.json
body-v3.34-body/measure/armcheck_v333g.json,6bb910f63496358bdd664b12a3022974,327,body-v3.33-body/measure/armcheck_v333g.json
body-v3.34-body/measure/armcheck_v333h.json,25b83fca8202079efcf07da0f6bb4bce,327,body-v3.33-body/measure/armcheck_v333h.json
body-v3.34-body/measure/armcheck_v334a.json,adb196e835eed8df2e63b085e1a359e4,327,body-v3.34-body/measure/armcheck_v334a.json
body-v3.34-body/measure/cams.json,84c320d7ef2ef558734b015e89255865,1020,body-v3.32-body/measure/cams.json
body-v3.34-body/measure/hb_exact_arm_v332f_v333h.json,889425909ba0b183fae522d4b5f14649,5996,body-v3.33-body/measure/hb_exact_arm_v332f_v333h.json
body-v3.34-body/measure/hb_exact_arm_v333h_v334a.json,d9f98f073cd82fbd827e88ec4e72395d,6062,body-v3.34-body/measure/hb_exact_arm_v333h_v334a.json
body-v3.34-body/measure/hb_v331.json,96d67c56fd6d9cd0b14ce5a7b6f5b564,1956,body-v3.32-body/measure/hb_v331.json
body-v3.34-body/measure/hb_v332_opt_riser40.json,43590d1aac539164136df2fbefd8c862,717,body-v3.32-body/measure/hb_v332_opt_riser40.json
body-v3.34-body/measure/hb_v332_torso.json,ad701712670036cbd9d97d4979bda378,1962,body-v3.32-body/measure/hb_v332_torso.json
body-v3.34-body/measure/hb_v332a.json,ba1ab3fee6d97afbedb585e892d38185,1957,body-v3.32-body/measure/hb_v332a.json
body-v3.34-body/measure/hb_v332all.json,71cff228da1af0a1e85d723a2ddd0495,1959,body-v3.32-body/measure/hb_v332all.json
body-v3.34-body/measure/hb_v333g.json,dc3df39c2e4ce35f10836f6169b8dd9d,2024,body-v3.33-body/measure/hb_v333g.json
body-v3.34-body/measure/hb_v333h.json,67d9af1337c6e535466561a420711ae0,2024,body-v3.33-body/measure/hb_v333h.json
body-v3.34-body/measure/hb_v334a.json,06c6c62f2a9cbbfb83af7b27059682fe,2024,body-v3.34-body/measure/hb_v334a.json
body-v3.34-body/measure/hbpart_v332f.json,213d05bbf08d9c7c9420291b2333ab32,7947,body-v3.33-body/measure/hbpart_v332f.json
body-v3.34-body/measure/hbpart_v333g.json,208de779dbc2cc7032e1b04735f60525,11012,body-v3.33-body/measure/hbpart_v333g.json
body-v3.34-body/measure/hbpart_v333h.json,97012358d323a20a0da9c9e5902a122c,10664,body-v3.33-body/measure/hbpart_v333h.json
body-v3.34-body/measure/hem_compare.json,f18c64d2fe1f1af880d4e3042654e59a,568,body-v3.34-body/measure/hem_compare.json
body-v3.34-body/measure/kilt_swing_v331.json,f8bb08be12f8bc472128f5782ac04f08,966,body-v3.32-body/measure/kilt_swing_v331.json
body-v3.34-body/measure/kilt_swing_v332.json,5d48ed87dc062e73ac244ff8984bc56f,1049,body-v3.32-body/measure/kilt_swing_v332.json
body-v3.34-body/measure/kilt_swing_v333f.json,012f5325cad3a44bf7126e38d119dc1b,1036,body-v3.33-body/measure/kilt_swing_v333f.json
body-v3.34-body/measure/kilt_swing_v333g.json,012f5325cad3a44bf7126e38d119dc1b,1036,body-v3.33-body/measure/kilt_swing_v333f.json
body-v3.34-body/measure/kilt_swing_v333h_fast.json,16bcc5d272c52b4bed1e97ec05734709,4589,body-v3.34-body/measure/kilt_swing_v333h_fast.json
body-v3.34-body/measure/kilt_swing_v334a.json,b67095f4049f6cd0703decd7e0d6244d,1119,body-v3.34-body/measure/kilt_swing_v334a.json
body-v3.34-body/measure/kilt_swing_v334b.json,f91d36ce090e98271048dc9b381cd5ff,967,body-v3.34-body/measure/kilt_swing_v334b.json
body-v3.34-body/measure/kilt_swing_v334b_fast.json,f95ea949e53b601462b6edc942217598,4766,body-v3.34-body/measure/kilt_swing_v334b_fast.json
body-v3.34-body/measure/kilt_swing_v334b_r1.json,9c9e8f6aec5694345ab47ae794f6538e,4769,body-v3.34-body/measure/kilt_swing_v334b_r1.json
body-v3.34-body/measure/kilt_swing_v334c_fast.json,f6096a05d882097ae1efd1c691bf3d63,5237,body-v3.34-body/measure/kilt_swing_v334c_fast.json
body-v3.34-body/measure/parts_check_v332.json,ae31ee68f12696711aa7a5d2b3279dcb,8416,body-v3.32-body/measure/parts_check_v332.json
body-v3.34-body/measure/parts_check_v333a.json,4e9f9a971b7876f25ba211b3546882bc,15042,body-v3.33-body/measure/parts_check_v333a.json
body-v3.34-body/measure/parts_check_v333b.json,2e94c66c959144000c20ec14cce5ac47,16112,body-v3.33-body/measure/parts_check_v333b.json
body-v3.34-body/measure/parts_check_v333c.json,8ca18800286df3b77d99432a26c2db85,16119,body-v3.33-body/measure/parts_check_v333c.json
body-v3.34-body/measure/parts_check_v333d.json,5d8c8ea92ce92fcdedcd044bac47ad2e,16116,body-v3.33-body/measure/parts_check_v333d.json
body-v3.34-body/measure/parts_check_v333f.json,205fc8399628ce084e9d2438706efb5c,14883,body-v3.33-body/measure/parts_check_v333f.json
body-v3.34-body/measure/parts_check_v333g.json,3d30ce4fcbd5c0adacfa4422a85e031d,15020,body-v3.33-body/measure/parts_check_v333g.json
body-v3.34-body/measure/parts_check_v333h.json,6d8d70b8ae24c06bb2e309b905c617b1,15018,body-v3.33-body/measure/parts_check_v333h.json
body-v3.34-body/measure/parts_check_v334a.json,ed95b694c0819264f657733203ccc157,14109,body-v3.34-body/measure/parts_check_v334a.json
body-v3.34-body/measure/parts_v331.json,780dfeeb84f51313fd6736b05f8c1913,2608,body-v3.32-body/measure/parts_v331.json
body-v3.34-body/measure/parts_v332_torso.json,780dfeeb84f51313fd6736b05f8c1913,2608,body-v3.32-body/measure/parts_v331.json
body-v3.34-body/measure/parts_v332a.json,ed9c289e61a7fb8e3834b604e34d235f,2606,body-v3.32-body/measure/parts_v332a.json
body-v3.34-body/measure/parts_v332all.json,ee172d91961ec3312b208f06ee5a39a8,2606,body-v3.32-body/measure/parts_v332all.json
body-v3.34-body/measure/parts_v332f.json,50a46e2c946378d9a05980cbce092ea6,2683,body-v3.33-body/measure/parts_v332f.json
body-v3.34-body/measure/parts_v332f_clip.json,50a46e2c946378d9a05980cbce092ea6,2683,body-v3.33-body/measure/parts_v332f.json
body-v3.34-body/measure/parts_v332f_posetmp.json,50a46e2c946378d9a05980cbce092ea6,2683,body-v3.33-body/measure/parts_v332f.json
body-v3.34-body/measure/parts_v333a.json,180c6f7041b5b68393fb5a977a5304d0,2605,body-v3.33-body/measure/parts_v333a.json
body-v3.34-body/measure/parts_v333a_clip.json,3d37d16d7ce9fa1927aad0a49ff73960,2683,body-v3.33-body/measure/parts_v333a_clip.json
body-v3.34-body/measure/parts_v333a_vis.json,09a9132daa78006c7a1abf8c528d32b4,2606,body-v3.33-body/measure/parts_v333a_vis.json
body-v3.34-body/measure/parts_v333b_posetmp.json,fc1af506989a97c331ea731335e57110,2681,body-v3.33-body/measure/parts_v333b_posetmp.json
body-v3.34-body/measure/parts_v333g.json,fa4299aa1657964cba021f05f7f18dc3,2679,body-v3.33-body/measure/parts_v333g.json
body-v3.34-body/measure/parts_v333g_posetmp.json,fa4299aa1657964cba021f05f7f18dc3,2679,body-v3.33-body/measure/parts_v333g.json
body-v3.34-body/measure/parts_v333g_vis.json,cf762886ab70523e3735a8d03c3dfb18,2679,body-v3.33-body/measure/parts_v333g_vis.json
body-v3.34-body/measure/parts_v333g_vis_posetmp.json,cf762886ab70523e3735a8d03c3dfb18,2679,body-v3.33-body/measure/parts_v333g_vis.json
body-v3.34-body/measure/parts_v333h.json,2a1aa343fadbe3766b322f9498a89b85,2681,body-v3.34-body/measure/parts_v333h.json
body-v3.34-body/measure/parts_v333h_posetmp.json,39005123169417c52d2e28e2afebbe51,2681,body-v3.33-body/measure/parts_v333h.json
body-v3.34-body/measure/parts_v333x_posetmp.json,2a1aa343fadbe3766b322f9498a89b85,2681,body-v3.34-body/measure/parts_v333h.json
body-v3.34-body/measure/parts_v334b.json,7d4a6780fc0f80c7e187d86d0b279703,2682,body-v3.34-body/measure/parts_v334b.json
body-v3.34-body/measure/parts_v334b_posetmp.json,7d4a6780fc0f80c7e187d86d0b279703,2682,body-v3.34-body/measure/parts_v334b.json
body-v3.34-body/measure/posed_v332f.json,56feca8a6e571873fb091f83c81ea252,743,body-v3.33-body/measure/posed_v332f.json
body-v3.34-body/measure/posed_v333b.json,cd06343deabd1448f1ba3fbe5b6138ea,743,body-v3.33-body/measure/posed_v333b.json
body-v3.34-body/measure/posed_v333g.json,cd06343deabd1448f1ba3fbe5b6138ea,743,body-v3.33-body/measure/posed_v333b.json
body-v3.34-body/measure/posed_v333g_vis.json,c74a6f95040f12aa026efb5083491bb8,747,body-v3.33-body/measure/posed_v333g_vis.json
body-v3.34-body/measure/posed_v333h.json,6e470e176c0466ea8d6e9a01b7c80b5b,744,body-v3.33-body/measure/posed_v333h.json
body-v3.34-body/measure/posed_v333x.json,6e470e176c0466ea8d6e9a01b7c80b5b,744,body-v3.33-body/measure/posed_v333h.json
body-v3.34-body/measure/posed_v334b.json,4af44aae8667970d23ecba5281e77372,746,body-v3.34-body/measure/posed_v334b.json
body-v3.34-body/measure/wigdiag_v331.json,caaeacc542331dd50ad37d018814048f,1317,body-v3.32-body/measure/wigdiag_v331.json
body-v3.34-body/measure/wigdiag_v332all.json,0e015f559f43efe0365d4999be14270b,1964,body-v3.32-body/measure/wigdiag_v332all.json
body-v3.34-body/measure/wigdiag_v333c.json,b290915af603c553030b012ff593a09a,4290,body-v3.33-body/measure/wigdiag_v333c.json
body-v3.34-body/measure/wigdiag_v333f.json,b290915af603c553030b012ff593a09a,4290,body-v3.33-body/measure/wigdiag_v333c.json
body-v3.34-body/measure/wigdiag_v333g.json,b290915af603c553030b012ff593a09a,4290,body-v3.33-body/measure/wigdiag_v333c.json
body-v3.34-body/measure/wigfinal_v333h.json,6476a20c5c6abe0c5a01e9dd49c9f88a,6539,body-v3.33-body/measure/wigfinal_v333h.json
body-v3.34-body/measure/wigfinal_v333h_rigid_30.json,16c00b7e6afa76971e7b6399ad1de717,6013,body-v3.34-body/measure/wigfinal_v333h_rigid_30.json
body-v3.34-body/measure/wigfinal_v333h_rigid_50.json,f0840fb355a27bdd6f6b844fe0a54bac,5745,body-v3.34-body/measure/wigfinal_v333h_rigid_50.json
body-v3.34-body/measure/wigfinal_v333h_t_only_50.json,ad2da7347d6be773ccce6ff2e20695ee,5923,body-v3.34-body/measure/wigfinal_v333h_t_only_50.json
body-v3.34-body/measure/wigfinal_v334a_rigid_30.json,765566223380ac6a5daa44a660116724,6373,body-v3.34-body/measure/wigfinal_v334a_rigid_30.json
body-v3.34-body/measure/wigfinal_v334a_rigid_50.json,33f78c531d5086053be5aa3455cbc986,6105,body-v3.34-body/measure/wigfinal_v334a_rigid_50.json
body-v3.34-body/measure/wigfinal_v334a_t_only_50.json,2b694a8f68be6b3bc7e1a1cdae476258,6283,body-v3.34-body/measure/wigfinal_v334a_t_only_50.json
body-v3.34-body/sim/mass_v333.json,9c14a8e880183c1883ab6276aeee5d5c,4006,body-v3.33-body/sim/mass_v333.json
body-v3.34-body/sim/mass_v333g.json,ff0b84dc64eea892b207a78abe6657f9,4007,body-v3.33-body/sim/mass_v333g.json
body-v3.34-body/sim/mass_v334.json,3d7c64c0c602dd06e967254a951dbd71,4006,body-v3.34-body/sim/mass_v334.json
body-v3.34-body/sim/results_v3.json,177a2a8aac61402ead43f789a5739612,9105,body-v3.34-body/sim/results_v3.json
body-v3.34-body/sim/results_v3_v334_r1.json,177a2a8aac61402ead43f789a5739612,9105,body-v3.34-body/sim/results_v3.json
body-v3.34-body/sim/results_v3_v334_r2.json,177a2a8aac61402ead43f789a5739612,9105,body-v3.34-body/sim/results_v3.json
body-v3.34-body/sim/rt_v334_r1.log,fc34bb5d47fece1e4afbaaf18355cd41,4200,body-v3.34-body/sim/rt_v334_r1.log
body-v3.34-body/sim/rt_v334_r2.log,fc34bb5d47fece1e4afbaaf18355cd41,4200,body-v3.34-body/sim/rt_v334_r1.log
body-v3.34-body/sim/sim_summary.txt,0a1ccefe94da58d1906c20f8a69ea9d9,613,body-v3.34-body/sim/sim_summary.txt
body-v3.34-body/sim/walk_refine_eff_v333.json,3510149da937b8626c0fb460c45cad4a,157,body-v3.33-body/sim/walk_refine_eff_v32.json
body-v3.34-body/sim/walk_refine_v32.json,321bc284e005f4828e87346dcaacb5c7,156,body-v3.34-body/sim/walk_refine_v32.json
body-v3.34-body/sim/walk_refine_v333.json,dd31420636e230dabb6192c40e53921c,157,body-v3.33-body/sim/walk_refine_v32.json
body-v3.34-body/sim/walk_refine_v334.json,6c9fe7199c98cbc767c3d52e767edf26,156,body-v3.34-body/sim/walk_refine_v334.json
body-v3.34-body/sim/walk_refine_v334s34.json,d5a4f7069f498e68ab9c9c04368e75bc,155,body-v3.34-body/sim/walk_refine_v334s34.json
body-v3.34-body/sim/walk_refine_v334s35.json,6c9fe7199c98cbc767c3d52e767edf26,156,body-v3.34-body/sim/walk_refine_v334.json
body-v3.34-body/sim/walk_refine_v334s36.json,321bc284e005f4828e87346dcaacb5c7,156,body-v3.34-body/sim/walk_refine_v32.json
body-v3.34-body/sim/walk_v3.json,d01b015e15a5ee70c04a25586ffc78f4,3027,body-v3.34-body/sim/walk_v3.json
body-v3.34-body/sim/walk_v3_eff.json,7f63934f1dd0072e75c8ad0b3ccaa257,3041,body-v3.34-body/sim/walk_v3_eff.json
body-v3.34-body/sim/walk_v3_eff_v334_r1.json,7f63934f1dd0072e75c8ad0b3ccaa257,3041,body-v3.34-body/sim/walk_v3_eff.json
body-v3.34-body/sim/walk_v3_eff_v334_r2.json,7f63934f1dd0072e75c8ad0b3ccaa257,3041,body-v3.34-body/sim/walk_v3_eff.json
body-v3.34-body/sim/walk_v3_v334_r1.json,e8f26cb9a08c7f7eebf6b97fe54c5e85,3033,body-v3.34-body/sim/walk_v3_v334_r1.json
body-v3.34-body/sim/walk_v3_v334_r2.json,d01b015e15a5ee70c04a25586ffc78f4,3027,body-v3.34-body/sim/walk_v3.json
body-v3.34-body/sim/we_v334_r1.log,2dce7cb1a104f6fe4da21a35ab6fec74,126,body-v3.34-body/sim/we_v334_r1.log
body-v3.34-body/sim/we_v334_r2.log,61e31134d149b1ab8a11f11827bc6b8b,126,body-v3.34-body/sim/we_v334_r2.log
body-v3.34-body/sim/wee_v334_r1.log,6b390cae5d8f7aaa5216899802fc9af2,129,body-v3.34-body/sim/wee_v334_r1.log
body-v3.34-body/sim/wee_v334_r2.log,6b390cae5d8f7aaa5216899802fc9af2,129,body-v3.34-body/sim/wee_v334_r1.log
body-v3.4/README.md,b512057a38e8cd7dd3ee07219c058e51,2623,body-v3.10/README_v34.md
body-v3.4/README_v3.md,d5dfb182350ce2de808eda08cc549acc,8398,body-v3/README.md
body-v3.4/README_v31.md,62cf5740b1281b505a1e2bb98d536030,8478,body-v3.1/README.md
body-v3.4/README_v32.md,36d5079dfd7d10c4ca271706c936cf5a,12057,body-v3.10/README_v32.md
body-v3.4/README_v33.md,6752bb01dae32e530a285e330f4d5770,5164,body-v3.10/README_v33.md
body-v3.4/build_report.json,fd04510582ebf49f87702fe65a50e49a,17070,body-v3.4/build_report.json
body-v3.4/collide_report.json,445e263f3634be210877e0786880fa0b,23246,body-v3.4/collide_report.json
body-v3.4/collide_v31_rule_check.json,2cfb89f60ed078067a5b0d563369f90c,129,body-v3.1/collide_v31_rule_check.json
body-v3.4/collide_v32_rule_check.json,005b67a629f7dd1569344a87c0e8df7b,164,body-v3.10/collide_v32_rule_check.json
body-v3.4/head_print_report.json,79f615cf398723aa2801b3336ef39415,6972,body-v3.10/head_print_report.json
body-v3.4/print_sheet_head.md,ac0500e69043b84dbd57f7204b995982,3511,body-v3.10/print_sheet_head.md
body-v3.4/servo_choice.md,316473d63f90ad6a5649462db90ee4c3,7062,body-v3.1/servo_choice.md
body-v3.4/torso_env_v34.json,d673e721ffa75aebb53a73a6b368f96d,36305,body-v3.4/torso_env_v34.json
body-v3.4/measure/photo_measure.json,5832cf5aab493edae31cd598e050fc53,2746,body-v3/measure/photo_measure.json
body-v3.4/measure/targets.json,7b665a9c4ecd33771be6d5312f1cfcdb,5282,body-v3/measure/targets.json
body-v3.4/measure/v31_measure.json,7770567faa6c6ee5ce5e18b1da51c474,1121,body-v3.1/measure/v31_measure.json
body-v3.4/measure/v32_measure.json,852640a3181a17ea81aee224e86ac5f7,979,body-v3.10/measure/v32_measure.json
body-v3.4/measure/v32_neck_scale.json,14486360543aa63b349b95440d1f1729,914,body-v3.10/measure/v32_neck_scale.json
body-v3.4/measure/v33_head_size.json,fc2bb9834c1e56d00aff074751409e63,968,body-v3.10/measure/v33_head_size.json
body-v3.4/measure/v33_head_size_overlay.json,f59662c96f18842e63e50af4d4cb1315,567,body-v3.10/measure/v33_head_size_overlay.json
body-v3.4/measure/v33_neck_scale.json,e40e7e3d179e145a736191fd39b80f52,368,body-v3.10/measure/v33_neck_scale.json
body-v3.4/sim/README.md,5a2184fcce272380e8a22600e08816c1,13351,body-v3.10/sim/README.md
body-v3.4/sim/arm_heat_v2.json,bc311c1775b81c9405219b9bbff5ec13,4223,body-v3/sim/arm_heat_v2.json
body-v3.4/sim/arm_heat_v3.json,07b5df779e4043a927a2b4d6fb21639a,4222,body-v3.10/sim/arm_heat_v3.json
body-v3.4/sim/compare_stock_v2_v3.json,0ed3b329d48797a6244eeffa2d5fde08,3805,body-v3/sim/compare_stock_v2_v3.json
body-v3.4/sim/compare_stock_v2_v3.md,895225c90e71fdfa98f1516ec893a8b1,2949,body-v3/sim/compare_stock_v2_v3.md
body-v3.4/sim/compare_v31_v32.json,c51ae2424f05c1ab5562ee15e9b2965f,3254,body-v3.10/sim/compare_v31_v32.json
body-v3.4/sim/compare_v31_v32.md,644ebfad4fb06dc032148c27094bee2c,1939,body-v3.10/sim/compare_v31_v32.md
body-v3.4/sim/compare_v32_v33.json,a6b9c313414ce0741dcde7c80ce064a7,3255,body-v3.10/sim/compare_v32_v33.json
body-v3.4/sim/compare_v32_v33.md,de11b2bed04349fe3059fe2af1f01f8d,1861,body-v3.10/sim/compare_v32_v33.md
body-v3.4/sim/compare_v33_v34.json,9970e48ff8444752844c36261fdbc8a7,3255,body-v3.10/sim/compare_v33_v34.json
body-v3.4/sim/compare_v33_v34.md,1bee2d057cf0af55e9285ae39642e0d4,1861,body-v3.10/sim/compare_v33_v34.md
body-v3.4/sim/compare_v3_v31.json,7e29f9219c9b23c6c5982ab3a1a89db3,2829,body-v3.1/sim/compare_v3_v31.json
body-v3.4/sim/compare_v3_v31.md,175081c021dce15c7e987872af0ac43f,1611,body-v3.1/sim/compare_v3_v31.md
body-v3.4/sim/mass_report_v3.json,c284eec096b838eedd82a5ce39a7577e,12901,body-v3.4/sim/mass_report_v3.json
body-v3.4/sim/plot_compare.png,2457a623d2f320f37f590b6d2c9af28b,58887,body-v3/sim/plot_compare.png
body-v3.4/sim/results_v3.json,daa3ef05a96a0d46bbace841296e31c6,8020,body-v3.10/sim/v34_ref/results_v3.json
body-v3.4/sim/v31_head_arms_v3.mp4,48a7d3e494eb7931d9cf1ae21757dc2d,158269,body-v3.1/sim/v31_head_arms_v3.mp4
body-v3.4/sim/v31_push_recovery_v3.mp4,3ab9571e7c6a56d8814a84cbb6aa1c72,381814,body-v3.1/sim/v31_push_recovery_v3.mp4
body-v3.4/sim/v31_walk_v3.mp4,f8b129b2c60318bb3e51ceb73bc7391b,956000,body-v3.1/sim/v31_walk_v3.mp4
body-v3.4/sim/v31_walk_v3_eff.mp4,854d3e13fb48f5733b015b48fa7595c0,983294,body-v3.1/sim/v31_walk_v3_eff.mp4
body-v3.4/sim/v32_head_arms_v3.mp4,f85ac100948abeed35a74a90e08f60ad,74735,body-v3.2/sim/v32_head_arms_v3.mp4
body-v3.4/sim/v32_push_recovery_v3.mp4,e0912366df08d5beee307c2c50dc8c5a,355980,body-v3.2/sim/v32_push_recovery_v3.mp4
body-v3.4/sim/v32_walk_v3.mp4,83772e47b3364a3bd88c8af899851e7b,935909,body-v3.2/sim/v32_walk_v3.mp4
body-v3.4/sim/walk_refine_v32.json,0648267fc7b09edeaa65985c0b4db260,157,body-v3.10/sim/v32_ref/walk_refine_v32.json
body-v3.4/sim/walk_v3.json,7f1ce820d388e0e41ba3dfc2c5faba4a,3155,body-v3.10/sim/v34_ref/walk_v3.json
body-v3.4/sim/walk_v3_eff.json,4ea2b63d0b9eba2faa54ba882cf92f93,3160,body-v3.10/sim/v34_ref/walk_v3_eff.json
body-v3.4/sim/walk_v3_eff_noref.json,ebaa41acfaaef3b24dc77ab83db09f93,3101,body-v3.10/sim/walk_v3_eff_noref.json
body-v3.4/sim/walk_v3_noref.json,85f5f335181e839cfdc2d627ecca5d32,3095,body-v3.10/sim/walk_v3_noref.json
body-v3.4/sim/alt_head200/arm_heat_v3.json,415ae593221c747feb4b9be77c742570,4223,body-v3.2/sim/alt_head200/arm_heat_v3.json
body-v3.4/sim/alt_head200/compare_v31_v32.json,75618cf1c153a8898376901e508c5216,3255,body-v3.2/sim/alt_head200/compare_v31_v32.json
body-v3.4/sim/alt_head200/compare_v31_v32.md,ca59f18aba57e37f966041f73b576e0b,1940,body-v3.2/sim/alt_head200/compare_v31_v32.md
body-v3.4/sim/alt_head200/push_recovery_v3.mp4,43de8292a845ab20dd81acbabee78501,338203,body-v3.2/sim/alt_head200/push_recovery_v3.mp4
body-v3.4/sim/alt_head200/results_v3.json,5069046fb17153e37be43fb2a0b96ea3,8033,body-v3.2/sim/alt_head200/results_v3.json
body-v3.4/sim/alt_head200/walk_refine_v32.json,1e7df509ecf7571b17dad55ac977dc5d,156,body-v3.2/sim/alt_head200/walk_refine_v32.json
body-v3.4/sim/alt_head200/walk_v3.json,1a42c00305832f7b54d9384b3a7cbeee,3151,body-v3.2/sim/alt_head200/walk_v3.json
body-v3.4/sim/alt_head200/walk_v3_eff.json,2844524459710f4265f6396a1a59830c,3097,body-v3.2/sim/alt_head200/walk_v3_eff.json
body-v3.4/sim/v31_ref/arm_heat_v3.json,2126fcc62fd7d3c396dcb7770419204a,4220,body-v3.1/sim/arm_heat_v3.json
body-v3.4/sim/v31_ref/mass_report_v3.json,b22177cef249a8bc99fcb2f57bb05878,12902,body-v3.1/sim/mass_report_v3.json
body-v3.4/sim/v31_ref/results_v3.json,510d1456468455e8152b440555672307,8029,body-v3.1/sim/results_v3.json
body-v3.4/sim/v31_ref/walk_v3.json,21a198ab40b540b4e3398bd7bdd66988,3094,body-v3.1/sim/walk_v3.json
body-v3.4/sim/v31_ref/walk_v3_eff.json,031ec90a823c37124efb0f9b271545e0,3102,body-v3.1/sim/walk_v3_eff.json
body-v3.4/sim/v32_ref/arm_heat_v3.json,07b5df779e4043a927a2b4d6fb21639a,4222,body-v3.10/sim/arm_heat_v3.json
body-v3.4/sim/v32_ref/results_v3.json,691b926aea221e63317388971ca903f7,8023,body-v3.10/sim/v32_ref/results_v3.json
body-v3.4/sim/v32_ref/walk_refine_v32.json,0648267fc7b09edeaa65985c0b4db260,157,body-v3.10/sim/v32_ref/walk_refine_v32.json
body-v3.4/sim/v32_ref/walk_v3.json,120423616b57938b7fd7672da7ad00f6,3165,body-v3.10/sim/v32_ref/walk_v3.json
body-v3.4/sim/v32_ref/walk_v3_eff.json,0860666c2fb00c61803ca5cf38d8cf2e,3103,body-v3.10/sim/v32_ref/walk_v3_eff.json
body-v3.4/sim/v33_ref/arm_heat_v3.json,07b5df779e4043a927a2b4d6fb21639a,4222,body-v3.10/sim/arm_heat_v3.json
body-v3.4/sim/v33_ref/results_v3.json,1f5b949f70ea6f2d2ca68c339ea885bb,8028,body-v3.10/sim/v33_ref/results_v3.json
body-v3.4/sim/v33_ref/walk_v3.json,135fd3eba247694b2d0455b05c2b1ed0,3154,body-v3.10/sim/v33_ref/walk_v3.json
body-v3.4/sim/v33_ref/walk_v3_eff.json,07f206d2b718406f84a80514363a0894,3163,body-v3.10/sim/v33_ref/walk_v3_eff.json
body-v3.4/sim/v3_ref/arm_heat_v3.json,24f0f1621b09d575497b233327d5af34,4223,body-v3/sim/arm_heat_v3.json
body-v3.4/sim/v3_ref/results_v3.json,e91a5d8c46c37b6547966407c5d77848,8025,body-v3/sim/results_v3.json
body-v3.4/sim/v3_ref/walk_v3.json,f6dfc33626937c34a72b551e33684da3,3337,body-v3/sim/walk_v3.json
body-v3.4/sim/v3_ref/walk_v3_eff.json,394deba9fbf961cf5d88aae40d78c2e6,3347,body-v3/sim/walk_v3_eff.json
body-v3.5/README.md,7d8c481c42edc18f57b68b7bcea44345,2418,body-v3.10/README_v35.md
body-v3.5/README_v3.md,d5dfb182350ce2de808eda08cc549acc,8398,body-v3/README.md
body-v3.5/README_v31.md,62cf5740b1281b505a1e2bb98d536030,8478,body-v3.1/README.md
body-v3.5/README_v32.md,36d5079dfd7d10c4ca271706c936cf5a,12057,body-v3.10/README_v32.md
body-v3.5/README_v33.md,6752bb01dae32e530a285e330f4d5770,5164,body-v3.10/README_v33.md
body-v3.5/README_v34.md,b512057a38e8cd7dd3ee07219c058e51,2623,body-v3.10/README_v34.md
body-v3.5/bom_v35.md,54e414cced6d75762caa12cba76d0d40,1012,body-v3.10/bom_v35.md
body-v3.5/build_report.json,6561ea1fe37e42622d0eb9940f6398cd,16764,body-v3.5/build_report.json
body-v3.5/collide_report.json,87cee8302f70f0654d0db9ec27e89c5a,21459,body-v3.5/collide_report.json
body-v3.5/collide_v31_rule_check.json,2cfb89f60ed078067a5b0d563369f90c,129,body-v3.1/collide_v31_rule_check.json
body-v3.5/collide_v32_rule_check.json,005b67a629f7dd1569344a87c0e8df7b,164,body-v3.10/collide_v32_rule_check.json
body-v3.5/head_print_report.json,79f615cf398723aa2801b3336ef39415,6972,body-v3.10/head_print_report.json
body-v3.5/print_sheet_head.md,ac0500e69043b84dbd57f7204b995982,3511,body-v3.10/print_sheet_head.md
body-v3.5/servo_choice.md,316473d63f90ad6a5649462db90ee4c3,7062,body-v3.1/servo_choice.md
body-v3.5/torso_env_v34.json,bda31ea296b814d3685d260d29f3e20f,36249,body-v3.10/torso_env_v34.json
body-v3.5/measure/photo_measure.json,5832cf5aab493edae31cd598e050fc53,2746,body-v3/measure/photo_measure.json
body-v3.5/measure/targets.json,7b665a9c4ecd33771be6d5312f1cfcdb,5282,body-v3/measure/targets.json
body-v3.5/measure/v31_measure.json,7770567faa6c6ee5ce5e18b1da51c474,1121,body-v3.1/measure/v31_measure.json
body-v3.5/measure/v32_measure.json,852640a3181a17ea81aee224e86ac5f7,979,body-v3.10/measure/v32_measure.json
body-v3.5/measure/v32_neck_scale.json,14486360543aa63b349b95440d1f1729,914,body-v3.10/measure/v32_neck_scale.json
body-v3.5/measure/v33_head_size.json,fc2bb9834c1e56d00aff074751409e63,968,body-v3.10/measure/v33_head_size.json
body-v3.5/measure/v33_head_size_overlay.json,f59662c96f18842e63e50af4d4cb1315,567,body-v3.10/measure/v33_head_size_overlay.json
body-v3.5/measure/v33_neck_scale.json,e40e7e3d179e145a736191fd39b80f52,368,body-v3.10/measure/v33_neck_scale.json
body-v3.5/sim/README.md,5a2184fcce272380e8a22600e08816c1,13351,body-v3.10/sim/README.md
body-v3.5/sim/arm_heat_v2.json,bc311c1775b81c9405219b9bbff5ec13,4223,body-v3/sim/arm_heat_v2.json
body-v3.5/sim/arm_heat_v3.json,07b5df779e4043a927a2b4d6fb21639a,4222,body-v3.10/sim/arm_heat_v3.json
body-v3.5/sim/compare_stock_v2_v3.json,0ed3b329d48797a6244eeffa2d5fde08,3805,body-v3/sim/compare_stock_v2_v3.json
body-v3.5/sim/compare_stock_v2_v3.md,895225c90e71fdfa98f1516ec893a8b1,2949,body-v3/sim/compare_stock_v2_v3.md
body-v3.5/sim/compare_v31_v32.json,c51ae2424f05c1ab5562ee15e9b2965f,3254,body-v3.10/sim/compare_v31_v32.json
body-v3.5/sim/compare_v31_v32.md,644ebfad4fb06dc032148c27094bee2c,1939,body-v3.10/sim/compare_v31_v32.md
body-v3.5/sim/compare_v32_v33.json,a6b9c313414ce0741dcde7c80ce064a7,3255,body-v3.10/sim/compare_v32_v33.json
body-v3.5/sim/compare_v32_v33.md,de11b2bed04349fe3059fe2af1f01f8d,1861,body-v3.10/sim/compare_v32_v33.md
body-v3.5/sim/compare_v33_v34.json,9970e48ff8444752844c36261fdbc8a7,3255,body-v3.10/sim/compare_v33_v34.json
body-v3.5/sim/compare_v33_v34.md,1bee2d057cf0af55e9285ae39642e0d4,1861,body-v3.10/sim/compare_v33_v34.md
body-v3.5/sim/compare_v34_v35.json,15b209ba528bca78169f2c308cc5a0c0,3263,body-v3.10/sim/compare_v34_v35.json
body-v3.5/sim/compare_v34_v35.md,e7b150ed0f30c20b731c9a2ac12058d0,2289,body-v3.10/sim/compare_v34_v35.md
body-v3.5/sim/compare_v3_v31.json,7e29f9219c9b23c6c5982ab3a1a89db3,2829,body-v3.1/sim/compare_v3_v31.json
body-v3.5/sim/compare_v3_v31.md,175081c021dce15c7e987872af0ac43f,1611,body-v3.1/sim/compare_v3_v31.md
body-v3.5/sim/mass_report_v3.json,abbb5f06516bf413e5679138af6e62bb,12337,body-v3.5/sim/mass_report_v3.json
body-v3.5/sim/plot_compare.png,2457a623d2f320f37f590b6d2c9af28b,58887,body-v3/sim/plot_compare.png
body-v3.5/sim/results_v3.json,d1a89e8ae009d458d57cc3771f300ec5,7666,body-v3.5/sim/results_v3.json
body-v3.5/sim/v31_head_arms_v3.mp4,48a7d3e494eb7931d9cf1ae21757dc2d,158269,body-v3.1/sim/v31_head_arms_v3.mp4
body-v3.5/sim/v31_push_recovery_v3.mp4,3ab9571e7c6a56d8814a84cbb6aa1c72,381814,body-v3.1/sim/v31_push_recovery_v3.mp4
body-v3.5/sim/v31_walk_v3.mp4,f8b129b2c60318bb3e51ceb73bc7391b,956000,body-v3.1/sim/v31_walk_v3.mp4
body-v3.5/sim/v31_walk_v3_eff.mp4,854d3e13fb48f5733b015b48fa7595c0,983294,body-v3.1/sim/v31_walk_v3_eff.mp4
body-v3.5/sim/v32_head_arms_v3.mp4,f85ac100948abeed35a74a90e08f60ad,74735,body-v3.2/sim/v32_head_arms_v3.mp4
body-v3.5/sim/v32_push_recovery_v3.mp4,e0912366df08d5beee307c2c50dc8c5a,355980,body-v3.2/sim/v32_push_recovery_v3.mp4
body-v3.5/sim/v32_walk_v3.mp4,83772e47b3364a3bd88c8af899851e7b,935909,body-v3.2/sim/v32_walk_v3.mp4
body-v3.5/sim/walk_refine_eff_v32.json,717fc5f3296e4bab9981f75b1581774c,158,body-v3.5/sim/walk_refine_eff_v32.json
body-v3.5/sim/walk_refine_v32.json,7031a3d072ec26f20b99fec80447f2bd,158,body-v3.5/sim/walk_refine_v32.json
body-v3.5/sim/walk_v3.json,844c06bca37dca81b1bead383a84f15c,3032,body-v3.5/sim/walk_v3.json
body-v3.5/sim/walk_v3_eff.json,8fcddc950ddb2d9243e8efbc2920a75f,3044,body-v3.5/sim/walk_v3_eff.json
body-v3.5/sim/walk_v3_eff_noref.json,ebaa41acfaaef3b24dc77ab83db09f93,3101,body-v3.10/sim/walk_v3_eff_noref.json
body-v3.5/sim/walk_v3_noref.json,85f5f335181e839cfdc2d627ecca5d32,3095,body-v3.10/sim/walk_v3_noref.json
body-v3.5/sim/alt_head200/arm_heat_v3.json,415ae593221c747feb4b9be77c742570,4223,body-v3.2/sim/alt_head200/arm_heat_v3.json
body-v3.5/sim/alt_head200/compare_v31_v32.json,75618cf1c153a8898376901e508c5216,3255,body-v3.2/sim/alt_head200/compare_v31_v32.json
body-v3.5/sim/alt_head200/compare_v31_v32.md,ca59f18aba57e37f966041f73b576e0b,1940,body-v3.2/sim/alt_head200/compare_v31_v32.md
body-v3.5/sim/alt_head200/push_recovery_v3.mp4,43de8292a845ab20dd81acbabee78501,338203,body-v3.2/sim/alt_head200/push_recovery_v3.mp4
body-v3.5/sim/alt_head200/results_v3.json,5069046fb17153e37be43fb2a0b96ea3,8033,body-v3.2/sim/alt_head200/results_v3.json
body-v3.5/sim/alt_head200/walk_refine_v32.json,1e7df509ecf7571b17dad55ac977dc5d,156,body-v3.2/sim/alt_head200/walk_refine_v32.json
body-v3.5/sim/alt_head200/walk_v3.json,1a42c00305832f7b54d9384b3a7cbeee,3151,body-v3.2/sim/alt_head200/walk_v3.json
body-v3.5/sim/alt_head200/walk_v3_eff.json,2844524459710f4265f6396a1a59830c,3097,body-v3.2/sim/alt_head200/walk_v3_eff.json
body-v3.5/sim/v31_ref/arm_heat_v3.json,2126fcc62fd7d3c396dcb7770419204a,4220,body-v3.1/sim/arm_heat_v3.json
body-v3.5/sim/v31_ref/mass_report_v3.json,b22177cef249a8bc99fcb2f57bb05878,12902,body-v3.1/sim/mass_report_v3.json
body-v3.5/sim/v31_ref/results_v3.json,510d1456468455e8152b440555672307,8029,body-v3.1/sim/results_v3.json
body-v3.5/sim/v31_ref/walk_v3.json,21a198ab40b540b4e3398bd7bdd66988,3094,body-v3.1/sim/walk_v3.json
body-v3.5/sim/v31_ref/walk_v3_eff.json,031ec90a823c37124efb0f9b271545e0,3102,body-v3.1/sim/walk_v3_eff.json
body-v3.5/sim/v32_ref/arm_heat_v3.json,07b5df779e4043a927a2b4d6fb21639a,4222,body-v3.10/sim/arm_heat_v3.json
body-v3.5/sim/v32_ref/results_v3.json,691b926aea221e63317388971ca903f7,8023,body-v3.10/sim/v32_ref/results_v3.json
body-v3.5/sim/v32_ref/walk_refine_v32.json,0648267fc7b09edeaa65985c0b4db260,157,body-v3.10/sim/v32_ref/walk_refine_v32.json
body-v3.5/sim/v32_ref/walk_v3.json,120423616b57938b7fd7672da7ad00f6,3165,body-v3.10/sim/v32_ref/walk_v3.json
body-v3.5/sim/v32_ref/walk_v3_eff.json,0860666c2fb00c61803ca5cf38d8cf2e,3103,body-v3.10/sim/v32_ref/walk_v3_eff.json
body-v3.5/sim/v33_ref/arm_heat_v3.json,07b5df779e4043a927a2b4d6fb21639a,4222,body-v3.10/sim/arm_heat_v3.json
body-v3.5/sim/v33_ref/results_v3.json,1f5b949f70ea6f2d2ca68c339ea885bb,8028,body-v3.10/sim/v33_ref/results_v3.json
body-v3.5/sim/v33_ref/walk_v3.json,135fd3eba247694b2d0455b05c2b1ed0,3154,body-v3.10/sim/v33_ref/walk_v3.json
body-v3.5/sim/v33_ref/walk_v3_eff.json,07f206d2b718406f84a80514363a0894,3163,body-v3.10/sim/v33_ref/walk_v3_eff.json
body-v3.5/sim/v34_ref/arm_heat_v3.json,07b5df779e4043a927a2b4d6fb21639a,4222,body-v3.10/sim/arm_heat_v3.json
body-v3.5/sim/v34_ref/results_v3.json,daa3ef05a96a0d46bbace841296e31c6,8020,body-v3.10/sim/v34_ref/results_v3.json
body-v3.5/sim/v34_ref/walk_v3.json,7f1ce820d388e0e41ba3dfc2c5faba4a,3155,body-v3.10/sim/v34_ref/walk_v3.json
body-v3.5/sim/v34_ref/walk_v3_eff.json,4ea2b63d0b9eba2faa54ba882cf92f93,3160,body-v3.10/sim/v34_ref/walk_v3_eff.json
body-v3.5/sim/v3_ref/arm_heat_v3.json,24f0f1621b09d575497b233327d5af34,4223,body-v3/sim/arm_heat_v3.json
body-v3.5/sim/v3_ref/results_v3.json,e91a5d8c46c37b6547966407c5d77848,8025,body-v3/sim/results_v3.json
body-v3.5/sim/v3_ref/walk_v3.json,f6dfc33626937c34a72b551e33684da3,3337,body-v3/sim/walk_v3.json
body-v3.5/sim/v3_ref/walk_v3_eff.json,394deba9fbf961cf5d88aae40d78c2e6,3347,body-v3/sim/walk_v3_eff.json
body-v3.6/README.md,756af93fbf80b2ee9e5fee1458509d98,2438,body-v3.10/README_v36.md
body-v3.6/README_v3.md,d5dfb182350ce2de808eda08cc549acc,8398,body-v3/README.md
body-v3.6/README_v31.md,62cf5740b1281b505a1e2bb98d536030,8478,body-v3.1/README.md
body-v3.6/README_v32.md,36d5079dfd7d10c4ca271706c936cf5a,12057,body-v3.10/README_v32.md
body-v3.6/README_v33.md,6752bb01dae32e530a285e330f4d5770,5164,body-v3.10/README_v33.md
body-v3.6/README_v34.md,b512057a38e8cd7dd3ee07219c058e51,2623,body-v3.10/README_v34.md
body-v3.6/README_v35.md,7d8c481c42edc18f57b68b7bcea44345,2418,body-v3.10/README_v35.md
body-v3.6/bom_v35.md,54e414cced6d75762caa12cba76d0d40,1012,body-v3.10/bom_v35.md
body-v3.6/build_report.json,c64b4258e644683c761ac8a005e51731,17245,body-v3.6/build_report.json
body-v3.6/collide_report.json,6b93b8f4e48dd63fdb9a69ba281386ea,21448,body-v3.6/collide_report.json
body-v3.6/collide_v31_rule_check.json,2cfb89f60ed078067a5b0d563369f90c,129,body-v3.1/collide_v31_rule_check.json
body-v3.6/collide_v32_rule_check.json,005b67a629f7dd1569344a87c0e8df7b,164,body-v3.10/collide_v32_rule_check.json
body-v3.6/head_print_report.json,79f615cf398723aa2801b3336ef39415,6972,body-v3.10/head_print_report.json
body-v3.6/head_print_report_v36.json,d33da0d7f147f0bd784709823ca6e9ae,7037,body-v3.10/head_print_report_v36.json
body-v3.6/head_size_v36.json,04f54b55f682598962ff3481a5aba85f,717,body-v3.10/head_size_v36.json
body-v3.6/print_sheet_head.md,ac0500e69043b84dbd57f7204b995982,3511,body-v3.10/print_sheet_head.md
body-v3.6/print_sheet_head_v36.md,6ac4c2094ed80fd60fd094d5b6ead7f8,3683,body-v3.10/print_sheet_head_v36.md
body-v3.6/servo_choice.md,316473d63f90ad6a5649462db90ee4c3,7062,body-v3.1/servo_choice.md
body-v3.6/torso_env_v34.json,bda31ea296b814d3685d260d29f3e20f,36249,body-v3.10/torso_env_v34.json
body-v3.6/torso_env_v36.json,8b9d02fce005d442335cfb062533af58,54421,body-v3.10/torso_env_v36.json
body-v3.6/measure/photo_measure.json,5832cf5aab493edae31cd598e050fc53,2746,body-v3/measure/photo_measure.json
body-v3.6/measure/targets.json,7b665a9c4ecd33771be6d5312f1cfcdb,5282,body-v3/measure/targets.json
body-v3.6/measure/v31_measure.json,7770567faa6c6ee5ce5e18b1da51c474,1121,body-v3.1/measure/v31_measure.json
body-v3.6/measure/v32_measure.json,852640a3181a17ea81aee224e86ac5f7,979,body-v3.10/measure/v32_measure.json
body-v3.6/measure/v32_neck_scale.json,14486360543aa63b349b95440d1f1729,914,body-v3.10/measure/v32_neck_scale.json
body-v3.6/measure/v33_head_size.json,fc2bb9834c1e56d00aff074751409e63,968,body-v3.10/measure/v33_head_size.json
body-v3.6/measure/v33_head_size_overlay.json,f59662c96f18842e63e50af4d4cb1315,567,body-v3.10/measure/v33_head_size_overlay.json
body-v3.6/measure/v33_neck_scale.json,e40e7e3d179e145a736191fd39b80f52,368,body-v3.10/measure/v33_neck_scale.json
body-v3.6/sim/README.md,5a2184fcce272380e8a22600e08816c1,13351,body-v3.10/sim/README.md
body-v3.6/sim/arm_heat_v2.json,bc311c1775b81c9405219b9bbff5ec13,4223,body-v3/sim/arm_heat_v2.json
body-v3.6/sim/arm_heat_v3.json,07b5df779e4043a927a2b4d6fb21639a,4222,body-v3.10/sim/arm_heat_v3.json
body-v3.6/sim/compare_stock_v2_v3.json,0ed3b329d48797a6244eeffa2d5fde08,3805,body-v3/sim/compare_stock_v2_v3.json
body-v3.6/sim/compare_stock_v2_v3.md,895225c90e71fdfa98f1516ec893a8b1,2949,body-v3/sim/compare_stock_v2_v3.md
body-v3.6/sim/compare_v31_v32.json,c51ae2424f05c1ab5562ee15e9b2965f,3254,body-v3.10/sim/compare_v31_v32.json
body-v3.6/sim/compare_v31_v32.md,644ebfad4fb06dc032148c27094bee2c,1939,body-v3.10/sim/compare_v31_v32.md
body-v3.6/sim/compare_v32_v33.json,a6b9c313414ce0741dcde7c80ce064a7,3255,body-v3.10/sim/compare_v32_v33.json
body-v3.6/sim/compare_v32_v33.md,de11b2bed04349fe3059fe2af1f01f8d,1861,body-v3.10/sim/compare_v32_v33.md
body-v3.6/sim/compare_v33_v34.json,9970e48ff8444752844c36261fdbc8a7,3255,body-v3.10/sim/compare_v33_v34.json
body-v3.6/sim/compare_v33_v34.md,1bee2d057cf0af55e9285ae39642e0d4,1861,body-v3.10/sim/compare_v33_v34.md
body-v3.6/sim/compare_v34_v35.json,15b209ba528bca78169f2c308cc5a0c0,3263,body-v3.10/sim/compare_v34_v35.json
body-v3.6/sim/compare_v34_v35.md,e7b150ed0f30c20b731c9a2ac12058d0,2289,body-v3.10/sim/compare_v34_v35.md
body-v3.6/sim/compare_v35_v36.json,91ae3e17f2ce269016d61be082636f3e,3272,body-v3.10/sim/compare_v35_v36.json
body-v3.6/sim/compare_v35_v36.md,ada8c03eeb0156deaac729f93149e461,2344,body-v3.10/sim/compare_v35_v36.md
body-v3.6/sim/compare_v3_v31.json,7e29f9219c9b23c6c5982ab3a1a89db3,2829,body-v3.1/sim/compare_v3_v31.json
body-v3.6/sim/compare_v3_v31.md,175081c021dce15c7e987872af0ac43f,1611,body-v3.1/sim/compare_v3_v31.md
body-v3.6/sim/mass_report_v3.json,fbebf84e2d8138e76c45bc0cfd35bde8,12340,body-v3.6/sim/mass_report_v3.json
body-v3.6/sim/plot_compare.png,2457a623d2f320f37f590b6d2c9af28b,58887,body-v3/sim/plot_compare.png
body-v3.6/sim/results_v3.json,6d09c34dcdbeb0ab1721a3015ed869a3,7773,body-v3.10/sim/v36_ref/results_v3.json
body-v3.6/sim/v31_head_arms_v3.mp4,48a7d3e494eb7931d9cf1ae21757dc2d,158269,body-v3.1/sim/v31_head_arms_v3.mp4
body-v3.6/sim/v31_push_recovery_v3.mp4,3ab9571e7c6a56d8814a84cbb6aa1c72,381814,body-v3.1/sim/v31_push_recovery_v3.mp4
body-v3.6/sim/v31_walk_v3.mp4,f8b129b2c60318bb3e51ceb73bc7391b,956000,body-v3.1/sim/v31_walk_v3.mp4
body-v3.6/sim/v31_walk_v3_eff.mp4,854d3e13fb48f5733b015b48fa7595c0,983294,body-v3.1/sim/v31_walk_v3_eff.mp4
body-v3.6/sim/v32_head_arms_v3.mp4,f85ac100948abeed35a74a90e08f60ad,74735,body-v3.2/sim/v32_head_arms_v3.mp4
body-v3.6/sim/v32_push_recovery_v3.mp4,e0912366df08d5beee307c2c50dc8c5a,355980,body-v3.2/sim/v32_push_recovery_v3.mp4
body-v3.6/sim/v32_walk_v3.mp4,83772e47b3364a3bd88c8af899851e7b,935909,body-v3.2/sim/v32_walk_v3.mp4
body-v3.6/sim/walk_refine_eff_v32.json,717fc5f3296e4bab9981f75b1581774c,158,body-v3.5/sim/walk_refine_eff_v32.json
body-v3.6/sim/walk_refine_v32.json,9c73359ab874d038237a46951253a246,157,body-v3.6/sim/walk_refine_v32.json
body-v3.6/sim/walk_v3.json,38bcf54acd4ca8bbf675993d585329f0,3039,body-v3.10/sim/v36_ref/walk_v3.json
body-v3.6/sim/walk_v3_eff.json,31b8a828b14afc9f5d317ef29cfbe9a9,3042,body-v3.10/sim/v36_ref/walk_v3_eff.json
body-v3.6/sim/walk_v3_eff_noref.json,ebaa41acfaaef3b24dc77ab83db09f93,3101,body-v3.10/sim/walk_v3_eff_noref.json
body-v3.6/sim/walk_v3_noref.json,85f5f335181e839cfdc2d627ecca5d32,3095,body-v3.10/sim/walk_v3_noref.json
body-v3.6/sim/alt_head200/arm_heat_v3.json,415ae593221c747feb4b9be77c742570,4223,body-v3.2/sim/alt_head200/arm_heat_v3.json
body-v3.6/sim/alt_head200/compare_v31_v32.json,75618cf1c153a8898376901e508c5216,3255,body-v3.2/sim/alt_head200/compare_v31_v32.json
body-v3.6/sim/alt_head200/compare_v31_v32.md,ca59f18aba57e37f966041f73b576e0b,1940,body-v3.2/sim/alt_head200/compare_v31_v32.md
body-v3.6/sim/alt_head200/push_recovery_v3.mp4,43de8292a845ab20dd81acbabee78501,338203,body-v3.2/sim/alt_head200/push_recovery_v3.mp4
body-v3.6/sim/alt_head200/results_v3.json,5069046fb17153e37be43fb2a0b96ea3,8033,body-v3.2/sim/alt_head200/results_v3.json
body-v3.6/sim/alt_head200/walk_refine_v32.json,1e7df509ecf7571b17dad55ac977dc5d,156,body-v3.2/sim/alt_head200/walk_refine_v32.json
body-v3.6/sim/alt_head200/walk_v3.json,1a42c00305832f7b54d9384b3a7cbeee,3151,body-v3.2/sim/alt_head200/walk_v3.json
body-v3.6/sim/alt_head200/walk_v3_eff.json,2844524459710f4265f6396a1a59830c,3097,body-v3.2/sim/alt_head200/walk_v3_eff.json
body-v3.6/sim/v31_ref/arm_heat_v3.json,2126fcc62fd7d3c396dcb7770419204a,4220,body-v3.1/sim/arm_heat_v3.json
body-v3.6/sim/v31_ref/mass_report_v3.json,b22177cef249a8bc99fcb2f57bb05878,12902,body-v3.1/sim/mass_report_v3.json
body-v3.6/sim/v31_ref/results_v3.json,510d1456468455e8152b440555672307,8029,body-v3.1/sim/results_v3.json
body-v3.6/sim/v31_ref/walk_v3.json,21a198ab40b540b4e3398bd7bdd66988,3094,body-v3.1/sim/walk_v3.json
body-v3.6/sim/v31_ref/walk_v3_eff.json,031ec90a823c37124efb0f9b271545e0,3102,body-v3.1/sim/walk_v3_eff.json
body-v3.6/sim/v32_ref/arm_heat_v3.json,07b5df779e4043a927a2b4d6fb21639a,4222,body-v3.10/sim/arm_heat_v3.json
body-v3.6/sim/v32_ref/results_v3.json,691b926aea221e63317388971ca903f7,8023,body-v3.10/sim/v32_ref/results_v3.json
body-v3.6/sim/v32_ref/walk_refine_v32.json,0648267fc7b09edeaa65985c0b4db260,157,body-v3.10/sim/v32_ref/walk_refine_v32.json
body-v3.6/sim/v32_ref/walk_v3.json,120423616b57938b7fd7672da7ad00f6,3165,body-v3.10/sim/v32_ref/walk_v3.json
body-v3.6/sim/v32_ref/walk_v3_eff.json,0860666c2fb00c61803ca5cf38d8cf2e,3103,body-v3.10/sim/v32_ref/walk_v3_eff.json
body-v3.6/sim/v33_ref/arm_heat_v3.json,07b5df779e4043a927a2b4d6fb21639a,4222,body-v3.10/sim/arm_heat_v3.json
body-v3.6/sim/v33_ref/results_v3.json,1f5b949f70ea6f2d2ca68c339ea885bb,8028,body-v3.10/sim/v33_ref/results_v3.json
body-v3.6/sim/v33_ref/walk_v3.json,135fd3eba247694b2d0455b05c2b1ed0,3154,body-v3.10/sim/v33_ref/walk_v3.json
body-v3.6/sim/v33_ref/walk_v3_eff.json,07f206d2b718406f84a80514363a0894,3163,body-v3.10/sim/v33_ref/walk_v3_eff.json
body-v3.6/sim/v34_ref/arm_heat_v3.json,07b5df779e4043a927a2b4d6fb21639a,4222,body-v3.10/sim/arm_heat_v3.json
body-v3.6/sim/v34_ref/results_v3.json,daa3ef05a96a0d46bbace841296e31c6,8020,body-v3.10/sim/v34_ref/results_v3.json
body-v3.6/sim/v34_ref/walk_v3.json,7f1ce820d388e0e41ba3dfc2c5faba4a,3155,body-v3.10/sim/v34_ref/walk_v3.json
body-v3.6/sim/v34_ref/walk_v3_eff.json,4ea2b63d0b9eba2faa54ba882cf92f93,3160,body-v3.10/sim/v34_ref/walk_v3_eff.json
body-v3.6/sim/v35_ref/arm_heat_v3.json,07b5df779e4043a927a2b4d6fb21639a,4222,body-v3.10/sim/arm_heat_v3.json
body-v3.6/sim/v35_ref/results_v3.json,d1a89e8ae009d458d57cc3771f300ec5,7666,body-v3.5/sim/results_v3.json
body-v3.6/sim/v35_ref/walk_v3.json,844c06bca37dca81b1bead383a84f15c,3032,body-v3.5/sim/walk_v3.json
body-v3.6/sim/v35_ref/walk_v3_eff.json,8fcddc950ddb2d9243e8efbc2920a75f,3044,body-v3.5/sim/walk_v3_eff.json
body-v3.6/sim/v3_ref/arm_heat_v3.json,24f0f1621b09d575497b233327d5af34,4223,body-v3/sim/arm_heat_v3.json
body-v3.6/sim/v3_ref/results_v3.json,e91a5d8c46c37b6547966407c5d77848,8025,body-v3/sim/results_v3.json
body-v3.6/sim/v3_ref/walk_v3.json,f6dfc33626937c34a72b551e33684da3,3337,body-v3/sim/walk_v3.json
body-v3.6/sim/v3_ref/walk_v3_eff.json,394deba9fbf961cf5d88aae40d78c2e6,3347,body-v3/sim/walk_v3_eff.json
body-v3.7/README.md,65c2e177b5412a5e63ba38b5190edbde,6101,body-v3.10/README.md
body-v3.7/README_v3.md,d5dfb182350ce2de808eda08cc549acc,8398,body-v3/README.md
body-v3.7/README_v31.md,62cf5740b1281b505a1e2bb98d536030,8478,body-v3.1/README.md
body-v3.7/README_v32.md,36d5079dfd7d10c4ca271706c936cf5a,12057,body-v3.10/README_v32.md
body-v3.7/README_v33.md,6752bb01dae32e530a285e330f4d5770,5164,body-v3.10/README_v33.md
body-v3.7/README_v34.md,b512057a38e8cd7dd3ee07219c058e51,2623,body-v3.10/README_v34.md
body-v3.7/README_v35.md,7d8c481c42edc18f57b68b7bcea44345,2418,body-v3.10/README_v35.md
body-v3.7/README_v36.md,756af93fbf80b2ee9e5fee1458509d98,2438,body-v3.10/README_v36.md
body-v3.7/bom_v35.md,54e414cced6d75762caa12cba76d0d40,1012,body-v3.10/bom_v35.md
body-v3.7/build_report.json,777a0aa3a19fbb3bd557ecf36cc29e5a,18956,body-v3.7/build_report.json
body-v3.7/changed_parts_v36_to_v37.json,a9a41d7c46a2ad62fed49408f90e4b29,1338,body-v3.10/changed_parts_v36_to_v37.json
body-v3.7/collide_report.json,82aba339cef180da2aec7139544e7ed6,21095,body-v3.7/collide_report.json
body-v3.7/collide_v31_rule_check.json,2cfb89f60ed078067a5b0d563369f90c,129,body-v3.1/collide_v31_rule_check.json
body-v3.7/collide_v32_rule_check.json,005b67a629f7dd1569344a87c0e8df7b,164,body-v3.10/collide_v32_rule_check.json
body-v3.7/grain_report_v37.json,b3c8941bbb7385a05346e904354ca2e4,1467,body-v3.7/grain_report_v37.json
body-v3.7/head_print_report.json,79f615cf398723aa2801b3336ef39415,6972,body-v3.10/head_print_report.json
body-v3.7/head_print_report_v36.json,d33da0d7f147f0bd784709823ca6e9ae,7037,body-v3.10/head_print_report_v36.json
body-v3.7/head_print_report_v37.json,4e0e79baf232a56165080655c08ae618,7733,body-v3.10/head_print_report_v37.json
body-v3.7/head_size_v36.json,04f54b55f682598962ff3481a5aba85f,717,body-v3.10/head_size_v36.json
body-v3.7/print_sheet_head.md,ac0500e69043b84dbd57f7204b995982,3511,body-v3.10/print_sheet_head.md
body-v3.7/print_sheet_head_v36.md,6ac4c2094ed80fd60fd094d5b6ead7f8,3683,body-v3.10/print_sheet_head_v36.md
body-v3.7/print_sheet_head_v37.md,e9fbab93227e450a8c099f93fd6ea65b,5234,body-v3.10/print_sheet_head_v37.md
body-v3.7/servo_choice.md,316473d63f90ad6a5649462db90ee4c3,7062,body-v3.1/servo_choice.md
body-v3.7/torso_env_v34.json,bda31ea296b814d3685d260d29f3e20f,36249,body-v3.10/torso_env_v34.json
body-v3.7/torso_env_v36.json,8b9d02fce005d442335cfb062533af58,54421,body-v3.10/torso_env_v36.json
body-v3.7/measure/photo_measure.json,5832cf5aab493edae31cd598e050fc53,2746,body-v3/measure/photo_measure.json
body-v3.7/measure/targets.json,7b665a9c4ecd33771be6d5312f1cfcdb,5282,body-v3/measure/targets.json
body-v3.7/measure/v31_measure.json,7770567faa6c6ee5ce5e18b1da51c474,1121,body-v3.1/measure/v31_measure.json
body-v3.7/measure/v32_measure.json,852640a3181a17ea81aee224e86ac5f7,979,body-v3.10/measure/v32_measure.json
body-v3.7/measure/v32_neck_scale.json,14486360543aa63b349b95440d1f1729,914,body-v3.10/measure/v32_neck_scale.json
body-v3.7/measure/v33_head_size.json,fc2bb9834c1e56d00aff074751409e63,968,body-v3.10/measure/v33_head_size.json
body-v3.7/measure/v33_head_size_overlay.json,f59662c96f18842e63e50af4d4cb1315,567,body-v3.10/measure/v33_head_size_overlay.json
body-v3.7/measure/v33_neck_scale.json,e40e7e3d179e145a736191fd39b80f52,368,body-v3.10/measure/v33_neck_scale.json
body-v3.7/sim/README.md,5a2184fcce272380e8a22600e08816c1,13351,body-v3.10/sim/README.md
body-v3.7/sim/arm_heat_v2.json,bc311c1775b81c9405219b9bbff5ec13,4223,body-v3/sim/arm_heat_v2.json
body-v3.7/sim/arm_heat_v3.json,07b5df779e4043a927a2b4d6fb21639a,4222,body-v3.10/sim/arm_heat_v3.json
body-v3.7/sim/compare_stock_v2_v3.json,0ed3b329d48797a6244eeffa2d5fde08,3805,body-v3/sim/compare_stock_v2_v3.json
body-v3.7/sim/compare_stock_v2_v3.md,895225c90e71fdfa98f1516ec893a8b1,2949,body-v3/sim/compare_stock_v2_v3.md
body-v3.7/sim/compare_v31_v32.json,c51ae2424f05c1ab5562ee15e9b2965f,3254,body-v3.10/sim/compare_v31_v32.json
body-v3.7/sim/compare_v31_v32.md,644ebfad4fb06dc032148c27094bee2c,1939,body-v3.10/sim/compare_v31_v32.md
body-v3.7/sim/compare_v32_v33.json,a6b9c313414ce0741dcde7c80ce064a7,3255,body-v3.10/sim/compare_v32_v33.json
body-v3.7/sim/compare_v32_v33.md,de11b2bed04349fe3059fe2af1f01f8d,1861,body-v3.10/sim/compare_v32_v33.md
body-v3.7/sim/compare_v33_v34.json,9970e48ff8444752844c36261fdbc8a7,3255,body-v3.10/sim/compare_v33_v34.json
body-v3.7/sim/compare_v33_v34.md,1bee2d057cf0af55e9285ae39642e0d4,1861,body-v3.10/sim/compare_v33_v34.md
body-v3.7/sim/compare_v34_v35.json,15b209ba528bca78169f2c308cc5a0c0,3263,body-v3.10/sim/compare_v34_v35.json
body-v3.7/sim/compare_v34_v35.md,e7b150ed0f30c20b731c9a2ac12058d0,2289,body-v3.10/sim/compare_v34_v35.md
body-v3.7/sim/compare_v35_v36.json,91ae3e17f2ce269016d61be082636f3e,3272,body-v3.10/sim/compare_v35_v36.json
body-v3.7/sim/compare_v35_v36.md,ada8c03eeb0156deaac729f93149e461,2344,body-v3.10/sim/compare_v35_v36.md
body-v3.7/sim/compare_v36_v37.json,3e11a3460b142718d63652a501df696e,3271,body-v3.10/sim/compare_v36_v37.json
body-v3.7/sim/compare_v36_v37.md,fda6c06c3d45610df1ba016b41b4ba7b,2405,body-v3.10/sim/compare_v36_v37.md
body-v3.7/sim/compare_v3_v31.json,7e29f9219c9b23c6c5982ab3a1a89db3,2829,body-v3.1/sim/compare_v3_v31.json
body-v3.7/sim/compare_v3_v31.md,175081c021dce15c7e987872af0ac43f,1611,body-v3.1/sim/compare_v3_v31.md
body-v3.7/sim/mass_report_v3.json,014dd573f0ae05d08e1f7159f5badab7,12769,body-v3.7/sim/mass_report_v3.json
body-v3.7/sim/plot_compare.png,2457a623d2f320f37f590b6d2c9af28b,58887,body-v3/sim/plot_compare.png
body-v3.7/sim/results_v3.json,e28526abee73fc3f1f2ce8a8893f87ae,7780,body-v3.10/sim/v37_ref/results_v3.json
body-v3.7/sim/v31_head_arms_v3.mp4,48a7d3e494eb7931d9cf1ae21757dc2d,158269,body-v3.1/sim/v31_head_arms_v3.mp4
body-v3.7/sim/v31_push_recovery_v3.mp4,3ab9571e7c6a56d8814a84cbb6aa1c72,381814,body-v3.1/sim/v31_push_recovery_v3.mp4
body-v3.7/sim/v31_walk_v3.mp4,f8b129b2c60318bb3e51ceb73bc7391b,956000,body-v3.1/sim/v31_walk_v3.mp4
body-v3.7/sim/v31_walk_v3_eff.mp4,854d3e13fb48f5733b015b48fa7595c0,983294,body-v3.1/sim/v31_walk_v3_eff.mp4
body-v3.7/sim/v32_head_arms_v3.mp4,f85ac100948abeed35a74a90e08f60ad,74735,body-v3.2/sim/v32_head_arms_v3.mp4
body-v3.7/sim/v32_push_recovery_v3.mp4,e0912366df08d5beee307c2c50dc8c5a,355980,body-v3.2/sim/v32_push_recovery_v3.mp4
body-v3.7/sim/v32_walk_v3.mp4,83772e47b3364a3bd88c8af899851e7b,935909,body-v3.2/sim/v32_walk_v3.mp4
body-v3.7/sim/walk_refine_eff_v32.json,717fc5f3296e4bab9981f75b1581774c,158,body-v3.5/sim/walk_refine_eff_v32.json
body-v3.7/sim/walk_refine_v32.json,9c73359ab874d038237a46951253a246,157,body-v3.6/sim/walk_refine_v32.json
body-v3.7/sim/walk_v3.json,33671a750fd7dce386401bce59f686a8,3032,body-v3.10/sim/v37_ref/walk_v3.json
body-v3.7/sim/walk_v3_eff.json,7be0f1960d01f0a3b80fb0f12f58de19,3043,body-v3.10/sim/v37_ref/walk_v3_eff.json
body-v3.7/sim/walk_v3_eff_noref.json,ebaa41acfaaef3b24dc77ab83db09f93,3101,body-v3.10/sim/walk_v3_eff_noref.json
body-v3.7/sim/walk_v3_noref.json,85f5f335181e839cfdc2d627ecca5d32,3095,body-v3.10/sim/walk_v3_noref.json
body-v3.7/sim/v31_ref/arm_heat_v3.json,2126fcc62fd7d3c396dcb7770419204a,4220,body-v3.1/sim/arm_heat_v3.json
body-v3.7/sim/v31_ref/mass_report_v3.json,b22177cef249a8bc99fcb2f57bb05878,12902,body-v3.1/sim/mass_report_v3.json
body-v3.7/sim/v31_ref/results_v3.json,510d1456468455e8152b440555672307,8029,body-v3.1/sim/results_v3.json
body-v3.7/sim/v31_ref/walk_v3.json,21a198ab40b540b4e3398bd7bdd66988,3094,body-v3.1/sim/walk_v3.json
body-v3.7/sim/v31_ref/walk_v3_eff.json,031ec90a823c37124efb0f9b271545e0,3102,body-v3.1/sim/walk_v3_eff.json
body-v3.7/sim/v32_ref/arm_heat_v3.json,07b5df779e4043a927a2b4d6fb21639a,4222,body-v3.10/sim/arm_heat_v3.json
body-v3.7/sim/v32_ref/results_v3.json,691b926aea221e63317388971ca903f7,8023,body-v3.10/sim/v32_ref/results_v3.json
body-v3.7/sim/v32_ref/walk_refine_v32.json,0648267fc7b09edeaa65985c0b4db260,157,body-v3.10/sim/v32_ref/walk_refine_v32.json
body-v3.7/sim/v32_ref/walk_v3.json,120423616b57938b7fd7672da7ad00f6,3165,body-v3.10/sim/v32_ref/walk_v3.json
body-v3.7/sim/v32_ref/walk_v3_eff.json,0860666c2fb00c61803ca5cf38d8cf2e,3103,body-v3.10/sim/v32_ref/walk_v3_eff.json
body-v3.7/sim/v33_ref/arm_heat_v3.json,07b5df779e4043a927a2b4d6fb21639a,4222,body-v3.10/sim/arm_heat_v3.json
body-v3.7/sim/v33_ref/results_v3.json,1f5b949f70ea6f2d2ca68c339ea885bb,8028,body-v3.10/sim/v33_ref/results_v3.json
body-v3.7/sim/v33_ref/walk_v3.json,135fd3eba247694b2d0455b05c2b1ed0,3154,body-v3.10/sim/v33_ref/walk_v3.json
body-v3.7/sim/v33_ref/walk_v3_eff.json,07f206d2b718406f84a80514363a0894,3163,body-v3.10/sim/v33_ref/walk_v3_eff.json
body-v3.7/sim/v34_ref/arm_heat_v3.json,07b5df779e4043a927a2b4d6fb21639a,4222,body-v3.10/sim/arm_heat_v3.json
body-v3.7/sim/v34_ref/results_v3.json,daa3ef05a96a0d46bbace841296e31c6,8020,body-v3.10/sim/v34_ref/results_v3.json
body-v3.7/sim/v34_ref/walk_v3.json,7f1ce820d388e0e41ba3dfc2c5faba4a,3155,body-v3.10/sim/v34_ref/walk_v3.json
body-v3.7/sim/v34_ref/walk_v3_eff.json,4ea2b63d0b9eba2faa54ba882cf92f93,3160,body-v3.10/sim/v34_ref/walk_v3_eff.json
body-v3.7/sim/v36_ref/arm_heat_v3.json,07b5df779e4043a927a2b4d6fb21639a,4222,body-v3.10/sim/arm_heat_v3.json
body-v3.7/sim/v36_ref/results_v3.json,6d09c34dcdbeb0ab1721a3015ed869a3,7773,body-v3.10/sim/v36_ref/results_v3.json
body-v3.7/sim/v36_ref/walk_v3.json,38bcf54acd4ca8bbf675993d585329f0,3039,body-v3.10/sim/v36_ref/walk_v3.json
body-v3.7/sim/v36_ref/walk_v3_eff.json,31b8a828b14afc9f5d317ef29cfbe9a9,3042,body-v3.10/sim/v36_ref/walk_v3_eff.json
body-v3.7/sim/v3_ref/arm_heat_v3.json,24f0f1621b09d575497b233327d5af34,4223,body-v3/sim/arm_heat_v3.json
body-v3.7/sim/v3_ref/results_v3.json,e91a5d8c46c37b6547966407c5d77848,8025,body-v3/sim/results_v3.json
body-v3.7/sim/v3_ref/walk_v3.json,f6dfc33626937c34a72b551e33684da3,3337,body-v3/sim/walk_v3.json
body-v3.7/sim/v3_ref/walk_v3_eff.json,394deba9fbf961cf5d88aae40d78c2e6,3347,body-v3/sim/walk_v3_eff.json
body-v3.8/README.md,65c2e177b5412a5e63ba38b5190edbde,6101,body-v3.10/README.md
body-v3.8/README_v3.md,d5dfb182350ce2de808eda08cc549acc,8398,body-v3/README.md
body-v3.8/README_v31.md,62cf5740b1281b505a1e2bb98d536030,8478,body-v3.1/README.md
body-v3.8/README_v32.md,36d5079dfd7d10c4ca271706c936cf5a,12057,body-v3.10/README_v32.md
body-v3.8/README_v33.md,6752bb01dae32e530a285e330f4d5770,5164,body-v3.10/README_v33.md
body-v3.8/README_v34.md,b512057a38e8cd7dd3ee07219c058e51,2623,body-v3.10/README_v34.md
body-v3.8/README_v35.md,7d8c481c42edc18f57b68b7bcea44345,2418,body-v3.10/README_v35.md
body-v3.8/README_v36.md,756af93fbf80b2ee9e5fee1458509d98,2438,body-v3.10/README_v36.md
body-v3.8/README_v38.md,ed0092856c928668efe6274c4752d7c2,4651,body-v3.10/README_v38.md
body-v3.8/bom_v35.md,54e414cced6d75762caa12cba76d0d40,1012,body-v3.10/bom_v35.md
body-v3.8/build_report.json,a23a789a2eacfe1b9b4855c26cc18463,19868,body-v3.8/build_report.json
body-v3.8/changed_parts_v36_to_v37.json,a9a41d7c46a2ad62fed49408f90e4b29,1338,body-v3.10/changed_parts_v36_to_v37.json
body-v3.8/changed_parts_v37_to_v38.json,49ae233dc0c85f386397a6f0a52f4f9a,6172,body-v3.10/changed_parts_v37_to_v38.json
body-v3.8/collide_log_v38.txt,9401ea726b306a56955aecbaf3d6525e,4281,body-v3.10/collide_log_v38.txt
body-v3.8/collide_report.json,e6ddd4078834a837f9559a91643465bb,20690,body-v3.10/collide_report.json
body-v3.8/collide_v31_rule_check.json,2cfb89f60ed078067a5b0d563369f90c,129,body-v3.1/collide_v31_rule_check.json
body-v3.8/collide_v32_rule_check.json,005b67a629f7dd1569344a87c0e8df7b,164,body-v3.10/collide_v32_rule_check.json
body-v3.8/grain_report_v37.json,fb63c7de00b3cf880441c189505f7543,1960,body-v3.8/grain_report_v37.json
body-v3.8/head_print_report.json,79f615cf398723aa2801b3336ef39415,6972,body-v3.10/head_print_report.json
body-v3.8/head_print_report_v36.json,d33da0d7f147f0bd784709823ca6e9ae,7037,body-v3.10/head_print_report_v36.json
body-v3.8/head_print_report_v37.json,4e0e79baf232a56165080655c08ae618,7733,body-v3.10/head_print_report_v37.json
body-v3.8/head_print_report_v38.json,5d6e16e5fb2414e0bbfca34176d0c3f5,7735,body-v3.10/head_print_report_v38.json
body-v3.8/head_size_v36.json,04f54b55f682598962ff3481a5aba85f,717,body-v3.10/head_size_v36.json
body-v3.8/print_sheet_body_v38.md,face3494b2f0898c92d4de88aa098edc,6733,body-v3.10/print_sheet_body_v38.md
body-v3.8/print_sheet_head.md,ac0500e69043b84dbd57f7204b995982,3511,body-v3.10/print_sheet_head.md
body-v3.8/print_sheet_head_v36.md,6ac4c2094ed80fd60fd094d5b6ead7f8,3683,body-v3.10/print_sheet_head_v36.md
body-v3.8/print_sheet_head_v37.md,e9fbab93227e450a8c099f93fd6ea65b,5234,body-v3.10/print_sheet_head_v37.md
body-v3.8/print_sheet_head_v38.md,1bd44b955d22ea2e13d00bf05d107d31,5698,body-v3.10/print_sheet_head_v38.md
body-v3.8/servo_choice.md,316473d63f90ad6a5649462db90ee4c3,7062,body-v3.1/servo_choice.md
body-v3.8/torso_env_v34.json,bda31ea296b814d3685d260d29f3e20f,36249,body-v3.10/torso_env_v34.json
body-v3.8/torso_env_v36.json,8b9d02fce005d442335cfb062533af58,54421,body-v3.10/torso_env_v36.json
body-v3.8/torso_env_v38.json,687e14f2e4e89bf21a99087d015075c6,54455,body-v3.10/torso_env_v38.json
body-v3.8/measure/photo_measure.json,5832cf5aab493edae31cd598e050fc53,2746,body-v3/measure/photo_measure.json
body-v3.8/measure/targets.json,7b665a9c4ecd33771be6d5312f1cfcdb,5282,body-v3/measure/targets.json
body-v3.8/measure/v31_measure.json,7770567faa6c6ee5ce5e18b1da51c474,1121,body-v3.1/measure/v31_measure.json
body-v3.8/measure/v32_measure.json,852640a3181a17ea81aee224e86ac5f7,979,body-v3.10/measure/v32_measure.json
body-v3.8/measure/v32_neck_scale.json,14486360543aa63b349b95440d1f1729,914,body-v3.10/measure/v32_neck_scale.json
body-v3.8/measure/v33_head_size.json,fc2bb9834c1e56d00aff074751409e63,968,body-v3.10/measure/v33_head_size.json
body-v3.8/measure/v33_head_size_overlay.json,f59662c96f18842e63e50af4d4cb1315,567,body-v3.10/measure/v33_head_size_overlay.json
body-v3.8/measure/v33_neck_scale.json,e40e7e3d179e145a736191fd39b80f52,368,body-v3.10/measure/v33_neck_scale.json
body-v3.8/sim/README.md,5a2184fcce272380e8a22600e08816c1,13351,body-v3.10/sim/README.md
body-v3.8/sim/arm_heat_v2.json,bc311c1775b81c9405219b9bbff5ec13,4223,body-v3/sim/arm_heat_v2.json
body-v3.8/sim/arm_heat_v3.json,07b5df779e4043a927a2b4d6fb21639a,4222,body-v3.10/sim/arm_heat_v3.json
body-v3.8/sim/compare_stock_v2_v3.json,0ed3b329d48797a6244eeffa2d5fde08,3805,body-v3/sim/compare_stock_v2_v3.json
body-v3.8/sim/compare_stock_v2_v3.md,895225c90e71fdfa98f1516ec893a8b1,2949,body-v3/sim/compare_stock_v2_v3.md
body-v3.8/sim/compare_v31_v32.json,c51ae2424f05c1ab5562ee15e9b2965f,3254,body-v3.10/sim/compare_v31_v32.json
body-v3.8/sim/compare_v31_v32.md,644ebfad4fb06dc032148c27094bee2c,1939,body-v3.10/sim/compare_v31_v32.md
body-v3.8/sim/compare_v32_v33.json,a6b9c313414ce0741dcde7c80ce064a7,3255,body-v3.10/sim/compare_v32_v33.json
body-v3.8/sim/compare_v32_v33.md,de11b2bed04349fe3059fe2af1f01f8d,1861,body-v3.10/sim/compare_v32_v33.md
body-v3.8/sim/compare_v33_v34.json,9970e48ff8444752844c36261fdbc8a7,3255,body-v3.10/sim/compare_v33_v34.json
body-v3.8/sim/compare_v33_v34.md,1bee2d057cf0af55e9285ae39642e0d4,1861,body-v3.10/sim/compare_v33_v34.md
body-v3.8/sim/compare_v34_v35.json,15b209ba528bca78169f2c308cc5a0c0,3263,body-v3.10/sim/compare_v34_v35.json
body-v3.8/sim/compare_v34_v35.md,e7b150ed0f30c20b731c9a2ac12058d0,2289,body-v3.10/sim/compare_v34_v35.md
body-v3.8/sim/compare_v35_v36.json,91ae3e17f2ce269016d61be082636f3e,3272,body-v3.10/sim/compare_v35_v36.json
body-v3.8/sim/compare_v35_v36.md,ada8c03eeb0156deaac729f93149e461,2344,body-v3.10/sim/compare_v35_v36.md
body-v3.8/sim/compare_v36_v37.json,3e11a3460b142718d63652a501df696e,3271,body-v3.10/sim/compare_v36_v37.json
body-v3.8/sim/compare_v36_v37.md,fda6c06c3d45610df1ba016b41b4ba7b,2405,body-v3.10/sim/compare_v36_v37.md
body-v3.8/sim/compare_v37_v38.json,1276986b406e998977d666daa157cf71,3272,body-v3.10/sim/compare_v37_v38.json
body-v3.8/sim/compare_v37_v38.md,f8a800c1b0a12f6fdc9a81f7131ee562,1915,body-v3.10/sim/compare_v37_v38.md
body-v3.8/sim/compare_v3_v31.json,7e29f9219c9b23c6c5982ab3a1a89db3,2829,body-v3.1/sim/compare_v3_v31.json
body-v3.8/sim/compare_v3_v31.md,175081c021dce15c7e987872af0ac43f,1611,body-v3.1/sim/compare_v3_v31.md
body-v3.8/sim/mass_report_v3.json,59db8486095e6f8be2a5c6ea3bb05976,12909,body-v3.8/sim/mass_report_v3.json
body-v3.8/sim/plot_compare.png,2457a623d2f320f37f590b6d2c9af28b,58887,body-v3/sim/plot_compare.png
body-v3.8/sim/results_v3.json,db7c5b8b22483b4f91eb46d530353928,7824,body-v3.10/sim/v38_ref/results_v3.json
body-v3.8/sim/walk_refine_eff_v32.json,717fc5f3296e4bab9981f75b1581774c,158,body-v3.5/sim/walk_refine_eff_v32.json
body-v3.8/sim/walk_refine_v32.json,2b5d72dc2c00aa2e8fe281470f3f8094,158,body-v3.8/sim/walk_refine_v32.json
body-v3.8/sim/walk_v3.json,fee45989bdaf3ab94dcabed25b50e7bb,3039,body-v3.10/sim/v38_ref/walk_v3.json
body-v3.8/sim/walk_v3_eff.json,228f2964c6705f80ebc7366edb2f0317,3043,body-v3.10/sim/v38_ref/walk_v3_eff.json
body-v3.8/sim/walk_v3_eff_noref.json,ebaa41acfaaef3b24dc77ab83db09f93,3101,body-v3.10/sim/walk_v3_eff_noref.json
body-v3.8/sim/walk_v3_noref.json,85f5f335181e839cfdc2d627ecca5d32,3095,body-v3.10/sim/walk_v3_noref.json
body-v3.8/sim/v31_ref/arm_heat_v3.json,2126fcc62fd7d3c396dcb7770419204a,4220,body-v3.1/sim/arm_heat_v3.json
body-v3.8/sim/v31_ref/mass_report_v3.json,b22177cef249a8bc99fcb2f57bb05878,12902,body-v3.1/sim/mass_report_v3.json
body-v3.8/sim/v31_ref/results_v3.json,510d1456468455e8152b440555672307,8029,body-v3.1/sim/results_v3.json
body-v3.8/sim/v31_ref/walk_v3.json,21a198ab40b540b4e3398bd7bdd66988,3094,body-v3.1/sim/walk_v3.json
body-v3.8/sim/v31_ref/walk_v3_eff.json,031ec90a823c37124efb0f9b271545e0,3102,body-v3.1/sim/walk_v3_eff.json
body-v3.8/sim/v32_ref/arm_heat_v3.json,07b5df779e4043a927a2b4d6fb21639a,4222,body-v3.10/sim/arm_heat_v3.json
body-v3.8/sim/v32_ref/results_v3.json,691b926aea221e63317388971ca903f7,8023,body-v3.10/sim/v32_ref/results_v3.json
body-v3.8/sim/v32_ref/walk_refine_v32.json,0648267fc7b09edeaa65985c0b4db260,157,body-v3.10/sim/v32_ref/walk_refine_v32.json
body-v3.8/sim/v32_ref/walk_v3.json,120423616b57938b7fd7672da7ad00f6,3165,body-v3.10/sim/v32_ref/walk_v3.json
body-v3.8/sim/v32_ref/walk_v3_eff.json,0860666c2fb00c61803ca5cf38d8cf2e,3103,body-v3.10/sim/v32_ref/walk_v3_eff.json
body-v3.8/sim/v33_ref/arm_heat_v3.json,07b5df779e4043a927a2b4d6fb21639a,4222,body-v3.10/sim/arm_heat_v3.json
body-v3.8/sim/v33_ref/results_v3.json,1f5b949f70ea6f2d2ca68c339ea885bb,8028,body-v3.10/sim/v33_ref/results_v3.json
body-v3.8/sim/v33_ref/walk_v3.json,135fd3eba247694b2d0455b05c2b1ed0,3154,body-v3.10/sim/v33_ref/walk_v3.json
body-v3.8/sim/v33_ref/walk_v3_eff.json,07f206d2b718406f84a80514363a0894,3163,body-v3.10/sim/v33_ref/walk_v3_eff.json
body-v3.8/sim/v34_ref/arm_heat_v3.json,07b5df779e4043a927a2b4d6fb21639a,4222,body-v3.10/sim/arm_heat_v3.json
body-v3.8/sim/v34_ref/results_v3.json,daa3ef05a96a0d46bbace841296e31c6,8020,body-v3.10/sim/v34_ref/results_v3.json
body-v3.8/sim/v34_ref/walk_v3.json,7f1ce820d388e0e41ba3dfc2c5faba4a,3155,body-v3.10/sim/v34_ref/walk_v3.json
body-v3.8/sim/v34_ref/walk_v3_eff.json,4ea2b63d0b9eba2faa54ba882cf92f93,3160,body-v3.10/sim/v34_ref/walk_v3_eff.json
body-v3.8/sim/v36_ref/arm_heat_v3.json,07b5df779e4043a927a2b4d6fb21639a,4222,body-v3.10/sim/arm_heat_v3.json
body-v3.8/sim/v36_ref/results_v3.json,6d09c34dcdbeb0ab1721a3015ed869a3,7773,body-v3.10/sim/v36_ref/results_v3.json
body-v3.8/sim/v36_ref/walk_v3.json,38bcf54acd4ca8bbf675993d585329f0,3039,body-v3.10/sim/v36_ref/walk_v3.json
body-v3.8/sim/v36_ref/walk_v3_eff.json,31b8a828b14afc9f5d317ef29cfbe9a9,3042,body-v3.10/sim/v36_ref/walk_v3_eff.json
body-v3.8/sim/v37_ref/arm_heat_v3.json,07b5df779e4043a927a2b4d6fb21639a,4222,body-v3.10/sim/arm_heat_v3.json
body-v3.8/sim/v37_ref/results_v3.json,e28526abee73fc3f1f2ce8a8893f87ae,7780,body-v3.10/sim/v37_ref/results_v3.json
body-v3.8/sim/v37_ref/walk_v3.json,33671a750fd7dce386401bce59f686a8,3032,body-v3.10/sim/v37_ref/walk_v3.json
body-v3.8/sim/v37_ref/walk_v3_eff.json,7be0f1960d01f0a3b80fb0f12f58de19,3043,body-v3.10/sim/v37_ref/walk_v3_eff.json
body-v3.8/sim/v3_ref/arm_heat_v3.json,24f0f1621b09d575497b233327d5af34,4223,body-v3/sim/arm_heat_v3.json
body-v3.8/sim/v3_ref/results_v3.json,e91a5d8c46c37b6547966407c5d77848,8025,body-v3/sim/results_v3.json
body-v3.8/sim/v3_ref/walk_v3.json,f6dfc33626937c34a72b551e33684da3,3337,body-v3/sim/walk_v3.json
body-v3.8/sim/v3_ref/walk_v3_eff.json,394deba9fbf961cf5d88aae40d78c2e6,3347,body-v3/sim/walk_v3_eff.json
body-v3.9/README.md,65c2e177b5412a5e63ba38b5190edbde,6101,body-v3.10/README.md
body-v3.9/README_v3.md,d5dfb182350ce2de808eda08cc549acc,8398,body-v3/README.md
body-v3.9/README_v31.md,62cf5740b1281b505a1e2bb98d536030,8478,body-v3.1/README.md
body-v3.9/README_v32.md,36d5079dfd7d10c4ca271706c936cf5a,12057,body-v3.10/README_v32.md
body-v3.9/README_v33.md,6752bb01dae32e530a285e330f4d5770,5164,body-v3.10/README_v33.md
body-v3.9/README_v34.md,b512057a38e8cd7dd3ee07219c058e51,2623,body-v3.10/README_v34.md
body-v3.9/README_v35.md,7d8c481c42edc18f57b68b7bcea44345,2418,body-v3.10/README_v35.md
body-v3.9/README_v36.md,756af93fbf80b2ee9e5fee1458509d98,2438,body-v3.10/README_v36.md
body-v3.9/README_v38.md,ed0092856c928668efe6274c4752d7c2,4651,body-v3.10/README_v38.md
body-v3.9/README_v39.md,93f974e23db0965ce50120ba22d3dfaf,4818,body-v3.10/README_v39.md
body-v3.9/bom_v35.md,54e414cced6d75762caa12cba76d0d40,1012,body-v3.10/bom_v35.md
body-v3.9/build_report.json,3c08239c078593b51d293cace8ec1a27,19929,body-v3.10/build_report.json
body-v3.9/changed_parts_v36_to_v37.json,a9a41d7c46a2ad62fed49408f90e4b29,1338,body-v3.10/changed_parts_v36_to_v37.json
body-v3.9/changed_parts_v37_to_v38.json,49ae233dc0c85f386397a6f0a52f4f9a,6172,body-v3.10/changed_parts_v37_to_v38.json
body-v3.9/changed_parts_v38_to_v39.json,d3cd5cdf0f50ea6407e39f2225cef809,6381,body-v3.10/changed_parts_v38_to_v39.json
body-v3.9/collide_log_v38.txt,9401ea726b306a56955aecbaf3d6525e,4281,body-v3.10/collide_log_v38.txt
body-v3.9/collide_log_v39.txt,9401ea726b306a56955aecbaf3d6525e,4281,body-v3.10/collide_log_v38.txt
body-v3.9/collide_report.json,e6ddd4078834a837f9559a91643465bb,20690,body-v3.10/collide_report.json
body-v3.9/collide_v31_rule_check.json,2cfb89f60ed078067a5b0d563369f90c,129,body-v3.1/collide_v31_rule_check.json
body-v3.9/collide_v32_rule_check.json,005b67a629f7dd1569344a87c0e8df7b,164,body-v3.10/collide_v32_rule_check.json
body-v3.9/grain_report_v37.json,9861ef87ec67681b74bd2b37653218cb,1961,body-v3.9/grain_report_v37.json
body-v3.9/head_print_report.json,79f615cf398723aa2801b3336ef39415,6972,body-v3.10/head_print_report.json
body-v3.9/head_print_report_v36.json,d33da0d7f147f0bd784709823ca6e9ae,7037,body-v3.10/head_print_report_v36.json
body-v3.9/head_print_report_v37.json,4e0e79baf232a56165080655c08ae618,7733,body-v3.10/head_print_report_v37.json
body-v3.9/head_print_report_v38.json,5d6e16e5fb2414e0bbfca34176d0c3f5,7735,body-v3.10/head_print_report_v38.json
body-v3.9/head_print_report_v39.json,ba2c678786c8b3f4cd8feca3787e75dd,7781,body-v3.10/head_print_report_v39.json
body-v3.9/head_size_v36.json,04f54b55f682598962ff3481a5aba85f,717,body-v3.10/head_size_v36.json
body-v3.9/print_sheet_body_v38.md,face3494b2f0898c92d4de88aa098edc,6733,body-v3.10/print_sheet_body_v38.md
body-v3.9/print_sheet_head.md,ac0500e69043b84dbd57f7204b995982,3511,body-v3.10/print_sheet_head.md
body-v3.9/print_sheet_head_v36.md,6ac4c2094ed80fd60fd094d5b6ead7f8,3683,body-v3.10/print_sheet_head_v36.md
body-v3.9/print_sheet_head_v37.md,e9fbab93227e450a8c099f93fd6ea65b,5234,body-v3.10/print_sheet_head_v37.md
body-v3.9/print_sheet_head_v38.md,1bd44b955d22ea2e13d00bf05d107d31,5698,body-v3.10/print_sheet_head_v38.md
body-v3.9/print_sheet_head_v39.md,be1e14d15b9f562fb02da2a9853dbef9,5766,body-v3.10/print_sheet_head_v39.md
body-v3.9/servo_choice.md,316473d63f90ad6a5649462db90ee4c3,7062,body-v3.1/servo_choice.md
body-v3.9/torso_env_v34.json,bda31ea296b814d3685d260d29f3e20f,36249,body-v3.10/torso_env_v34.json
body-v3.9/torso_env_v36.json,8b9d02fce005d442335cfb062533af58,54421,body-v3.10/torso_env_v36.json
body-v3.9/torso_env_v38.json,687e14f2e4e89bf21a99087d015075c6,54455,body-v3.10/torso_env_v38.json
body-v3.9/measure/photo_measure.json,5832cf5aab493edae31cd598e050fc53,2746,body-v3/measure/photo_measure.json
body-v3.9/measure/targets.json,7b665a9c4ecd33771be6d5312f1cfcdb,5282,body-v3/measure/targets.json
body-v3.9/measure/v31_measure.json,7770567faa6c6ee5ce5e18b1da51c474,1121,body-v3.1/measure/v31_measure.json
body-v3.9/measure/v32_measure.json,852640a3181a17ea81aee224e86ac5f7,979,body-v3.10/measure/v32_measure.json
body-v3.9/measure/v32_neck_scale.json,14486360543aa63b349b95440d1f1729,914,body-v3.10/measure/v32_neck_scale.json
body-v3.9/measure/v33_head_size.json,fc2bb9834c1e56d00aff074751409e63,968,body-v3.10/measure/v33_head_size.json
body-v3.9/measure/v33_head_size_overlay.json,f59662c96f18842e63e50af4d4cb1315,567,body-v3.10/measure/v33_head_size_overlay.json
body-v3.9/measure/v33_neck_scale.json,e40e7e3d179e145a736191fd39b80f52,368,body-v3.10/measure/v33_neck_scale.json
body-v3.9/sim/README.md,5a2184fcce272380e8a22600e08816c1,13351,body-v3.10/sim/README.md
body-v3.9/sim/arm_heat_v2.json,bc311c1775b81c9405219b9bbff5ec13,4223,body-v3/sim/arm_heat_v2.json
body-v3.9/sim/arm_heat_v3.json,07b5df779e4043a927a2b4d6fb21639a,4222,body-v3.10/sim/arm_heat_v3.json
body-v3.9/sim/compare_stock_v2_v3.json,0ed3b329d48797a6244eeffa2d5fde08,3805,body-v3/sim/compare_stock_v2_v3.json
body-v3.9/sim/compare_stock_v2_v3.md,895225c90e71fdfa98f1516ec893a8b1,2949,body-v3/sim/compare_stock_v2_v3.md
body-v3.9/sim/compare_v31_v32.json,c51ae2424f05c1ab5562ee15e9b2965f,3254,body-v3.10/sim/compare_v31_v32.json
body-v3.9/sim/compare_v31_v32.md,644ebfad4fb06dc032148c27094bee2c,1939,body-v3.10/sim/compare_v31_v32.md
body-v3.9/sim/compare_v32_v33.json,a6b9c313414ce0741dcde7c80ce064a7,3255,body-v3.10/sim/compare_v32_v33.json
body-v3.9/sim/compare_v32_v33.md,de11b2bed04349fe3059fe2af1f01f8d,1861,body-v3.10/sim/compare_v32_v33.md
body-v3.9/sim/compare_v33_v34.json,9970e48ff8444752844c36261fdbc8a7,3255,body-v3.10/sim/compare_v33_v34.json
body-v3.9/sim/compare_v33_v34.md,1bee2d057cf0af55e9285ae39642e0d4,1861,body-v3.10/sim/compare_v33_v34.md
body-v3.9/sim/compare_v34_v35.json,15b209ba528bca78169f2c308cc5a0c0,3263,body-v3.10/sim/compare_v34_v35.json
body-v3.9/sim/compare_v34_v35.md,e7b150ed0f30c20b731c9a2ac12058d0,2289,body-v3.10/sim/compare_v34_v35.md
body-v3.9/sim/compare_v35_v36.json,91ae3e17f2ce269016d61be082636f3e,3272,body-v3.10/sim/compare_v35_v36.json
body-v3.9/sim/compare_v35_v36.md,ada8c03eeb0156deaac729f93149e461,2344,body-v3.10/sim/compare_v35_v36.md
body-v3.9/sim/compare_v36_v37.json,3e11a3460b142718d63652a501df696e,3271,body-v3.10/sim/compare_v36_v37.json
body-v3.9/sim/compare_v36_v37.md,fda6c06c3d45610df1ba016b41b4ba7b,2405,body-v3.10/sim/compare_v36_v37.md
body-v3.9/sim/compare_v37_v38.json,1276986b406e998977d666daa157cf71,3272,body-v3.10/sim/compare_v37_v38.json
body-v3.9/sim/compare_v37_v38.md,f8a800c1b0a12f6fdc9a81f7131ee562,1915,body-v3.10/sim/compare_v37_v38.md
body-v3.9/sim/compare_v38_v39.json,5a057226cca27472ecf7125a724e8082,3274,body-v3.10/sim/compare_v38_v39.json
body-v3.9/sim/compare_v38_v39.md,dc30e35f4edbde2136c3daf04fc04bcc,1917,body-v3.10/sim/compare_v38_v39.md
body-v3.9/sim/compare_v3_v31.json,7e29f9219c9b23c6c5982ab3a1a89db3,2829,body-v3.1/sim/compare_v3_v31.json
body-v3.9/sim/compare_v3_v31.md,175081c021dce15c7e987872af0ac43f,1611,body-v3.1/sim/compare_v3_v31.md
body-v3.9/sim/mass_report_v3.json,5bb26a2cc6a28fce1a245bb3675f10c0,12909,body-v3.9/sim/mass_report_v3.json
body-v3.9/sim/plot_compare.png,2457a623d2f320f37f590b6d2c9af28b,58887,body-v3/sim/plot_compare.png
body-v3.9/sim/results_v3.json,6603ecb5509ca86206a169ce15811895,7824,body-v3.10/sim/v39_ref/results_v3.json
body-v3.9/sim/walk_refine_eff_v32.json,717fc5f3296e4bab9981f75b1581774c,158,body-v3.5/sim/walk_refine_eff_v32.json
body-v3.9/sim/walk_refine_v32.json,b6052ae7c18d8fd8628d590cc40de8ec,157,body-v3.9/sim/walk_refine_v32.json
body-v3.9/sim/walk_v3.json,8fc65df0a06c89e667c1c6d739d66c3c,3033,body-v3.10/sim/v39_ref/walk_v3.json
body-v3.9/sim/walk_v3_eff.json,79767a0ef34301f4d5f02ac4e2c255bf,3042,body-v3.10/sim/v39_ref/walk_v3_eff.json
body-v3.9/sim/walk_v3_eff_noref.json,ebaa41acfaaef3b24dc77ab83db09f93,3101,body-v3.10/sim/walk_v3_eff_noref.json
body-v3.9/sim/walk_v3_noref.json,85f5f335181e839cfdc2d627ecca5d32,3095,body-v3.10/sim/walk_v3_noref.json
body-v3.9/sim/v31_ref/arm_heat_v3.json,2126fcc62fd7d3c396dcb7770419204a,4220,body-v3.1/sim/arm_heat_v3.json
body-v3.9/sim/v31_ref/mass_report_v3.json,b22177cef249a8bc99fcb2f57bb05878,12902,body-v3.1/sim/mass_report_v3.json
body-v3.9/sim/v31_ref/results_v3.json,510d1456468455e8152b440555672307,8029,body-v3.1/sim/results_v3.json
body-v3.9/sim/v31_ref/walk_v3.json,21a198ab40b540b4e3398bd7bdd66988,3094,body-v3.1/sim/walk_v3.json
body-v3.9/sim/v31_ref/walk_v3_eff.json,031ec90a823c37124efb0f9b271545e0,3102,body-v3.1/sim/walk_v3_eff.json
body-v3.9/sim/v32_ref/arm_heat_v3.json,07b5df779e4043a927a2b4d6fb21639a,4222,body-v3.10/sim/arm_heat_v3.json
body-v3.9/sim/v32_ref/results_v3.json,691b926aea221e63317388971ca903f7,8023,body-v3.10/sim/v32_ref/results_v3.json
body-v3.9/sim/v32_ref/walk_refine_v32.json,0648267fc7b09edeaa65985c0b4db260,157,body-v3.10/sim/v32_ref/walk_refine_v32.json
body-v3.9/sim/v32_ref/walk_v3.json,120423616b57938b7fd7672da7ad00f6,3165,body-v3.10/sim/v32_ref/walk_v3.json
body-v3.9/sim/v32_ref/walk_v3_eff.json,0860666c2fb00c61803ca5cf38d8cf2e,3103,body-v3.10/sim/v32_ref/walk_v3_eff.json
body-v3.9/sim/v33_ref/arm_heat_v3.json,07b5df779e4043a927a2b4d6fb21639a,4222,body-v3.10/sim/arm_heat_v3.json
body-v3.9/sim/v33_ref/results_v3.json,1f5b949f70ea6f2d2ca68c339ea885bb,8028,body-v3.10/sim/v33_ref/results_v3.json
body-v3.9/sim/v33_ref/walk_v3.json,135fd3eba247694b2d0455b05c2b1ed0,3154,body-v3.10/sim/v33_ref/walk_v3.json
body-v3.9/sim/v33_ref/walk_v3_eff.json,07f206d2b718406f84a80514363a0894,3163,body-v3.10/sim/v33_ref/walk_v3_eff.json
body-v3.9/sim/v34_ref/arm_heat_v3.json,07b5df779e4043a927a2b4d6fb21639a,4222,body-v3.10/sim/arm_heat_v3.json
body-v3.9/sim/v34_ref/results_v3.json,daa3ef05a96a0d46bbace841296e31c6,8020,body-v3.10/sim/v34_ref/results_v3.json
body-v3.9/sim/v34_ref/walk_v3.json,7f1ce820d388e0e41ba3dfc2c5faba4a,3155,body-v3.10/sim/v34_ref/walk_v3.json
body-v3.9/sim/v34_ref/walk_v3_eff.json,4ea2b63d0b9eba2faa54ba882cf92f93,3160,body-v3.10/sim/v34_ref/walk_v3_eff.json
body-v3.9/sim/v36_ref/arm_heat_v3.json,07b5df779e4043a927a2b4d6fb21639a,4222,body-v3.10/sim/arm_heat_v3.json
body-v3.9/sim/v36_ref/results_v3.json,6d09c34dcdbeb0ab1721a3015ed869a3,7773,body-v3.10/sim/v36_ref/results_v3.json
body-v3.9/sim/v36_ref/walk_v3.json,38bcf54acd4ca8bbf675993d585329f0,3039,body-v3.10/sim/v36_ref/walk_v3.json
body-v3.9/sim/v36_ref/walk_v3_eff.json,31b8a828b14afc9f5d317ef29cfbe9a9,3042,body-v3.10/sim/v36_ref/walk_v3_eff.json
body-v3.9/sim/v37_ref/arm_heat_v3.json,07b5df779e4043a927a2b4d6fb21639a,4222,body-v3.10/sim/arm_heat_v3.json
body-v3.9/sim/v37_ref/results_v3.json,e28526abee73fc3f1f2ce8a8893f87ae,7780,body-v3.10/sim/v37_ref/results_v3.json
body-v3.9/sim/v37_ref/walk_v3.json,33671a750fd7dce386401bce59f686a8,3032,body-v3.10/sim/v37_ref/walk_v3.json
body-v3.9/sim/v37_ref/walk_v3_eff.json,7be0f1960d01f0a3b80fb0f12f58de19,3043,body-v3.10/sim/v37_ref/walk_v3_eff.json
body-v3.9/sim/v38_ref/arm_heat_v3.json,07b5df779e4043a927a2b4d6fb21639a,4222,body-v3.10/sim/arm_heat_v3.json
body-v3.9/sim/v38_ref/results_v3.json,db7c5b8b22483b4f91eb46d530353928,7824,body-v3.10/sim/v38_ref/results_v3.json
body-v3.9/sim/v38_ref/walk_v3.json,fee45989bdaf3ab94dcabed25b50e7bb,3039,body-v3.10/sim/v38_ref/walk_v3.json
body-v3.9/sim/v38_ref/walk_v3_eff.json,228f2964c6705f80ebc7366edb2f0317,3043,body-v3.10/sim/v38_ref/walk_v3_eff.json
body-v3.9/sim/v3_ref/arm_heat_v3.json,24f0f1621b09d575497b233327d5af34,4223,body-v3/sim/arm_heat_v3.json
body-v3.9/sim/v3_ref/results_v3.json,e91a5d8c46c37b6547966407c5d77848,8025,body-v3/sim/results_v3.json
body-v3.9/sim/v3_ref/walk_v3.json,f6dfc33626937c34a72b551e33684da3,3337,body-v3/sim/walk_v3.json
body-v3.9/sim/v3_ref/walk_v3_eff.json,394deba9fbf961cf5d88aae40d78c2e6,3347,body-v3/sim/walk_v3_eff.json
hair-v3.33/STATUS.md,17d12f404984025d9fc620c4fc33ca53,13810,hair-v3.33/STATUS.md
hair-v3.33/checks/armhead_r11.json,eabd541d4e1db9a5e74be68987915c83,3633,hair-v3.33/checks/armhead_r11.json
hair-v3.33/checks/armhead_r4.json,53e014231dd41b5bb68043720642365a,3631,hair-v3.33/checks/armhead_r4.json
hair-v3.33/checks/armhead_r6b.json,e1b68d4b91d7e06ea08412d6c4614b30,3633,hair-v3.33/checks/armhead_r6b.json
hair-v3.33/checks/armhead_v2.json,d0a468e701f9a28f5120d318e1add694,5665,hair-v3.33/checks/armhead_v2.json
hair-v3.33/checks/armhead_v3.json,5b5c5f7e718cd400082111c66824e949,9809,hair-v3.33/checks/armhead_v3.json
hair-v3.33/checks/armhead_v330.json,2c0b5bcb4f226e37b441ed5aba1f5f43,2204,hair-v3.33/checks/armhead_v330.json
hair-v3.33/checks/armhead_v3t115.json,123267d3a04c19129778747f9ffa994b,12987,hair-v3.33/checks/armhead_v3t115.json
hair-v3.33/checks/armhead_v8.json,0ae12dbe272372ee75e741a42f36c9cf,2073,hair-v3.33/checks/armhead_v8.json
hair-v3.33/measure/iou_r1.json,f125b0188b238fffd34f6ec5091b155c,681,hair-v3.33/measure/iou_r1.json
hair-v3.33/measure/iou_r10.json,1a065595510b1db5be5ff753b1d449bf,680,hair-v3.33/measure/iou_r10.json
hair-v3.33/measure/iou_r11.json,834db86468ffdd096945499284d40dfb,681,hair-v3.33/measure/iou_r11.json
hair-v3.33/measure/iou_r12.json,f48ab3ffc6ade07db81373fc889d0bbc,681,hair-v3.33/measure/iou_r12.json
hair-v3.33/measure/iou_r2.json,f8dfce746f5dfffbdc064d8f744854ef,678,hair-v3.33/measure/iou_r2.json
hair-v3.33/measure/iou_r2b.json,02222037e10c6add493282be4785cfaf,680,hair-v3.33/measure/iou_r2b.json
hair-v3.33/measure/iou_r3.json,b6502f5a65d646650d4461245acda8ed,680,hair-v3.33/measure/iou_r3.json
hair-v3.33/measure/iou_r3b.json,46a1ee043dd8ea043f6c132515808863,681,hair-v3.33/measure/iou_r3b.json
hair-v3.33/measure/iou_r4.json,b0bffb5f8fd202e016fe4e71aaaae5ba,679,hair-v3.33/measure/iou_r4.json
hair-v3.33/measure/iou_r4b.json,aecb58d7427af5f115040c3c117ad7f7,678,hair-v3.33/measure/iou_r4b.json
hair-v3.33/measure/iou_r5.json,512be2c59ee03be1d09c4b983b3b6e4a,678,hair-v3.33/measure/iou_r5.json
hair-v3.33/measure/iou_r5b.json,5d745d4ec9f259d7378d464448af6aa9,678,hair-v3.33/measure/iou_r5b.json
hair-v3.33/measure/iou_r6.json,b8fd15485c76dd63bbbfa71992ca55e4,679,hair-v3.33/measure/iou_r6.json
hair-v3.33/measure/iou_r6b.json,1d29b354347d80d5db25820085085553,681,hair-v3.33/measure/iou_r6b.json
hair-v3.33/measure/iou_r7.json,be198b5a27c84a679a860f073854951b,680,hair-v3.33/measure/iou_r7.json
hair-v3.33/measure/iou_r7b.json,5854ef5473cb08f62d10a7ebe5ce4bb0,681,hair-v3.33/measure/iou_r7b.json
hair-v3.33/measure/iou_r8b.json,ad27794e3e83b4a3a70c317612737105,681,hair-v3.33/measure/iou_r8b.json
hair-v3.33/measure/iou_r9.json,6c8613c0ce324c381e430a3e898d1734,680,hair-v3.33/measure/iou_r9.json
hair-v3.33/measure/iou_r9b.json,ed0c9cae9e119bf7948522763813854f,680,hair-v3.33/measure/iou_r9b.json
hair-v3.33/measure/iou_v1.json,5884c5b9cc4f6e271556e5933923a69a,684,hair-v3.33/measure/iou_v1.json
hair-v3.33/measure/iou_v10.json,253635c97398401be10f83eb911f7856,681,hair-v3.33/measure/iou_v10.json
hair-v3.33/measure/iou_v10b.json,2b59c4736b109422e9bc48dcc678c641,680,hair-v3.33/measure/iou_v10b.json
hair-v3.33/measure/iou_v2.json,ec2c3d6b578a1705e828d4fda20e3a22,680,hair-v3.33/measure/iou_v2.json
hair-v3.33/measure/iou_v3.json,d9ed4410075f95a3a7ce140f209cab54,684,hair-v3.33/measure/iou_v3.json
hair-v3.33/measure/iou_v330.json,b497c7ddad1dea6730a22c5aa0680033,682,hair-v3.33/measure/iou_v330.json
hair-v3.33/measure/iou_v3t115.json,c35998b916e7d14b06f5b4274a69c6d5,684,hair-v3.33/measure/iou_v3t115.json
hair-v3.33/measure/iou_v3t95.json,87b93aeab9028a05dca65762530b9802,684,hair-v3.33/measure/iou_v3t95.json
hair-v3.33/measure/iou_v4.json,fade1da0d8e9a37cf663aa7de07be80f,681,hair-v3.33/measure/iou_v4.json
hair-v3.33/measure/iou_v5.json,9055c9a1455919eb4b6fea2abb627b27,684,hair-v3.33/measure/iou_v5.json
hair-v3.33/measure/iou_v6.json,5d7a6977ca5260c4e2f1e007ec7fb09b,681,hair-v3.33/measure/iou_v6.json
hair-v3.33/measure/iou_v6a.json,c5081f8e3567ac176db599a61875ab46,680,hair-v3.33/measure/iou_v6a.json
hair-v3.33/measure/iou_v6c.json,ecf2f7f6e21dda895ac97e4cb8b3a68b,679,hair-v3.33/measure/iou_v6c.json
hair-v3.33/measure/iou_v7.json,32502b8a1788c6758b296946db3cc6a5,681,hair-v3.33/measure/iou_v7.json
hair-v3.33/measure/iou_v7b.json,bf78acf8599347d50bfc560cb6eb5a7b,680,hair-v3.33/measure/iou_v7b.json
hair-v3.33/measure/iou_v8.json,3b2104a08465278a2582d9b62c285df9,678,hair-v3.33/measure/iou_v8.json
hair-v3.33/measure/iou_v8b.json,b23346de0bfb7b3d1925fc2a5c574fd9,679,hair-v3.33/measure/iou_v8b.json
hair-v3.33/measure/iou_v9.json,c6757c17c2ef7d2e4009c587ea306f46,681,hair-v3.33/measure/iou_v9.json
hair-v3.33/measure/iou_v9b.json,05d003a5a8506cb6ec6d759ba999a087,678,hair-v3.33/measure/iou_v9b.json
hair-v3.33/sim/results_r11.json,0587dad77d7178cf51bbedf9fcef2dc5,9069,hair-v3.33/sim/results_r11.json
hair-v3.33/sim/results_v3.json,0587dad77d7178cf51bbedf9fcef2dc5,9069,hair-v3.33/sim/results_r11.json
hair-v3.33/sim/rt_r11.log,5034f46bffb6b4ffffe57e8b3af93760,4104,hair-v3.33/sim/rt_r11.log
hair-v3.33/sim/static_r11.json,072b4d547058b92a6ae2c07c4be49d76,132,hair-v3.33/sim/static_r11.json
hair-v3.34/STATUS.md,c2a88ad953379fff9007b729805c3271,7030,hair-v3.34/STATUS.md
hair-v3.34/checks/armhead_s16.json,889a95a1323579b76723830b96315dea,3633,hair-v3.34/checks/armhead_s16.json
hair-v3.34/measure/iou_r11.json,834db86468ffdd096945499284d40dfb,681,hair-v3.33/measure/iou_r11.json
hair-v3.34/measure/iou_s1.json,3529ffeba1fd540bf344a5bcb99adc56,680,hair-v3.34/measure/iou_s1.json
hair-v3.34/measure/iou_s10.json,eca033b213f31b2107cbe0f65e142b0a,679,hair-v3.34/measure/iou_s10.json
hair-v3.34/measure/iou_s11.json,0ab0fb1d2edc562c62f28bc07bd69da4,681,hair-v3.34/measure/iou_s11.json
hair-v3.34/measure/iou_s12.json,2d82932114d9626b022072c5c3a13b71,680,hair-v3.34/measure/iou_s12.json
hair-v3.34/measure/iou_s13.json,b26e2b166ca655a92e5c86e1cd88ec5a,676,hair-v3.34/measure/iou_s13.json
hair-v3.34/measure/iou_s14.json,cc82cf395aa0e17bff56b43d8137a221,680,hair-v3.34/measure/iou_s14.json
hair-v3.34/measure/iou_s15.json,5bc51ed96967bdab34cda5186e2f5bb8,681,hair-v3.34/measure/iou_s15.json
hair-v3.34/measure/iou_s16.json,c4c989bc449031ff73fa4fcb97e2e6b0,679,hair-v3.34/measure/iou_s16.json
hair-v3.34/measure/iou_s2.json,7efe3823ddd0f5cfbca62f5e94c12f13,681,hair-v3.34/measure/iou_s2.json
hair-v3.34/measure/iou_s3.json,0b5f112976b2f72259a67e6e5ec91a3f,681,hair-v3.34/measure/iou_s3.json
hair-v3.34/measure/iou_s4.json,20b80eb861ce577583f286486ff75da9,679,hair-v3.34/measure/iou_s4.json
hair-v3.34/measure/iou_s5.json,f5856e10156d4a9f7b904970cd30adf9,681,hair-v3.34/measure/iou_s5.json
hair-v3.34/measure/iou_s6.json,7684cd7f931f50783532e165e78f6c0c,680,hair-v3.34/measure/iou_s6.json
hair-v3.34/measure/iou_s7.json,89fa695718fc39734c3d507373964c6e,681,hair-v3.34/measure/iou_s7.json
hair-v3.34/measure/iou_s8.json,858ff021ceaa2435695e20ff45603e76,680,hair-v3.34/measure/iou_s8.json
hair-v3.34/measure/iou_s9.json,2f2f6b58d02c8b3a986d16141799fcb0,680,hair-v3.34/measure/iou_s9.json
hair-v3.34/measure/iou_v330.json,b497c7ddad1dea6730a22c5aa0680033,682,hair-v3.33/measure/iou_v330.json
hair-v3.34/sim/results_s16.json,d3f12a80317f2f8b8f30555cf91905df,9086,hair-v3.34/sim/results_s16.json
hair-v3.34/sim/results_v3.json,d3f12a80317f2f8b8f30555cf91905df,9086,hair-v3.34/sim/results_s16.json
hair-v3.34/sim/rt_s16.log,9af00dd39493b5f85f73588a06c411a9,4185,hair-v3.34/sim/rt_s16.log
hair-v3.35/STATUS.md,3e0bb083a595b67041691cc957e8e0e1,10285,hair-v3.35/STATUS.md
hair-v3.35/checks/armhead_s16base.json,7e9a73b31e40b5cd799e88c3f08cef7f,9026,hair-v3.35/checks/armhead_s16base.json
hair-v3.35/checks/armhead_t1.json,785e877319f92d6a21478c880dfc95f2,10178,hair-v3.35/checks/armhead_t1.json
hair-v3.35/checks/armhead_t12.json,803b810b27b09bac04abed3a463df998,9553,hair-v3.35/checks/armhead_t12.json
hair-v3.35/checks/armhead_t15.json,0010de048f2891a545bcbb68be9ad3c4,9672,hair-v3.35/checks/armhead_t15.json
hair-v3.35/measure/iou_r11.json,834db86468ffdd096945499284d40dfb,681,hair-v3.33/measure/iou_r11.json
hair-v3.35/measure/iou_s16.json,c4c989bc449031ff73fa4fcb97e2e6b0,679,hair-v3.34/measure/iou_s16.json
hair-v3.35/measure/iou_s16re2.json,c4c989bc449031ff73fa4fcb97e2e6b0,679,hair-v3.34/measure/iou_s16.json
hair-v3.35/measure/iou_t1.json,a834297922f26fbe00568daf7e133f87,681,hair-v3.35/measure/iou_t1.json
hair-v3.35/measure/iou_t10.json,3abaf7e6e1e4e33bd1808db41f51b894,680,hair-v3.35/measure/iou_t10.json
hair-v3.35/measure/iou_t11.json,0e4bb1ee938d98936eec4242d8b6a254,679,hair-v3.35/measure/iou_t11.json
hair-v3.35/measure/iou_t12.json,8a0e60584f2ac8c56b2ddbc02de1401d,680,hair-v3.35/measure/iou_t12.json
hair-v3.35/measure/iou_t13.json,452c554d82ce0ca233bbdb5f145787b0,681,hair-v3.35/measure/iou_t13.json
hair-v3.35/measure/iou_t14.json,27b63e3ce60468a08b04f3c5ca14ab49,680,hair-v3.35/measure/iou_t14.json
hair-v3.35/measure/iou_t15.json,ed6fc06d2f55b165db9d3d1971f1d573,677,hair-v3.35/measure/iou_t15.json
hair-v3.35/measure/iou_t2.json,5719acb75d8d41b1d97fd69b9d3e826b,679,hair-v3.35/measure/iou_t2.json
hair-v3.35/measure/iou_t3.json,9bc8f33f2415ded844421cad1a2c59cc,680,hair-v3.35/measure/iou_t3.json
hair-v3.35/measure/iou_t4.json,d640e774cb98e1c3cbecfecd13ad7be1,681,hair-v3.35/measure/iou_t4.json
hair-v3.35/measure/iou_t5.json,174c951cf54e6d4775187c1f159d1b1b,679,hair-v3.35/measure/iou_t5.json
hair-v3.35/measure/iou_t6.json,ce5383e813fc01ccaa9e4348a3267b3c,678,hair-v3.35/measure/iou_t6.json
hair-v3.35/measure/iou_t7.json,997b57ea30b975e97ea7bc4d4b6b34c8,678,hair-v3.35/measure/iou_t7.json
hair-v3.35/measure/iou_t8.json,faac0a2246f4f7a7974b92391902d1f7,680,hair-v3.35/measure/iou_t8.json
hair-v3.35/measure/iou_t9.json,94cc06d1a3503ec5df1fc4d72a59316e,680,hair-v3.35/measure/iou_t9.json
hair-v3.35/measure/iou_v330.json,b497c7ddad1dea6730a22c5aa0680033,682,hair-v3.33/measure/iou_v330.json
hair-v3.35/sim/results_v3.json,e5fdd726e15b2825df8767bc9b75983e,9083,hair-v3.35/sim/results_v3.json
hair-v3.36/STATUS.md,f8e80c7efa01f5b78c117a7bed428e0a,5810,hair-v3.36/STATUS.md
hair-v3.36/checks/armhead_u5.json,49683d904d8b7d5fc3bb889d88d11537,8430,hair-v3.36/checks/armhead_u5.json
hair-v3.36/measure/iou_s16re2.json,c4c989bc449031ff73fa4fcb97e2e6b0,679,hair-v3.34/measure/iou_s16.json
hair-v3.36/measure/iou_t15.json,ed6fc06d2f55b165db9d3d1971f1d573,677,hair-v3.35/measure/iou_t15.json
hair-v3.36/measure/iou_u0.json,ed6fc06d2f55b165db9d3d1971f1d573,677,hair-v3.35/measure/iou_t15.json
hair-v3.36/measure/iou_u1.json,ed6fc06d2f55b165db9d3d1971f1d573,677,hair-v3.35/measure/iou_t15.json
hair-v3.36/measure/iou_u10.json,c4aef21d5ed96f82f63f0fa3d7cec8ec,682,hair-v3.36/measure/iou_u10.json
hair-v3.36/measure/iou_u11.json,a4dd1c844c49360d7235bbac855bb05f,682,hair-v3.36/measure/iou_u11.json
hair-v3.36/measure/iou_u12.json,f17fcd5f0ae3c1542c733484d3fe00a6,680,hair-v3.36/measure/iou_u12.json
hair-v3.36/measure/iou_u2.json,f9d2d10a8924b349d7c9c38b5cc2e0c1,680,hair-v3.36/measure/iou_u2.json
hair-v3.36/measure/iou_u3.json,965cd4fb4ad1375ef9fd666db6e681a2,678,hair-v3.36/measure/iou_u3.json
hair-v3.36/measure/iou_u4.json,ccc1f98f8287ee4b0afbd1f75e4227d9,681,hair-v3.36/measure/iou_u4.json
hair-v3.36/measure/iou_u5.json,ded083ea9ee07ecf178102c5947c6e58,678,hair-v3.36/measure/iou_u5.json
hair-v3.36/measure/iou_u6.json,84d461863af7959938cd214c4e87f8f4,679,hair-v3.36/measure/iou_u6.json
hair-v3.36/measure/iou_u7.json,4a678eb07c324ea0d6768420b6e5f359,679,hair-v3.36/measure/iou_u7.json
hair-v3.36/measure/iou_u8.json,3478b015e69454fc1319973a9238ef5b,679,hair-v3.36/measure/iou_u8.json
hair-v3.36/measure/iou_u9.json,c9b231abe1f73e265d86b60a785e2c08,678,hair-v3.36/measure/iou_u9.json
hair-v3.36/sim/results_v3.json,affa43170971282c71aa0c8867e628a6,9101,hair-v3.36/sim/results_v3.json
hair-v3.37/STATUS.md,0cdc90162a01c7a3c2c24acad53535b7,4860,hair-v3.37/STATUS.md
hair-v3.37/checks/armhead_v6.json,ba929044d516f0a3df0076e263967a39,8513,hair-v3.37/checks/armhead_v6.json
hair-v3.37/measure/iou_u5.json,ded083ea9ee07ecf178102c5947c6e58,678,hair-v3.36/measure/iou_u5.json
hair-v3.37/measure/iou_v0.json,ded083ea9ee07ecf178102c5947c6e58,678,hair-v3.36/measure/iou_u5.json
hair-v3.37/measure/iou_v1.json,19544d2398d06f5c6cb0ff8b0c5df32e,679,hair-v3.37/measure/iou_v1.json
hair-v3.37/measure/iou_v2.json,3ce4b1fc6f851f3efc092384cac85e2f,679,hair-v3.37/measure/iou_v2.json
hair-v3.37/measure/iou_v3.json,cb7336953a613bfd2c33ff76c71a6dba,678,hair-v3.37/measure/iou_v3.json
hair-v3.37/measure/iou_v4.json,f47380b06b1112cf7a4322a62748516e,675,hair-v3.37/measure/iou_v4.json
hair-v3.37/measure/iou_v5.json,38b4d5b58b1fb92a965a0e74c1dbcda8,679,hair-v3.37/measure/iou_v5.json
hair-v3.37/measure/iou_v6.json,a7e9376c20907d773734307ead5f1078,679,hair-v3.37/measure/iou_v6.json
hair-v3.37/sim/results_v3.json,234bdedf04998c169649023e9e06bdaa,9092,hair-v3.37/sim/results_v3.json
hair-v3.38/STATUS.md,81ed8017ea1ad7a7b891779f89faaed0,5657,hair-v3.38/STATUS.md
hair-v3.38/checks/armhead_v6.json,ba929044d516f0a3df0076e263967a39,8513,hair-v3.37/checks/armhead_v6.json
hair-v3.38/checks/armhead_w4.json,c71409b07d61698df982f763eb809fe5,8513,hair-v3.38/checks/armhead_w4.json
hair-v3.38/checks/armhead_w9.json,c579970d1d50b9fb0e0faa91df341340,8879,hair-v3.38/checks/armhead_w9.json
hair-v3.38/measure/iou_u5.json,ded083ea9ee07ecf178102c5947c6e58,678,hair-v3.36/measure/iou_u5.json
hair-v3.38/measure/iou_v0.json,a7e9376c20907d773734307ead5f1078,679,hair-v3.37/measure/iou_v6.json
hair-v3.38/measure/iou_v6.json,a7e9376c20907d773734307ead5f1078,679,hair-v3.37/measure/iou_v6.json
hair-v3.38/measure/iou_w1.json,cae9b22cce8c43997f6c543f9cb684a4,679,hair-v3.38/measure/iou_w1.json
hair-v3.38/measure/iou_w2.json,98e9590d2526b70bfe92abaafdd3bbf6,680,hair-v3.38/measure/iou_w2.json
hair-v3.38/measure/iou_w3.json,eca7ee193cbbc50aa3573e69fc524ead,679,hair-v3.38/measure/iou_w3.json
hair-v3.38/measure/iou_w4.json,901fa5a68c120cf5df863fe3e25d17ce,676,hair-v3.38/measure/iou_w4.json
hair-v3.38/measure/iou_w5.json,548cb7762d5a3189eb8ba1fb469c3ef6,679,hair-v3.38/measure/iou_w5.json
hair-v3.38/measure/iou_w6.json,442dda117ee947f0e0e62246506d3d78,679,hair-v3.38/measure/iou_w6.json
hair-v3.38/measure/iou_w7.json,b14b43f073391aa0d6bb4184201e68a9,679,hair-v3.38/measure/iou_w7.json
hair-v3.38/measure/iou_w8.json,ee61756737939426096df8540f221024,679,hair-v3.38/measure/iou_w8.json
hair-v3.38/measure/iou_w9.json,b05d81a331e81856fe7349297c2560b3,679,hair-v3.38/measure/iou_w9.json
hair-v3.38/sim/results_v3.json,82109b43369ba53da27837b84a4a8b34,9055,hair-v3.38/sim/results_v3.json
hair-v3.39/STATUS.md,62716930d5772ad178190dc960e4171c,6190,hair-v3.39/STATUS.md
hair-v3.39/checks/armhead_v6.json,ba929044d516f0a3df0076e263967a39,8513,hair-v3.37/checks/armhead_v6.json
hair-v3.39/checks/armhead_w4.json,c71409b07d61698df982f763eb809fe5,8513,hair-v3.38/checks/armhead_w4.json
hair-v3.39/checks/armhead_w9.json,c579970d1d50b9fb0e0faa91df341340,8879,hair-v3.38/checks/armhead_w9.json
hair-v3.39/checks/armhead_x5.json,4710c0cbff70b61e86387147efd77d47,8895,hair-v3.39/checks/armhead_x5.json
hair-v3.39/measure/iou_w9.json,b05d81a331e81856fe7349297c2560b3,679,hair-v3.38/measure/iou_w9.json
hair-v3.39/measure/iou_x0.json,b05d81a331e81856fe7349297c2560b3,679,hair-v3.38/measure/iou_w9.json
hair-v3.39/measure/iou_x1.json,a0d472ce313388d46554179992668774,679,hair-v3.39/measure/iou_x1.json
hair-v3.39/measure/iou_x2.json,85e1044e08eca9cfa6a2b3816e5b6057,677,hair-v3.39/measure/iou_x2.json
hair-v3.39/measure/iou_x3.json,825b216b2748a8526501612a04721366,677,hair-v3.39/measure/iou_x3.json
hair-v3.39/measure/iou_x4.json,0a10af35940c051a867ea51bfc535405,677,hair-v3.39/measure/iou_x4.json
hair-v3.39/measure/iou_x5.json,6223cae482037a02d27c482b9a967c53,680,hair-v3.39/measure/iou_x5.json
hair-v3.39/measure/iou_x6.json,fdb167e4a8fcc591b6106ad29bbe5a7f,679,hair-v3.39/measure/iou_x6.json
hair-v3.39/sim/results_v3.json,68679b818295582f19d98cd631b7f72b,9083,hair-v3.39/sim/results_v3.json
hair-v3.40/STATUS.md,f44c96fc057c22c99ba736601a6affb1,4602,hair-v3.40/STATUS.md
hair-v3.40/checks/armhead_v6.json,ba929044d516f0a3df0076e263967a39,8513,hair-v3.37/checks/armhead_v6.json
hair-v3.40/checks/armhead_w4.json,c71409b07d61698df982f763eb809fe5,8513,hair-v3.38/checks/armhead_w4.json
hair-v3.40/checks/armhead_w9.json,c579970d1d50b9fb0e0faa91df341340,8879,hair-v3.38/checks/armhead_w9.json
hair-v3.40/checks/armhead_x5.json,4710c0cbff70b61e86387147efd77d47,8895,hair-v3.39/checks/armhead_x5.json
hair-v3.40/checks/armhead_y2.json,713bc4528ddbf3a3663145c21b663278,8764,hair-v3.40/checks/armhead_y2.json
hair-v3.40/measure/iou_x5.json,6223cae482037a02d27c482b9a967c53,680,hair-v3.39/measure/iou_x5.json
hair-v3.40/measure/iou_y0.json,6223cae482037a02d27c482b9a967c53,680,hair-v3.39/measure/iou_x5.json
hair-v3.40/measure/iou_y1.json,f797dc3208078d2ed4ea032d05b169d8,680,hair-v3.40/measure/iou_y1.json
hair-v3.40/measure/iou_y2.json,726703ef4061646c945225d639036964,680,hair-v3.40/measure/iou_y2.json
hair-v3.40/measure/iou_y3.json,8537c8bd0b9fc60bce605b6796de82a6,679,hair-v3.40/measure/iou_y3.json
hair-v3.40/measure/iou_y4.json,f41fa2809c4ae5b3d7c31d995e3ceb6b,680,hair-v3.40/measure/iou_y4.json
hair-v3.40/sim/results_v3.json,a8d0e4ce309dc4e17dfbad7100f725d1,9059,hair-v3.40/sim/results_v3.json
hair-v3.41/STATUS.md,e0e2de211239b1e335c6e57bf621113e,5615,hair-v3.41/STATUS.md
hair-v3.41/checks/armhead_v6.json,ba929044d516f0a3df0076e263967a39,8513,hair-v3.37/checks/armhead_v6.json
hair-v3.41/checks/armhead_w4.json,c71409b07d61698df982f763eb809fe5,8513,hair-v3.38/checks/armhead_w4.json
hair-v3.41/checks/armhead_w9.json,c579970d1d50b9fb0e0faa91df341340,8879,hair-v3.38/checks/armhead_w9.json
hair-v3.41/checks/armhead_x5.json,4710c0cbff70b61e86387147efd77d47,8895,hair-v3.39/checks/armhead_x5.json
hair-v3.41/checks/armhead_y2.json,713bc4528ddbf3a3663145c21b663278,8764,hair-v3.40/checks/armhead_y2.json
hair-v3.41/measure/iou_t1.json,c91361ba7639a5455ce7170badc7f525,680,hair-v3.41/measure/iou_t1.json
hair-v3.41/measure/iou_t2.json,cc04001f7603fdf0ced15c9ce9247f96,679,hair-v3.41/measure/iou_t2.json
hair-v3.41/measure/iou_t3.json,58c357e361b5f09430c7814115c56df2,680,hair-v3.41/measure/iou_t3.json
hair-v3.41/measure/iou_y2.json,726703ef4061646c945225d639036964,680,hair-v3.40/measure/iou_y2.json
hair-v3.41/measure/iou_z0.json,726703ef4061646c945225d639036964,680,hair-v3.40/measure/iou_y2.json
hair-v3.41/measure/iou_z1.json,1c5d27554b25a14965ad75ffa928e847,679,hair-v3.41/measure/iou_z1.json
hair-v3.41/measure/iou_z2.json,362b973b5abe4ea0e2814aa0c8f9b97b,679,hair-v3.41/measure/iou_z2.json
hair-v3.41/measure/iou_z3.json,5779e4dde35f75f64fca4be563567815,679,hair-v3.41/measure/iou_z3.json
hair-v3.41/measure/iou_z4.json,4e693237cdd14f30e0c7abbd984ea023,680,hair-v3.41/measure/iou_z4.json
hair-v3.41/measure/iou_z5.json,87fc2f41ffd8cea4d1a3c0cb86bd05e2,679,hair-v3.41/measure/iou_z5.json
hair-v3.41/measure/iou_z6.json,fffa551b8d893eaf555fc564e3caeeca,679,hair-v3.41/measure/iou_z6.json
head-v2/README.md,2c9688b56c7355f6721359029824c288,8987,head-v2/README.md
head-v2/build_report.json,3af7c4983a594590e338fc944bce7bc6,6221,head-v2/build_report.json
head-v2/check_report.json,4c2f69a8503eae3825eac87e5db9747d,27390,head-v2/check_report.json
head-v2/fit/README_prev.md,be8ad641adc27c8daa7a9b4be1ac3e4b,6091,head-v2/fit/README_prev.md
head-v2/fit/assembly_path.json,95f0f28e6e304448ca717da531a1d093,3842,head-v2/fit/assembly_path.json
head-v2/fit/cable_gap.json,0c909286ad9caf26e4fe4921cea5b75e,723,head-v2/fit/cable_gap.json
head-v2/fit/motion_fit_report.json,bb4ca93527753cf027fcf0f099fcc111,889761,head-v2/fit/motion_fit_report.json
head-v2/fit/motion_fit_softlim.json,8ff167ad070c14cfb23aea140a32d274,2439405,head-v2/fit/motion_fit_softlim.json
head-v2/fit/proportions_model.json,1085350de23436d0f38e96f813e26d97,319,head-v2/fit/proportions_model.json
head-v2/fit/toolpaths.json,64546c8a82a1814f6935005e9b87f863,2265,head-v2/fit/toolpaths.json
head-v2/fit/torque_report.json,1f0663fcff914c804052a6f6d6f1fcc7,1762,head-v2/fit/torque_report.json
head-v2/stl_prev/build_report_prev.json,a2aaac474fa2234054d0f3b79dbfc205,4650,head-v2/stl_prev/build_report_prev.json
head-v2/variant-b/README.md,19b6bb692c7a37659e2f107adffb1589,6109,head-v2/variant-b/README.md
head-v2/variant-b/build_report.json,6b823a92776c078682d0301fb7395144,4881,head-v2/variant-b/build_report.json
head-v2/variant-b/check_report.json,a595cd5a1b658f62e45c80434a21967a,27370,head-v2/variant-b/check_report.json
head-v3-digital-eyes/README.md,2e2eeb81608162557ece254bee808838,16772,head-v3-digital-eyes/README.md
head-v3-digital-eyes/build_report.json,2beb463157576025e8d2d2fc41db92d5,5980,head-v3-digital-eyes/build_report.json
head-v3-digital-eyes/check_report.json,1afaba3b5b696f7222f774e1e79e9506,3350,head-v3-digital-eyes/check_report.json
head-v3-digital-eyes/torque_report.json,e6d1bee5284a3586933b7c49e3a0ce57,1216,head-v3-digital-eyes/torque_report.json
head-v3-digital-eyes/firmware/compile_log.txt,8eaeac377be70dc89c824206003be5a0,380,head-v3-digital-eyes/firmware/compile_log.txt
tmp_eye_c_head_agent/arm_revC.log,27f9dd4331d705944022965455c18b2d,569,tmp_eye_c_head_agent/arm_revC.log
tmp_eye_c_head_agent/hbc_revC.log,b195ab21bb78cc4352c9a34f19ddbdb2,1773,tmp_eye_c_head_agent/hbc_revC.log
tmp_eye_c_head_agent/hbc_v329body.log,98dec375a436f3087e2829f640c05a9f,1621,tmp_eye_c_head_agent/hbc_v329body.log
tmp_eye_c_head_agent/hbx_revC.log,d26d3c9650cc6c7c282e22ca792db06c,43,tmp_eye_c_head_agent/hbx_revC.log
tmp_eye_c_head_agent/hbx_v329body.log,e71e6954e623ad3f2a4ffc0782288468,49,tmp_eye_c_head_agent/hbx_v329body.log
tmp_eye_c_head_agent/hr_revC.log,ed6fb309b3c54f8e166bc6a76e3db7dc,436,tmp_eye_c_head_agent/hr_revC.log
